{"type":"FeatureCollection","features":[{"type":"Feature","id":"salud_020801.8996","geometry":{"type":"Point","coordinates":[-59.65037785,-24.44385991]},"geometry_name":"geom","properties":{"gid":8996,"entidad":0,"fna":"Hospital Provincial Posta San Martín Nº 2","gna":"Hospital Provincial","nam":"Posta San Martín Nº 2","fdc":"IGN/SISA","sag":"IGN"},"bbox":[-59.65037785,-24.44385991,-59.65037785,-24.44385991]},{"type":"Feature","id":"salud_020801.8997","geometry":{"type":"Point","coordinates":[-59.48914502,-24.75359714]},"geometry_name":"geom","properties":{"gid":8997,"entidad":0,"fna":"Hospital Provincial Villa General Güemes","gna":"Hospital Provincial","nam":"Villa General Güemes","fdc":"IGN/SISA","sag":"IGN"},"bbox":[-59.48914502,-24.75359714,-59.48914502,-24.75359714]},{"type":"Feature","id":"salud_020801.8998","geometry":{"type":"Point","coordinates":[-59.831637,-24.2882541]},"geometry_name":"geom","properties":{"gid":8998,"entidad":0,"fna":"Hospital Provincial Fortín Cabo 1º Lugones","gna":"Hospital Provincial","nam":"Fortín Cabo 1º Lugones","fdc":"IGN/SISA","sag":"IGN"},"bbox":[-59.831637,-24.2882541,-59.831637,-24.2882541]},{"type":"Feature","id":"salud_020801.8999","geometry":{"type":"Point","coordinates":[-60.59489315,-24.70277369]},"geometry_name":"geom","properties":{"gid":8999,"entidad":0,"fna":"Hospital Provincial Las Lomitas","gna":"Hospital Provincial","nam":"Las Lomitas","fdc":"IGN/SISA","sag":"IGN"},"bbox":[-60.59489315,-24.70277369,-60.59489315,-24.70277369]},{"type":"Feature","id":"salud_020801.9000","geometry":{"type":"Point","coordinates":[-60.32213075,-24.90266148]},"geometry_name":"geom","properties":{"gid":9000,"entidad":0,"fna":"Hospital Provincial Pozo del Tigre","gna":"Hospital Provincial","nam":"Pozo del Tigre","fdc":"IGN/OSM/SISA","sag":"IGN"},"bbox":[-60.32213075,-24.90266148,-60.32213075,-24.90266148]},{"type":"Feature","id":"salud_020801.9001","geometry":{"type":"Point","coordinates":[-58.55565344,-24.97955029]},"geometry_name":"geom","properties":{"gid":9001,"entidad":0,"fna":"Hospital Provincial El Espinillo","gna":"Hospital Provincial","nam":"El Espinillo","fdc":"IGN/SISA","sag":"IGN"},"bbox":[-58.55565344,-24.97955029,-58.55565344,-24.97955029]},{"type":"Feature","id":"salud_020801.9002","geometry":{"type":"Point","coordinates":[-58.50993908,-25.2170594]},"geometry_name":"geom","properties":{"gid":9002,"entidad":0,"fna":"Hospital Provincial Tres Lagunas","gna":"Hospital Provincial","nam":"Tres Lagunas","fdc":"IGN/SISA","sag":"IGN"},"bbox":[-58.50993908,-25.2170594,-58.50993908,-25.2170594]},{"type":"Feature","id":"salud_020801.9003","geometry":{"type":"Point","coordinates":[-59.10117018,-25.73177533]},"geometry_name":"geom","properties":{"gid":9003,"entidad":0,"fna":"Hospital Distrital Pirané","gna":"Hospital Distrital","nam":"Pirané","fdc":"IGN/OSM/SISA","sag":"IGN"},"bbox":[-59.10117018,-25.73177533,-59.10117018,-25.73177533]},{"type":"Feature","id":"salud_020801.9004","geometry":{"type":"Point","coordinates":[-58.26529187,-25.68322141]},"geometry_name":"geom","properties":{"gid":9004,"entidad":0,"fna":"Hospital Provincial Colonia Pastoril","gna":"Hospital Provincial","nam":"Colonia Pastoril","fdc":"IGN/SISA","sag":"IGN"},"bbox":[-58.26529187,-25.68322141,-58.26529187,-25.68322141]},{"type":"Feature","id":"salud_020801.9005","geometry":{"type":"Point","coordinates":[-58.6297896,-26.23900686]},"geometry_name":"geom","properties":{"gid":9005,"entidad":0,"fna":"Hospital Provincial San Francisco de Laishi","gna":"Hospital Provincial","nam":"San Francisco de Laishi","fdc":"IGN/OSM/SISA","sag":"IGN"},"bbox":[-58.6297896,-26.23900686,-58.6297896,-26.23900686]},{"type":"Feature","id":"salud_020801.9014","geometry":{"type":"Point","coordinates":[-60.43533567,-26.34512151]},"geometry_name":"geom","properties":{"gid":9014,"entidad":0,"fna":"Hospital Doctor Jorge Oscar Vázquez","gna":"Hospital","nam":"Doctor Jorge Oscar Vázquez","fdc":"IGN/SISA","sag":"IGN"},"bbox":[-60.43533567,-26.34512151,-60.43533567,-26.34512151]},{"type":"Feature","id":"salud_020801.9015","geometry":{"type":"Point","coordinates":[-60.91035711,-27.68300509]},"geometry_name":"geom","properties":{"gid":9015,"entidad":0,"fna":"Hospital Coronel Du Graty","gna":"Hospital","nam":"Coronel Du Graty","fdc":"IGN/SISA","sag":"IGN"},"bbox":[-60.91035711,-27.68300509,-60.91035711,-27.68300509]},{"type":"Feature","id":"salud_020801.9016","geometry":{"type":"Point","coordinates":[-60.70933535,-27.28561853]},"geometry_name":"geom","properties":{"gid":9016,"entidad":0,"fna":"Hospital Doctor José Ingenieros","gna":"Hospital","nam":"Doctor José Ingenieros","fdc":"IGN/OSM/SISA","sag":"IGN"},"bbox":[-60.70933535,-27.28561853,-60.70933535,-27.28561853]},{"type":"Feature","id":"salud_020801.9017","geometry":{"type":"Point","coordinates":[-59.27662551,-27.88543178]},"geometry_name":"geom","properties":{"gid":9017,"entidad":0,"fna":"Hospital Basail","gna":"Hospital","nam":"Basail","fdc":"IGN/SISA","sag":"IGN"},"bbox":[-59.27662551,-27.88543178,-59.27662551,-27.88543178]},{"type":"Feature","id":"salud_020801.9018","geometry":{"type":"Point","coordinates":[-59.3066349,-27.55851536]},"geometry_name":"geom","properties":{"gid":9018,"entidad":0,"fna":"Hospital Geriátrico Colonia Baranda","gna":"Hospital Geriátrico","nam":"Colonia Baranda","fdc":"IGN/SISA","sag":"IGN"},"bbox":[-59.3066349,-27.55851536,-59.3066349,-27.55851536]},{"type":"Feature","id":"salud_020801.9019","geometry":{"type":"Point","coordinates":[-59.62727,-26.70135]},"geometry_name":"geom","properties":{"gid":9019,"entidad":0,"fna":"Hospital Carlos Alberto Piedra","gna":"Hospital","nam":"Carlos Alberto Piedra","fdc":"IGN/SISA","sag":"IGN"},"bbox":[-59.62727,-26.70135,-59.62727,-26.70135]},{"type":"Feature","id":"salud_020801.9020","geometry":{"type":"Point","coordinates":[-59.5213557,-26.92649832]},"geometry_name":"geom","properties":{"gid":9020,"entidad":0,"fna":"Hospital Sargento Cabral","gna":"Hospital","nam":"Sargento Cabral","fdc":"IGN/OSM/SISA","sag":"IGN"},"bbox":[-59.5213557,-26.92649832,-59.5213557,-26.92649832]},{"type":"Feature","id":"salud_020801.9021","geometry":{"type":"Point","coordinates":[-58.70424569,-27.04115508]},"geometry_name":"geom","properties":{"gid":9021,"entidad":0,"fna":"Hospital Doctor Alejandro Fleming","gna":"Hospital","nam":"Doctor Alejandro Fleming","fdc":"IGN/SISA","sag":"IGN"},"bbox":[-58.70424569,-27.04115508,-58.70424569,-27.04115508]},{"type":"Feature","id":"salud_020801.9022","geometry":{"type":"Point","coordinates":[-58.54468009,-26.90478808]},"geometry_name":"geom","properties":{"gid":9022,"entidad":0,"fna":"Hospital Doctor Ernesto Merlo","gna":"Hospital","nam":"Doctor Ernesto Merlo","fdc":"IGN/SISA","sag":"IGN"},"bbox":[-58.54468009,-26.90478808,-58.54468009,-26.90478808]},{"type":"Feature","id":"salud_020801.9023","geometry":{"type":"Point","coordinates":[-60.92536021,-25.64948726]},"geometry_name":"geom","properties":{"gid":9023,"entidad":0,"fna":"Hospital Miraflores","gna":"Hospital","nam":"Miraflores","fdc":"IGN/SISA","sag":"IGN"},"bbox":[-60.92536021,-25.64948726,-60.92536021,-25.64948726]},{"type":"Feature","id":"salud_020801.9024","geometry":{"type":"Point","coordinates":[-59.94823832,-26.05363979]},"geometry_name":"geom","properties":{"gid":9024,"entidad":0,"fna":"Hospital Dante Tardelli","gna":"Hospital","nam":"Dante Tardelli","fdc":"IGN/SISA","sag":"IGN"},"bbox":[-59.94823832,-26.05363979,-59.94823832,-26.05363979]},{"type":"Feature","id":"salud_020801.9025","geometry":{"type":"Point","coordinates":[-59.32979564,-26.53612553]},"geometry_name":"geom","properties":{"gid":9025,"entidad":0,"fna":"Hospital Félix Anselmo Pertile","gna":"Hospital","nam":"Félix Anselmo Pertile","fdc":"IGN/SISA","sag":"IGN"},"bbox":[-59.32979564,-26.53612553,-59.32979564,-26.53612553]},{"type":"Feature","id":"salud_020801.9026","geometry":{"type":"Point","coordinates":[-61.08305861,-27.08135523]},"geometry_name":"geom","properties":{"gid":9026,"entidad":0,"fna":"Hospital 9 de Julio","gna":"Hospital","nam":"9 de Julio","fdc":"IGN/OSM/SISA","sag":"IGN"},"bbox":[-61.08305861,-27.08135523,-61.08305861,-27.08135523]},{"type":"Feature","id":"salud_020801.9027","geometry":{"type":"Point","coordinates":[-61.41341364,-26.40337083]},"geometry_name":"geom","properties":{"gid":9027,"entidad":0,"fna":"Hospital Los Frentones","gna":"Hospital","nam":"Los Frentones","fdc":"IGN/SISA","sag":"IGN"},"bbox":[-61.41341364,-26.40337083,-61.41341364,-26.40337083]},{"type":"Feature","id":"salud_020801.9158","geometry":{"type":"Point","coordinates":[-58.2032062,-26.18761421]},"geometry_name":"geom","properties":{"gid":9158,"entidad":0,"fna":"Centro de Salud 7 de Noviembre","gna":"Centro de Salud","nam":"7 de Noviembre","fdc":"IGN/SISA","sag":"IGN"},"bbox":[-58.2032062,-26.18761421,-58.2032062,-26.18761421]},{"type":"Feature","id":"salud_020801.9159","geometry":{"type":"Point","coordinates":[-61.85486386,-23.89129192]},"geometry_name":"geom","properties":{"gid":9159,"entidad":0,"fna":"Centro de Salud Barrio Esperanza","gna":"Centro de Salud","nam":"Barrio Esperanza","fdc":"IGN/SISA","sag":"IGN"},"bbox":[-61.85486386,-23.89129192,-61.85486386,-23.89129192]},{"type":"Feature","id":"salud_020801.9160","geometry":{"type":"Point","coordinates":[-59.56998974,-25.40762958]},"geometry_name":"geom","properties":{"gid":9160,"entidad":0,"fna":"Hospital Provincial Humberto Da Pratto","gna":"Hospital Provincial","nam":"Humberto Da Pratto","fdc":"IGN/OSM/SISA","sag":"IGN"},"bbox":[-59.56998974,-25.40762958,-59.56998974,-25.40762958]},{"type":"Feature","id":"salud_020801.9161","geometry":{"type":"Point","coordinates":[-59.36417499,-26.31397831]},"geometry_name":"geom","properties":{"gid":9161,"entidad":0,"fna":"Centro de Salud Barrio 108","gna":"Centro de Salud","nam":"Barrio 108","fdc":"IGN/SISA","sag":"IGN"},"bbox":[-59.36417499,-26.31397831,-59.36417499,-26.31397831]},{"type":"Feature","id":"salud_020801.9162","geometry":{"type":"Point","coordinates":[-59.96862652,-24.28800043]},"geometry_name":"geom","properties":{"gid":9162,"entidad":0,"fna":"Centro de Salud Kilómetro 15","gna":"Centro de Salud","nam":"Kilómetro 15","fdc":"IGN/SISA","sag":"IGN"},"bbox":[-59.96862652,-24.28800043,-59.96862652,-24.28800043]},{"type":"Feature","id":"salud_020801.9163","geometry":{"type":"Point","coordinates":[-59.81065792,-24.36727264]},"geometry_name":"geom","properties":{"gid":9163,"entidad":0,"fna":"Centro de Salud El Ceibal","gna":"Centro de Salud","nam":"El Ceibal","fdc":"IGN/SISA","sag":"IGN"},"bbox":[-59.81065792,-24.36727264,-59.81065792,-24.36727264]},{"type":"Feature","id":"salud_020801.9164","geometry":{"type":"Point","coordinates":[-59.85752345,-25.22074432]},"geometry_name":"geom","properties":{"gid":9164,"entidad":0,"fna":"Centro de Salud Barrio Obrero","gna":"Centro de Salud","nam":"Barrio Obrero","fdc":"IGN/SISA","sag":"IGN"},"bbox":[-59.85752345,-25.22074432,-59.85752345,-25.22074432]},{"type":"Feature","id":"salud_020801.9165","geometry":{"type":"Point","coordinates":[-59.85098692,-25.19156113]},"geometry_name":"geom","properties":{"gid":9165,"entidad":0,"fna":"Centro de Salud Colonia Ensanche","gna":"Centro de Salud","nam":"Colonia Ensanche","fdc":"IGN/SISA","sag":"IGN"},"bbox":[-59.85098692,-25.19156113,-59.85098692,-25.19156113]},{"type":"Feature","id":"salud_020801.9166","geometry":{"type":"Point","coordinates":[-60.40137814,-24.47636612]},"geometry_name":"geom","properties":{"gid":9166,"entidad":0,"fna":"Centro de Salud Campo del Cielo","gna":"Centro de Salud","nam":"Campo del Cielo","fdc":"IGN/SISA","sag":"IGN"},"bbox":[-60.40137814,-24.47636612,-60.40137814,-24.47636612]},{"type":"Feature","id":"salud_020801.9167","geometry":{"type":"Point","coordinates":[-60.54610228,-24.73062706]},"geometry_name":"geom","properties":{"gid":9167,"entidad":0,"fna":"Centro de Salud Colonia Francisco Javier Muñiz","gna":"Centro de Salud","nam":"Colonia Francisco Javier Muñiz","fdc":"IGN/SISA","sag":"IGN"},"bbox":[-60.54610228,-24.73062706,-60.54610228,-24.73062706]},{"type":"Feature","id":"salud_020801.9168","geometry":{"type":"Point","coordinates":[-60.6958742,-24.21396481]},"geometry_name":"geom","properties":{"gid":9168,"entidad":0,"fna":"Centro de Salud El Coleto","gna":"Centro de Salud","nam":"El Coleto","fdc":"IGN/SISA","sag":"IGN"},"bbox":[-60.6958742,-24.21396481,-60.6958742,-24.21396481]},{"type":"Feature","id":"salud_020801.9169","geometry":{"type":"Point","coordinates":[-60.69246013,-24.24286047]},"geometry_name":"geom","properties":{"gid":9169,"entidad":0,"fna":"Centro de Salud La Línea","gna":"Centro de Salud","nam":"La Línea","fdc":"IGN/SISA","sag":"IGN"},"bbox":[-60.69246013,-24.24286047,-60.69246013,-24.24286047]},{"type":"Feature","id":"salud_020801.9170","geometry":{"type":"Point","coordinates":[-60.57867843,-24.71562362]},"geometry_name":"geom","properties":{"gid":9170,"entidad":0,"fna":"Centro de Salud La Pantalla","gna":"Centro de Salud","nam":"La Pantalla","fdc":"IGN/SISA","sag":"IGN"},"bbox":[-60.57867843,-24.71562362,-60.57867843,-24.71562362]},{"type":"Feature","id":"salud_020801.9171","geometry":{"type":"Point","coordinates":[-60.51172791,-24.61147954]},"geometry_name":"geom","properties":{"gid":9171,"entidad":0,"fna":"Centro de Salud Laktasanya","gna":"Centro de Salud","nam":"Laktasanya","fdc":"IGN/SISA","sag":"IGN"},"bbox":[-60.51172791,-24.61147954,-60.51172791,-24.61147954]},{"type":"Feature","id":"salud_020801.9172","geometry":{"type":"Point","coordinates":[-60.54041932,-24.3074576]},"geometry_name":"geom","properties":{"gid":9172,"entidad":0,"fna":"Centro de Salud Punta del Agua","gna":"Centro de Salud","nam":"Punta del Agua","fdc":"IGN/SISA","sag":"IGN"},"bbox":[-60.54041932,-24.3074576,-60.54041932,-24.3074576]},{"type":"Feature","id":"salud_020801.9173","geometry":{"type":"Point","coordinates":[-60.45677633,-24.80462439]},"geometry_name":"geom","properties":{"gid":9173,"entidad":0,"fna":"Centro de Salud Teniente Brown","gna":"Centro de Salud","nam":"Teniente Brown","fdc":"IGN/SISA","sag":"IGN"},"bbox":[-60.45677633,-24.80462439,-60.45677633,-24.80462439]},{"type":"Feature","id":"salud_020801.9174","geometry":{"type":"Point","coordinates":[-60.87861275,-23.87058643]},"geometry_name":"geom","properties":{"gid":9174,"entidad":0,"fna":"Centro de Salud Fortín Pilcomayo","gna":"Centro de Salud","nam":"Fortín Pilcomayo","fdc":"IGN/SISA","sag":"IGN"},"bbox":[-60.87861275,-23.87058643,-60.87861275,-23.87058643]},{"type":"Feature","id":"salud_020801.9175","geometry":{"type":"Point","coordinates":[-61.02197937,-23.7578324]},"geometry_name":"geom","properties":{"gid":9175,"entidad":0,"fna":"Centro de Salud Media Luna","gna":"Centro de Salud","nam":"Media Luna","fdc":"IGN/SISA","sag":"IGN"},"bbox":[-61.02197937,-23.7578324,-61.02197937,-23.7578324]},{"type":"Feature","id":"salud_020801.9176","geometry":{"type":"Point","coordinates":[-60.2350662,-24.34217284]},"geometry_name":"geom","properties":{"gid":9176,"entidad":0,"fna":"Centro de Salud Pozo Hondo","gna":"Centro de Salud","nam":"Pozo Hondo","fdc":"IGN/SISA","sag":"IGN"},"bbox":[-60.2350662,-24.34217284,-60.2350662,-24.34217284]},{"type":"Feature","id":"salud_020801.9177","geometry":{"type":"Point","coordinates":[-60.05210823,-24.21814359]},"geometry_name":"geom","properties":{"gid":9177,"entidad":0,"fna":"Centro de Salud Santa Rosa","gna":"Centro de Salud","nam":"Santa Rosa","fdc":"IGN/SISA","sag":"IGN"},"bbox":[-60.05210823,-24.21814359,-60.05210823,-24.21814359]},{"type":"Feature","id":"salud_020801.9178","geometry":{"type":"Point","coordinates":[-60.31156383,-24.88538748]},"geometry_name":"geom","properties":{"gid":9178,"entidad":0,"fna":"Centro de Salud Barrio Qompi","gna":"Centro de Salud","nam":"Barrio Qompi","fdc":"IGN/SISA","sag":"IGN"},"bbox":[-60.31156383,-24.88538748,-60.31156383,-24.88538748]},{"type":"Feature","id":"salud_020801.9179","geometry":{"type":"Point","coordinates":[-60.12820772,-24.81024986]},"geometry_name":"geom","properties":{"gid":9179,"entidad":0,"fna":"Centro de Salud La Invernada","gna":"Centro de Salud","nam":"La Invernada","fdc":"IGN/SISA","sag":"IGN"},"bbox":[-60.12820772,-24.81024986,-60.12820772,-24.81024986]},{"type":"Feature","id":"salud_020801.9180","geometry":{"type":"Point","coordinates":[-59.65048308,-24.44107207]},"geometry_name":"geom","properties":{"gid":9180,"entidad":0,"fna":"Centro de Salud Osvaldo Quiroga","gna":"Centro de Salud","nam":"Osvaldo Quiroga","fdc":"IGN/SISA","sag":"IGN"},"bbox":[-59.65048308,-24.44107207,-59.65048308,-24.44107207]},{"type":"Feature","id":"salud_020801.9181","geometry":{"type":"Point","coordinates":[-58.8489472,-26.4708726]},"geometry_name":"geom","properties":{"gid":9181,"entidad":0,"fna":"Centro de Salud San Isidro","gna":"Centro de Salud","nam":"San Isidro","fdc":"IGN/SISA","sag":"IGN"},"bbox":[-58.8489472,-26.4708726,-58.8489472,-26.4708726]},{"type":"Feature","id":"salud_020801.9182","geometry":{"type":"Point","coordinates":[-59.65721412,-24.57812599]},"geometry_name":"geom","properties":{"gid":9182,"entidad":0,"fna":"Centro de Salud Colonia San Pablo","gna":"Centro de Salud","nam":"Colonia San Pablo","fdc":"IGN/SISA","sag":"IGN"},"bbox":[-59.65721412,-24.57812599,-59.65721412,-24.57812599]},{"type":"Feature","id":"salud_020801.9183","geometry":{"type":"Point","coordinates":[-58.88920209,-24.98469277]},"geometry_name":"geom","properties":{"gid":9183,"entidad":0,"fna":"Centro de Salud Colonia 25 de Mayo","gna":"Centro de Salud","nam":"Colonia 25 de Mayo","fdc":"IGN/SISA","sag":"IGN"},"bbox":[-58.88920209,-24.98469277,-58.88920209,-24.98469277]},{"type":"Feature","id":"salud_020801.9184","geometry":{"type":"Point","coordinates":[-58.55530044,-25.04979303]},"geometry_name":"geom","properties":{"gid":9184,"entidad":0,"fna":"Centro de Salud Colonia Villa Real","gna":"Centro de Salud","nam":"Colonia Villa Real","fdc":"IGN/SISA","sag":"IGN"},"bbox":[-58.55530044,-25.04979303,-58.55530044,-25.04979303]},{"type":"Feature","id":"salud_020801.9185","geometry":{"type":"Point","coordinates":[-58.7430408,-24.96670246]},"geometry_name":"geom","properties":{"gid":9185,"entidad":0,"fna":"Centro de Salud Portón Negro","gna":"Centro de Salud","nam":"Portón Negro","fdc":"IGN/SISA","sag":"IGN"},"bbox":[-58.7430408,-24.96670246,-58.7430408,-24.96670246]},{"type":"Feature","id":"salud_020801.9186","geometry":{"type":"Point","coordinates":[-58.5813499,-25.11697671]},"geometry_name":"geom","properties":{"gid":9186,"entidad":0,"fna":"Centro de Salud Loma Zapatú","gna":"Centro de Salud","nam":"Loma Zapatú","fdc":"IGN/SISA","sag":"IGN"},"bbox":[-58.5813499,-25.11697671,-58.5813499,-25.11697671]},{"type":"Feature","id":"salud_020801.9187","geometry":{"type":"Point","coordinates":[-58.66462652,-25.37150598]},"geometry_name":"geom","properties":{"gid":9187,"entidad":0,"fna":"Centro de Salud El Pombero","gna":"Centro de Salud","nam":"El Pombero","fdc":"IGN/SISA","sag":"IGN"},"bbox":[-58.66462652,-25.37150598,-58.66462652,-25.37150598]},{"type":"Feature","id":"salud_020801.9188","geometry":{"type":"Point","coordinates":[-58.36474134,-25.11128511]},"geometry_name":"geom","properties":{"gid":9188,"entidad":0,"fna":"Centro de Salud José María Paz","gna":"Centro de Salud","nam":"José María Paz","fdc":"IGN/SISA","sag":"IGN"},"bbox":[-58.36474134,-25.11128511,-58.36474134,-25.11128511]},{"type":"Feature","id":"salud_020801.9189","geometry":{"type":"Point","coordinates":[-58.19574136,-25.23423839]},"geometry_name":"geom","properties":{"gid":9189,"entidad":0,"fna":"Centro de Salud Ceibo Trece","gna":"Centro de Salud","nam":"Ceibo Trece","fdc":"IGN/SISA","sag":"IGN"},"bbox":[-58.19574136,-25.23423839,-58.19574136,-25.23423839]},{"type":"Feature","id":"salud_020801.9190","geometry":{"type":"Point","coordinates":[-57.94701259,-25.17649899]},"geometry_name":"geom","properties":{"gid":9190,"entidad":0,"fna":"Centro de Salud Colonia San Juan","gna":"Centro de Salud","nam":"Colonia San Juan","fdc":"IGN/SISA","sag":"IGN"},"bbox":[-57.94701259,-25.17649899,-57.94701259,-25.17649899]},{"type":"Feature","id":"salud_020801.9191","geometry":{"type":"Point","coordinates":[-57.72204859,-25.31014989]},"geometry_name":"geom","properties":{"gid":9191,"entidad":0,"fna":"Centro de Salud Barrio Toba","gna":"Centro de Salud","nam":"Barrio Toba","fdc":"IGN/SISA","sag":"IGN"},"bbox":[-57.72204859,-25.31014989,-57.72204859,-25.31014989]},{"type":"Feature","id":"salud_020801.9192","geometry":{"type":"Point","coordinates":[-57.61520753,-25.41256098]},"geometry_name":"geom","properties":{"gid":9192,"entidad":0,"fna":"Centro de Salud Isla Apando","gna":"Centro de Salud","nam":"Isla Apando","fdc":"IGN/SISA","sag":"IGN"},"bbox":[-57.61520753,-25.41256098,-57.61520753,-25.41256098]},{"type":"Feature","id":"salud_020801.9193","geometry":{"type":"Point","coordinates":[-58.93506017,-26.16946962]},"geometry_name":"geom","properties":{"gid":9193,"entidad":0,"fna":"Centro de Salud Colonia El Gato","gna":"Centro de Salud","nam":"Colonia El Gato","fdc":"IGN/SISA","sag":"IGN"},"bbox":[-58.93506017,-26.16946962,-58.93506017,-26.16946962]},{"type":"Feature","id":"salud_020801.9194","geometry":{"type":"Point","coordinates":[-59.16189922,-26.04070754]},"geometry_name":"geom","properties":{"gid":9194,"entidad":0,"fna":"Centro de Salud La Picadita","gna":"Centro de Salud","nam":"La Picadita","fdc":"IGN/SISA","sag":"IGN"},"bbox":[-59.16189922,-26.04070754,-59.16189922,-26.04070754]},{"type":"Feature","id":"salud_020801.9195","geometry":{"type":"Point","coordinates":[-59.37867279,-26.30680487]},"geometry_name":"geom","properties":{"gid":9195,"entidad":0,"fna":"Centro de Salud 2 de abril","gna":"Centro de Salud","nam":"2 de abril","fdc":"IGN/SISA","sag":"IGN"},"bbox":[-59.37867279,-26.30680487,-59.37867279,-26.30680487]},{"type":"Feature","id":"salud_020801.9196","geometry":{"type":"Point","coordinates":[-58.75989802,-25.47847327]},"geometry_name":"geom","properties":{"gid":9196,"entidad":0,"fna":"Sala de Primeros Auxilios Monte Lindo","gna":"Sala de Primero Auxilios","nam":"Monte Lindo","fdc":"IGN/SISA","sag":"IGN"},"bbox":[-58.75989802,-25.47847327,-58.75989802,-25.47847327]},{"type":"Feature","id":"salud_020801.9197","geometry":{"type":"Point","coordinates":[-62.20759968,-22.9723122]},"geometry_name":"geom","properties":{"gid":9197,"entidad":0,"fna":"Centro de Salud El Tabique","gna":"Centro de Salud","nam":"El Tabique","fdc":"IGN/SISA","sag":"IGN"},"bbox":[-62.20759968,-22.9723122,-62.20759968,-22.9723122]},{"type":"Feature","id":"salud_020801.9198","geometry":{"type":"Point","coordinates":[-62.33606235,-23.02769671]},"geometry_name":"geom","properties":{"gid":9198,"entidad":0,"fna":"Centro de Salud Pozo Cercado","gna":"Centro de Salud","nam":"Pozo Cercado","fdc":"IGN/SISA","sag":"IGN"},"bbox":[-62.33606235,-23.02769671,-62.33606235,-23.02769671]},{"type":"Feature","id":"salud_020801.9199","geometry":{"type":"Point","coordinates":[-61.87414569,-23.33838702]},"geometry_name":"geom","properties":{"gid":9199,"entidad":0,"fna":"Centro de Salud El Quebracho","gna":"Centro de Salud","nam":"El Quebracho","fdc":"IGN/SISA","sag":"IGN"},"bbox":[-61.87414569,-23.33838702,-61.87414569,-23.33838702]},{"type":"Feature","id":"salud_020801.9200","geometry":{"type":"Point","coordinates":[-62.05830481,-23.11245707]},"geometry_name":"geom","properties":{"gid":9200,"entidad":0,"fna":"Centro de Salud El Sol","gna":"Centro de Salud","nam":"El Sol","fdc":"IGN/SISA","sag":"IGN"},"bbox":[-62.05830481,-23.11245707,-62.05830481,-23.11245707]},{"type":"Feature","id":"salud_020801.9201","geometry":{"type":"Point","coordinates":[-61.56290813,-24.47014301]},"geometry_name":"geom","properties":{"gid":9201,"entidad":0,"fna":"Centro de Salud Laguna Yacaré","gna":"Centro de Salud","nam":"Laguna Yacaré","fdc":"IGN/SISA","sag":"IGN"},"bbox":[-61.56290813,-24.47014301,-61.56290813,-24.47014301]},{"type":"Feature","id":"salud_020801.9202","geometry":{"type":"Point","coordinates":[-61.21040008,-23.81608001]},"geometry_name":"geom","properties":{"gid":9202,"entidad":0,"fna":"Centro de Salud La Represa","gna":"Centro de Salud","nam":"La Represa","fdc":"IGN/SISA","sag":"IGN"},"bbox":[-61.21040008,-23.81608001,-61.21040008,-23.81608001]},{"type":"Feature","id":"salud_020801.9203","geometry":{"type":"Point","coordinates":[-58.04943362,-26.03288066]},"geometry_name":"geom","properties":{"gid":9203,"entidad":0,"fna":"Centro de Salud Mojón de Fierro","gna":"Centro de Salud","nam":"Mojón de Fierro","fdc":"IGN/SISA","sag":"IGN"},"bbox":[-58.04943362,-26.03288066,-58.04943362,-26.03288066]},{"type":"Feature","id":"salud_020801.9204","geometry":{"type":"Point","coordinates":[-58.15383505,-26.12790983]},"geometry_name":"geom","properties":{"gid":9204,"entidad":0,"fna":"Centro de Salud Antenor Gauna","gna":"Centro de Salud","nam":"Antenor Gauna","fdc":"IGN/SISA","sag":"IGN"},"bbox":[-58.15383505,-26.12790983,-58.15383505,-26.12790983]},{"type":"Feature","id":"salud_020801.9205","geometry":{"type":"Point","coordinates":[-58.18205048,-26.15698327]},"geometry_name":"geom","properties":{"gid":9205,"entidad":0,"fna":"Centro de Salud La Floresta","gna":"Centro de Salud","nam":"La Floresta","fdc":"IGN/SISA","sag":"IGN"},"bbox":[-58.18205048,-26.15698327,-58.18205048,-26.15698327]},{"type":"Feature","id":"salud_020801.9206","geometry":{"type":"Point","coordinates":[-58.19488379,-26.1722298]},"geometry_name":"geom","properties":{"gid":9206,"entidad":0,"fna":"Centro de Salud 2 de Abril","gna":"Centro de Salud","nam":"2 de Abril","fdc":"IGN/SISA","sag":"IGN"},"bbox":[-58.19488379,-26.1722298,-58.19488379,-26.1722298]},{"type":"Feature","id":"salud_020801.9207","geometry":{"type":"Point","coordinates":[-58.16495504,-26.16293779]},"geometry_name":"geom","properties":{"gid":9207,"entidad":0,"fna":"Centro de Salud San Agustín","gna":"Centro de Salud","nam":"San Agustín","fdc":"IGN/SISA","sag":"IGN"},"bbox":[-58.16495504,-26.16293779,-58.16495504,-26.16293779]},{"type":"Feature","id":"salud_020801.9208","geometry":{"type":"Point","coordinates":[-58.62303711,-26.65418994]},"geometry_name":"geom","properties":{"gid":9208,"entidad":0,"fna":"Centro de Salud General Lucio V. Mansilla","gna":"Centro de Salud","nam":"General Lucio V. Mansilla","fdc":"IGN/SISA","sag":"IGN"},"bbox":[-58.62303711,-26.65418994,-58.62303711,-26.65418994]},{"type":"Feature","id":"salud_020801.9209","geometry":{"type":"Point","coordinates":[-58.80292787,-26.51686991]},"geometry_name":"geom","properties":{"gid":9209,"entidad":0,"fna":"Centro de Salud Kilómetro 100","gna":"Centro de Salud","nam":"Kilómetro 100","fdc":"IGN/SISA","sag":"IGN"},"bbox":[-58.80292787,-26.51686991,-58.80292787,-26.51686991]},{"type":"Feature","id":"salud_020801.9210","geometry":{"type":"Point","coordinates":[-58.31432032,-26.48544471]},"geometry_name":"geom","properties":{"gid":9210,"entidad":0,"fna":"Centro de Salud Herradura","gna":"Centro de Salud","nam":"Herradura","fdc":"IGN/SISA","sag":"IGN"},"bbox":[-58.31432032,-26.48544471,-58.31432032,-26.48544471]},{"type":"Feature","id":"salud_020801.9211","geometry":{"type":"Point","coordinates":[-58.43798587,-26.34533119]},"geometry_name":"geom","properties":{"gid":9211,"entidad":0,"fna":"Centro de Salud El Angelito","gna":"Centro de Salud","nam":"El Angelito","fdc":"IGN/SISA","sag":"IGN"},"bbox":[-58.43798587,-26.34533119,-58.43798587,-26.34533119]},{"type":"Feature","id":"salud_020801.9212","geometry":{"type":"Point","coordinates":[-58.60772438,-26.48713376]},"geometry_name":"geom","properties":{"gid":9212,"entidad":0,"fna":"Centro de Salud Potrero de los Caballos","gna":"Centro de Salud","nam":"Potrero de los Caballos","fdc":"IGN/SISA","sag":"IGN"},"bbox":[-58.60772438,-26.48713376,-58.60772438,-26.48713376]},{"type":"Feature","id":"salud_020801.9213","geometry":{"type":"Point","coordinates":[-62.13102103,-24.14563611]},"geometry_name":"geom","properties":{"gid":9213,"entidad":0,"fna":"Centro de Salud El Churcal","gna":"Centro de Salud","nam":"El Churcal","fdc":"IGN/SISA","sag":"IGN"},"bbox":[-62.13102103,-24.14563611,-62.13102103,-24.14563611]},{"type":"Feature","id":"salud_020801.9214","geometry":{"type":"Point","coordinates":[-61.57585013,-23.49425707]},"geometry_name":"geom","properties":{"gid":9214,"entidad":0,"fna":"Centro de Salud La Rinconada","gna":"Centro de Salud","nam":"La Rinconada","fdc":"IGN/SISA","sag":"IGN"},"bbox":[-61.57585013,-23.49425707,-61.57585013,-23.49425707]},{"type":"Feature","id":"salud_020801.9215","geometry":{"type":"Point","coordinates":[-61.94024808,-24.24488981]},"geometry_name":"geom","properties":{"gid":9215,"entidad":0,"fna":"Centro de Salud El Mistolar","gna":"Centro de Salud","nam":"El Mistolar","fdc":"IGN/SISA","sag":"IGN"},"bbox":[-61.94024808,-24.24488981,-61.94024808,-24.24488981]},{"type":"Feature","id":"salud_020801.9264","geometry":{"type":"Point","coordinates":[-61.60386154,-32.7878188]},"geometry_name":"geom","properties":{"gid":9264,"entidad":0,"fna":"Servicio para la Atención Médica de la Comunidad Armstrong","gna":"Servicio para la Atención Médica de la Comunidad","nam":"Armstrong","fdc":"IGN/OSM/SISA","sag":"IGN"},"bbox":[-61.60386154,-32.7878188,-61.60386154,-32.7878188]},{"type":"Feature","id":"salud_020801.9265","geometry":{"type":"Point","coordinates":[-61.84563043,-33.40272096]},"geometry_name":"geom","properties":{"gid":9265,"entidad":0,"fna":"Servicio para la Atención Médica de la Comunidad Islas Malvinas","gna":"Servicio para la Atención Médica de la Comunidad","nam":"Islas Malvinas","fdc":"IGN/SISA","sag":"IGN"},"bbox":[-61.84563043,-33.40272096,-61.84563043,-33.40272096]},{"type":"Feature","id":"salud_020801.9266","geometry":{"type":"Point","coordinates":[-61.68670116,-33.88709203]},"geometry_name":"geom","properties":{"gid":9266,"entidad":0,"fna":"Hospital Miguel Rueda","gna":"Hospital","nam":"Miguel Rueda","fdc":"IGN/SISA","sag":"IGN"},"bbox":[-61.68670116,-33.88709203,-61.68670116,-33.88709203]},{"type":"Feature","id":"salud_020801.9267","geometry":{"type":"Point","coordinates":[-61.90192919,-32.26064361]},"geometry_name":"geom","properties":{"gid":9267,"entidad":0,"fna":"Servicio para la Atención Médica de la Comunidad María Susana","gna":"Servicio para la Atención Médica de la Comunidad","nam":"María Susana","fdc":"IGN/SISA","sag":"IGN"},"bbox":[-61.90192919,-32.26064361,-61.90192919,-32.26064361]},{"type":"Feature","id":"salud_020801.9268","geometry":{"type":"Point","coordinates":[-60.41152721,-29.05050954]},"geometry_name":"geom","properties":{"gid":9268,"entidad":0,"fna":"Servicio para la Atención Médica de la Comunidad Fortín Olmos","gna":"Servicio para la Atención Médica de la Comunidad","nam":"Fortín Olmos","fdc":"IGN/SISA","sag":"IGN"},"bbox":[-60.41152721,-29.05050954,-60.41152721,-29.05050954]},{"type":"Feature","id":"salud_020801.9269","geometry":{"type":"Point","coordinates":[-60.88799585,-32.46267855]},"geometry_name":"geom","properties":{"gid":9269,"entidad":0,"fna":"Hospital Doctor Federico Meroi","gna":"Hospital","nam":"Doctor Federico Meroi","fdc":"IGN/SISA/Street View","sag":"IGN"},"bbox":[-60.88799585,-32.46267855,-60.88799585,-32.46267855]},{"type":"Feature","id":"salud_020801.9270","geometry":{"type":"Point","coordinates":[-61.70048041,-33.10927461]},"geometry_name":"geom","properties":{"gid":9270,"entidad":0,"fna":"Hospital San Miguel","gna":"Hospital","nam":"San Miguel","fdc":"IGN/SISA/Street View","sag":"IGN"},"bbox":[-61.70048041,-33.10927461,-61.70048041,-33.10927461]},{"type":"Feature","id":"salud_020801.9271","geometry":{"type":"Point","coordinates":[-61.4946836,-33.4577185]},"geometry_name":"geom","properties":{"gid":9271,"entidad":0,"fna":"Servicio para la Atención Médica de la Comunidad Firmat","gna":"Servicio para la Atención Médica de la Comunidad","nam":"Firmat","fdc":"IGN/SISA","sag":"IGN"},"bbox":[-61.4946836,-33.4577185,-61.4946836,-33.4577185]},{"type":"Feature","id":"salud_020801.9272","geometry":{"type":"Point","coordinates":[-59.44875874,-28.2409483]},"geometry_name":"geom","properties":{"gid":9272,"entidad":0,"fna":"Servicio para la Atención Médica de la Comunidad Villa Guillermina","gna":"Servicio para la Atención Médica de la Comunidad","nam":"Villa Guillermina","fdc":"IGN/SISA","sag":"IGN"},"bbox":[-59.44875874,-28.2409483,-59.44875874,-28.2409483]},{"type":"Feature","id":"salud_020801.9273","geometry":{"type":"Point","coordinates":[-61.16629757,-32.58237136]},"geometry_name":"geom","properties":{"gid":9273,"entidad":0,"fna":"Servicio para la Atención Médica de la Comunidad Totoras","gna":"Servicio para la Atención Médica de la Comunidad","nam":"Totoras","fdc":"IGN/SISA","sag":"IGN"},"bbox":[-61.16629757,-32.58237136,-61.16629757,-32.58237136]},{"type":"Feature","id":"salud_020801.9274","geometry":{"type":"Point","coordinates":[-61.54757355,-32.96049045]},"geometry_name":"geom","properties":{"gid":9274,"entidad":0,"fna":"Servicio para la Atención Médica de la Comunidad Villa Eloísa","gna":"Servicio para la Atención Médica de la Comunidad","nam":"Villa Eloísa","fdc":"IGN/SISA","sag":"IGN"},"bbox":[-61.54757355,-32.96049045,-61.54757355,-32.96049045]},{"type":"Feature","id":"salud_020801.9275","geometry":{"type":"Point","coordinates":[-60.77781787,-31.67854886]},"geometry_name":"geom","properties":{"gid":9275,"entidad":0,"fna":"Servicio para la Atención Médica de la Comunidad Doctor Nanzer","gna":"Servicio para la Atención Médica de la Comunidad","nam":"Doctor Nanzer","fdc":"IGN/SISA","sag":"IGN"},"bbox":[-60.77781787,-31.67854886,-60.77781787,-31.67854886]},{"type":"Feature","id":"salud_020801.9276","geometry":{"type":"Point","coordinates":[-60.66483902,-32.93847174]},"geometry_name":"geom","properties":{"gid":9276,"entidad":0,"fna":"Hospital Provincial del Centenario","gna":"Hospital Provincial","nam":"del Centenario","fdc":"IGN/OSM/SISA","sag":"IGN"},"bbox":[-60.66483902,-32.93847174,-60.66483902,-32.93847174]},{"type":"Feature","id":"salud_020801.9277","geometry":{"type":"Point","coordinates":[-61.09436122,-32.37433172]},"geometry_name":"geom","properties":{"gid":9277,"entidad":0,"fna":"Servicio para la Atención Médica de la Comunidad Díaz","gna":"Servicio para la Atención Médica de la Comunidad","nam":"Díaz","fdc":"IGN/SISA","sag":"IGN"},"bbox":[-61.09436122,-32.37433172,-61.09436122,-32.37433172]},{"type":"Feature","id":"salud_020801.9278","geometry":{"type":"Point","coordinates":[-60.24862831,-29.69074777]},"geometry_name":"geom","properties":{"gid":9278,"entidad":0,"fna":"Servicio para la Atención Médica de la Comunidad Margarita","gna":"Servicio para la Atención Médica de la Comunidad","nam":"Margarita","fdc":"IGN/SISA","sag":"IGN"},"bbox":[-60.24862831,-29.69074777,-60.24862831,-29.69074777]},{"type":"Feature","id":"salud_020801.9279","geometry":{"type":"Point","coordinates":[-60.21690927,-29.4548287]},"geometry_name":"geom","properties":{"gid":9279,"entidad":0,"fna":"Servicio de Atención Medica de la Comunidad Vera","gna":"Servicio de Atención Medica de la Comunidad","nam":"Vera","fdc":"IGN/SISA","sag":"IGN"},"bbox":[-60.21690927,-29.4548287,-60.21690927,-29.4548287]},{"type":"Feature","id":"salud_020801.9280","geometry":{"type":"Point","coordinates":[-61.7060798,-32.19044275]},"geometry_name":"geom","properties":{"gid":9280,"entidad":0,"fna":"Servicio para la Atención Médica de la Comunidad El Trébol","gna":"Servicio para la Atención Médica de la Comunidad","nam":"El Trébol","fdc":"IGN/SISA","sag":"IGN"},"bbox":[-61.7060798,-32.19044275,-61.7060798,-32.19044275]},{"type":"Feature","id":"salud_020801.9281","geometry":{"type":"Point","coordinates":[-60.72991471,-32.74897441]},"geometry_name":"geom","properties":{"gid":9281,"entidad":0,"fna":"Servicio para la Atención Médica de la Comunidad Granaderos a Caballo","gna":"Servicio para la Atención Médica de la Comunidad","nam":"Granaderos a Caballo","fdc":"IGN/SISA","sag":"IGN"},"bbox":[-60.72991471,-32.74897441,-60.72991471,-32.74897441]},{"type":"Feature","id":"salud_020801.9282","geometry":{"type":"Point","coordinates":[-60.72351526,-31.58574309]},"geometry_name":"geom","properties":{"gid":9282,"entidad":0,"fna":"Hospital Sayago","gna":"Hospital","nam":"Sayago","fdc":"IGN/SISA","sag":"IGN"},"bbox":[-60.72351526,-31.58574309,-60.72351526,-31.58574309]},{"type":"Feature","id":"salud_020801.9283","geometry":{"type":"Point","coordinates":[-60.13626095,-28.95146726]},"geometry_name":"geom","properties":{"gid":9283,"entidad":0,"fna":"Servicio para la Atención Médica de la Comunidad Garabato","gna":"Servicio para la Atención Médica de la Comunidad","nam":"Garabato","fdc":"IGN/SISA","sag":"IGN"},"bbox":[-60.13626095,-28.95146726,-60.13626095,-28.95146726]},{"type":"Feature","id":"salud_020801.9284","geometry":{"type":"Point","coordinates":[-61.5611228,-31.69894205]},"geometry_name":"geom","properties":{"gid":9284,"entidad":0,"fna":"Servicio para la Atención Médica de la Comunidad San Vicente","gna":"Servicio para la Atención Médica de la Comunidad","nam":"San Vicente","fdc":"IGN/SISA","sag":"IGN"},"bbox":[-61.5611228,-31.69894205,-61.5611228,-31.69894205]},{"type":"Feature","id":"salud_020801.9285","geometry":{"type":"Point","coordinates":[-62.03223162,-34.32586853]},"geometry_name":"geom","properties":{"gid":9285,"entidad":0,"fna":"Servicio para la Atención Médica de la Comunidad San Gregorio","gna":"Servicio para la Atención Médica de la Comunidad","nam":"San Gregorio","fdc":"IGN/SISA","sag":"IGN"},"bbox":[-62.03223162,-34.32586853,-62.03223162,-34.32586853]},{"type":"Feature","id":"salud_020801.9286","geometry":{"type":"Point","coordinates":[-61.35856371,-30.86618548]},"geometry_name":"geom","properties":{"gid":9286,"entidad":0,"fna":"Servicio para la Atención Médica de la Comunidad Humberto Primo","gna":"Servicio para la Atención Médica de la Comunidad","nam":"Humberto Primo","fdc":"IGN/OSM/SISA","sag":"IGN"},"bbox":[-61.35856371,-30.86618548,-61.35856371,-30.86618548]},{"type":"Feature","id":"salud_020801.9287","geometry":{"type":"Point","coordinates":[-61.15795603,-33.03667403]},"geometry_name":"geom","properties":{"gid":9287,"entidad":0,"fna":"Hospital San Carlos","gna":"Hospital","nam":"San Carlos","fdc":"IGN/SISA","sag":"IGN"},"bbox":[-61.15795603,-33.03667403,-61.15795603,-33.03667403]},{"type":"Feature","id":"salud_020801.9288","geometry":{"type":"Point","coordinates":[-61.53127019,-34.18931581]},"geometry_name":"geom","properties":{"gid":9288,"entidad":0,"fna":"Servicio para la Atención Médica de la Comunidad Teófilo Fuentes","gna":"Servicio para la Atención Médica de la Comunidad","nam":"Teófilo Fuentes","fdc":"IGN/SISA","sag":"IGN"},"bbox":[-61.53127019,-34.18931581,-61.53127019,-34.18931581]},{"type":"Feature","id":"salud_020801.9289","geometry":{"type":"Point","coordinates":[-60.00453156,-31.86585733]},"geometry_name":"geom","properties":{"gid":9289,"entidad":0,"fna":"Hospital Doctor Castilla Mira","gna":"Hospital","nam":"Doctor Castilla Mira","fdc":"IGN/SISA","sag":"IGN"},"bbox":[-60.00453156,-31.86585733,-60.00453156,-31.86585733]},{"type":"Feature","id":"salud_020801.9290","geometry":{"type":"Point","coordinates":[-59.40629058,-32.17398581]},"geometry_name":"geom","properties":{"gid":9290,"entidad":0,"fna":"Hospital Falucho","gna":"Hospital","nam":"Falucho","fdc":"IGN/SISA","sag":"IGN"},"bbox":[-59.40629058,-32.17398581,-59.40629058,-32.17398581]},{"type":"Feature","id":"salud_020801.9291","geometry":{"type":"Point","coordinates":[-59.14928256,-32.29752478]},"geometry_name":"geom","properties":{"gid":9291,"entidad":0,"fna":"Hospital Doctor Luis A. Ellerman","gna":"Hospital","nam":"Doctor Luis A. Ellerman","fdc":"IGN/SISA","sag":"IGN"},"bbox":[-59.14928256,-32.29752478,-59.14928256,-32.29752478]},{"type":"Feature","id":"salud_020801.9292","geometry":{"type":"Point","coordinates":[-58.26064754,-32.48150252]},"geometry_name":"geom","properties":{"gid":9292,"entidad":0,"fna":"Hospital Justo José de Urquiza","gna":"Hospital","nam":"Justo José de Urquiza","fdc":"IGN/SISA","sag":"IGN"},"bbox":[-58.26064754,-32.48150252,-58.26064754,-32.48150252]},{"type":"Feature","id":"salud_020801.9293","geometry":{"type":"Point","coordinates":[-58.8831381,-32.37903498]},"geometry_name":"geom","properties":{"gid":9293,"entidad":0,"fna":"Hospital Sagrado Corazón de Jesús","gna":"Hospital","nam":"Sagrado Corazón de Jesús","fdc":"IGN/SISA","sag":"IGN"},"bbox":[-58.8831381,-32.37903498,-58.8831381,-32.37903498]},{"type":"Feature","id":"salud_020801.9294","geometry":{"type":"Point","coordinates":[-58.7456443,-32.39724663]},"geometry_name":"geom","properties":{"gid":9294,"entidad":0,"fna":"Hospital Presbítero Andrés Zaninetti","gna":"Hospital","nam":"Presbítero Andrés Zaninetti","fdc":"IGN/SISA","sag":"IGN"},"bbox":[-58.7456443,-32.39724663,-58.7456443,-32.39724663]},{"type":"Feature","id":"salud_020801.9295","geometry":{"type":"Point","coordinates":[-60.15667051,-32.63068287]},"geometry_name":"geom","properties":{"gid":9295,"entidad":0,"fna":"Hospital Doctor Domingo Cuneo","gna":"Hospital","nam":"Doctor Domingo Cuneo","fdc":"IGN/SISA","sag":"IGN"},"bbox":[-60.15667051,-32.63068287,-60.15667051,-32.63068287]},{"type":"Feature","id":"salud_020801.9296","geometry":{"type":"Point","coordinates":[-60.15302935,-32.62875248]},"geometry_name":"geom","properties":{"gid":9296,"entidad":0,"fna":"Hospital Fermín Salaberry","gna":"Hospital","nam":"Fermín Salaberry","fdc":"IGN/SISA","sag":"IGN"},"bbox":[-60.15302935,-32.62875248,-60.15302935,-32.62875248]},{"type":"Feature","id":"salud_020801.9297","geometry":{"type":"Point","coordinates":[-60.63685393,-32.06737593]},"geometry_name":"geom","properties":{"gid":9297,"entidad":0,"fna":"Hospital San José","gna":"Hospital","nam":"San José","fdc":"IGN/SISA","sag":"IGN"},"bbox":[-60.63685393,-32.06737593,-60.63685393,-32.06737593]},{"type":"Feature","id":"salud_020801.9298","geometry":{"type":"Point","coordinates":[-59.217867,-31.2383983]},"geometry_name":"geom","properties":{"gid":9298,"entidad":0,"fna":"Hospital Crispín Velázquez","gna":"Hospital","nam":"Crispín Velázquez","fdc":"IGN/OSM/SISA","sag":"IGN"},"bbox":[-59.217867,-31.2383983,-59.217867,-31.2383983]},{"type":"Feature","id":"salud_020801.9299","geometry":{"type":"Point","coordinates":[-58.88128723,-32.79993273]},"geometry_name":"geom","properties":{"gid":9299,"entidad":0,"fna":"Hospital Güemes","gna":"Hospital","nam":"Güemes","fdc":"IGN/SISA","sag":"IGN"},"bbox":[-58.88128723,-32.79993273,-58.88128723,-32.79993273]},{"type":"Feature","id":"salud_020801.9300","geometry":{"type":"Point","coordinates":[-58.53230112,-33.01014732]},"geometry_name":"geom","properties":{"gid":9300,"entidad":0,"fna":"Hospital Centenario","gna":"Hospital","nam":"Centenario","fdc":"IGN/SISA","sag":"IGN"},"bbox":[-58.53230112,-33.01014732,-58.53230112,-33.01014732]},{"type":"Feature","id":"salud_020801.9301","geometry":{"type":"Point","coordinates":[-59.00479795,-33.03018173]},"geometry_name":"geom","properties":{"gid":9301,"entidad":0,"fna":"Hospital San Isidro Labrador","gna":"Hospital","nam":"San Isidro Labrador","fdc":"IGN/SISA","sag":"IGN"},"bbox":[-59.00479795,-33.03018173,-59.00479795,-33.03018173]},{"type":"Feature","id":"salud_020801.9302","geometry":{"type":"Point","coordinates":[-58.65332203,-33.7156655]},"geometry_name":"geom","properties":{"gid":9302,"entidad":0,"fna":"Hospital Villa Paranacito","gna":"Hospital","nam":"Villa Paranacito","fdc":"IGN/SISA","sag":"IGN"},"bbox":[-58.65332203,-33.7156655,-58.65332203,-33.7156655]},{"type":"Feature","id":"salud_020801.9303","geometry":{"type":"Point","coordinates":[-59.52872983,-32.39473353]},"geometry_name":"geom","properties":{"gid":9303,"entidad":0,"fna":"Hospital Santa Rosa","gna":"Hospital","nam":"Santa Rosa","fdc":"IGN/SISA","sag":"IGN"},"bbox":[-59.52872983,-32.39473353,-59.52872983,-32.39473353]},{"type":"Feature","id":"salud_020801.9304","geometry":{"type":"Point","coordinates":[-59.79577664,-32.40235189]},"geometry_name":"geom","properties":{"gid":9304,"entidad":0,"fna":"Hospital San Blas","gna":"Hospital","nam":"San Blas","fdc":"IGN/SISA","sag":"IGN"},"bbox":[-59.79577664,-32.40235189,-59.79577664,-32.40235189]},{"type":"Feature","id":"salud_020801.9305","geometry":{"type":"Point","coordinates":[-58.22646123,-32.21104231]},"geometry_name":"geom","properties":{"gid":9305,"entidad":0,"fna":"Hospital San José","gna":"Hospital","nam":"San José","fdc":"IGN/SISA","sag":"IGN"},"bbox":[-58.22646123,-32.21104231,-58.22646123,-32.21104231]},{"type":"Feature","id":"salud_020801.9306","geometry":{"type":"Point","coordinates":[-58.3952896,-32.15799727]},"geometry_name":"geom","properties":{"gid":9306,"entidad":0,"fna":"Hospital y Hogar de Ancianos San Roque-María de Francou","gna":"Hospital y Hogar de Ancianos","nam":"San Roque-María de Francou","fdc":"IGN/OSM/SISA","sag":"IGN"},"bbox":[-58.3952896,-32.15799727,-58.3952896,-32.15799727]},{"type":"Feature","id":"salud_020801.9307","geometry":{"type":"Point","coordinates":[-58.14487531,-28.27793837]},"geometry_name":"geom","properties":{"gid":9307,"entidad":0,"fna":"Hospital Santa Rosa","gna":"Hospital","nam":"Santa Rosa","fdc":"IGN/SISA","sag":"IGN"},"bbox":[-58.14487531,-28.27793837,-58.14487531,-28.27793837]},{"type":"Feature","id":"salud_020801.9308","geometry":{"type":"Point","coordinates":[-59.53008686,-30.00584346]},"geometry_name":"geom","properties":{"gid":9308,"entidad":0,"fna":"Hospital San Roque","gna":"Hospital","nam":"San Roque","fdc":"IGN/SISA","sag":"IGN"},"bbox":[-59.53008686,-30.00584346,-59.53008686,-30.00584346]},{"type":"Feature","id":"salud_020801.9309","geometry":{"type":"Point","coordinates":[-56.55005944,-29.0928761]},"geometry_name":"geom","properties":{"gid":9309,"entidad":0,"fna":"Hospital Doctor Miguel Sussini","gna":"Hospital","nam":"Doctor Miguel Sussini","fdc":"IGN/SISA","sag":"IGN"},"bbox":[-56.55005944,-29.0928761,-56.55005944,-29.0928761]},{"type":"Feature","id":"salud_020801.9310","geometry":{"type":"Point","coordinates":[-56.68159082,-27.58166299]},"geometry_name":"geom","properties":{"gid":9310,"entidad":0,"fna":"Hospital Doctor Ricardo Billinghurts","gna":"Hospital","nam":"Doctor Ricardo Billinghurts","fdc":"IGN/SISA","sag":"IGN"},"bbox":[-56.68159082,-27.58166299,-56.68159082,-27.58166299]},{"type":"Feature","id":"salud_020801.9311","geometry":{"type":"Point","coordinates":[-58.23472796,-28.0405695]},"geometry_name":"geom","properties":{"gid":9311,"entidad":0,"fna":"Hospital San Antonio de Padua","gna":"Hospital","nam":"San Antonio de Padua","fdc":"IGN/SISA","sag":"IGN"},"bbox":[-58.23472796,-28.0405695,-58.23472796,-28.0405695]},{"type":"Feature","id":"salud_020801.9312","geometry":{"type":"Point","coordinates":[-57.62351365,-30.25321812]},"geometry_name":"geom","properties":{"gid":9312,"entidad":0,"fna":"Hospital Samuel W. Robinson","gna":"Hospital","nam":"Samuel W. Robinson","fdc":"IGN/SISA","sag":"IGN"},"bbox":[-57.62351365,-30.25321812,-57.62351365,-30.25321812]},{"type":"Feature","id":"salud_020801.9313","geometry":{"type":"Point","coordinates":[-58.51156084,-27.37063182]},"geometry_name":"geom","properties":{"gid":9313,"entidad":0,"fna":"Hospital Julio C. Rivero","gna":"Hospital","nam":"Julio C. Rivero","fdc":"IGN/SISA","sag":"IGN"},"bbox":[-58.51156084,-27.37063182,-58.51156084,-27.37063182]},{"type":"Feature","id":"salud_020801.9314","geometry":{"type":"Point","coordinates":[-57.2752438,-27.76379372]},"geometry_name":"geom","properties":{"gid":9314,"entidad":0,"fna":"Hospital Doctor José Rodolfo Piñeiro","gna":"Hospital","nam":"Doctor José Rodolfo Piñeiro","fdc":"IGN/SISA","sag":"IGN"},"bbox":[-57.2752438,-27.76379372,-57.2752438,-27.76379372]},{"type":"Feature","id":"salud_020801.9315","geometry":{"type":"Point","coordinates":[-57.59456215,-27.99846207]},"geometry_name":"geom","properties":{"gid":9315,"entidad":0,"fna":"Hospital José Ramón Vidal","gna":"Hospital","nam":"José Ramón Vidal","fdc":"IGN/SISA","sag":"IGN"},"bbox":[-57.59456215,-27.99846207,-57.59456215,-27.99846207]},{"type":"Feature","id":"salud_020801.9316","geometry":{"type":"Point","coordinates":[-56.03892953,-28.55515307]},"geometry_name":"geom","properties":{"gid":9316,"entidad":0,"fna":"Hospital San Juan Bautista","gna":"Hospital","nam":"San Juan Bautista","fdc":"IGN/OSM/SISA","sag":"IGN"},"bbox":[-56.03892953,-28.55515307,-56.03892953,-28.55515307]},{"type":"Feature","id":"salud_020801.9317","geometry":{"type":"Point","coordinates":[-58.78402878,-30.0934191]},"geometry_name":"geom","properties":{"gid":9317,"entidad":0,"fna":"Hospital Santa Rosa","gna":"Hospital","nam":"Santa Rosa","fdc":"IGN/SISA/Sitio web Pcial.","sag":"IGN"},"bbox":[-58.78402878,-30.0934191,-58.78402878,-30.0934191]},{"type":"Feature","id":"salud_020801.9318","geometry":{"type":"Point","coordinates":[-54.57377904,-25.60140926]},"geometry_name":"geom","properties":{"gid":9318,"entidad":0,"fna":"Hospital Doctora Marta Schwarz","gna":"Hospital","nam":"Doctora Marta Schwarz","fdc":"IGN/OSM/SISA","sag":"IGN"},"bbox":[-54.57377904,-25.60140926,-54.57377904,-25.60140926]},{"type":"Feature","id":"salud_020801.9319","geometry":{"type":"Point","coordinates":[-55.0274185,-26.815259]},"geometry_name":"geom","properties":{"gid":9319,"entidad":0,"fna":"Hospital Doctor Ricardo Gutiérrez","gna":"Hospital","nam":"Doctor Ricardo Gutiérrez","fdc":"IGN/OSM/SISA","sag":"IGN"},"bbox":[-55.0274185,-26.815259,-55.0274185,-26.815259]},{"type":"Feature","id":"salud_020801.9320","geometry":{"type":"Point","coordinates":[-54.7050275,-26.4670588]},"geometry_name":"geom","properties":{"gid":9320,"entidad":0,"fna":"Hospital Puerto Piray","gna":"Hospital","nam":"Puerto Piray","fdc":"IGN/OSM/SISA","sag":"IGN"},"bbox":[-54.7050275,-26.4670588,-54.7050275,-26.4670588]},{"type":"Feature","id":"salud_020801.9321","geometry":{"type":"Point","coordinates":[-55.22971757,-27.03860248]},"geometry_name":"geom","properties":{"gid":9321,"entidad":0,"fna":"Hospital Todoyoski Kamada","gna":"Hospital","nam":"Todoyoski Kamada","fdc":"IGN/OSM/SISA","sag":"IGN"},"bbox":[-55.22971757,-27.03860248,-55.22971757,-27.03860248]},{"type":"Feature","id":"salud_020801.9322","geometry":{"type":"Point","coordinates":[-55.54079128,-27.25541729]},"geometry_name":"geom","properties":{"gid":9322,"entidad":0,"fna":"Hospital Doctor Heberto Valdovino","gna":"Hospital","nam":"Doctor Heberto Valdovino","fdc":"IGN/OSM/SISA","sag":"IGN"},"bbox":[-55.54079128,-27.25541729,-55.54079128,-27.25541729]},{"type":"Feature","id":"salud_020801.9828","geometry":{"type":"Point","coordinates":[-54.84989548,-27.47901311]},"geometry_name":"geom","properties":{"gid":9828,"entidad":0,"fna":"Centro de Atención Primaria de la Salud Colonia Acaraguá","gna":"Centro de Atención Primaria de la Salud","nam":"Colonia Acaraguá","fdc":"IGN/SISA","sag":"IGN"},"bbox":[-54.84989548,-27.47901311,-54.84989548,-27.47901311]},{"type":"Feature","id":"salud_020801.9829","geometry":{"type":"Point","coordinates":[-54.22647344,-27.3660959]},"geometry_name":"geom","properties":{"gid":9829,"entidad":0,"fna":"Centro de Atención Primaria de la Salud Mariano Moreno","gna":"Centro de Atención Primaria de la Salud","nam":"Mariano Moreno","fdc":"IGN/SISA","sag":"IGN"},"bbox":[-54.22647344,-27.3660959,-54.22647344,-27.3660959]},{"type":"Feature","id":"salud_020801.9830","geometry":{"type":"Point","coordinates":[-54.91569873,-27.72271386]},"geometry_name":"geom","properties":{"gid":9830,"entidad":0,"fna":"Centro de Atención Primaria de la Salud Panambí","gna":"Centro de Atención Primaria de la Salud","nam":"Panambí","fdc":"IGN/SISA","sag":"IGN"},"bbox":[-54.91569873,-27.72271386,-54.91569873,-27.72271386]},{"type":"Feature","id":"salud_020801.9831","geometry":{"type":"Point","coordinates":[-55.11860516,-27.50614567]},"geometry_name":"geom","properties":{"gid":9831,"entidad":0,"fna":"Centro de Atención Primaria de la Salud Bella Vista","gna":"Centro de Atención Primaria de la Salud","nam":"Bella Vista","fdc":"IGN/SISA","sag":"IGN"},"bbox":[-55.11860516,-27.50614567,-55.11860516,-27.50614567]},{"type":"Feature","id":"salud_020801.9832","geometry":{"type":"Point","coordinates":[-55.63186884,-28.11497378]},"geometry_name":"geom","properties":{"gid":9832,"entidad":0,"fna":"Centro de Atención Primaria de la Salud Puerto Azara","gna":"Centro de Atención Primaria de la Salud","nam":"Puerto Azara","fdc":"IGN/SISA","sag":"IGN"},"bbox":[-55.63186884,-28.11497378,-55.63186884,-28.11497378]},{"type":"Feature","id":"salud_020801.9833","geometry":{"type":"Point","coordinates":[-54.61805099,-27.14330794]},"geometry_name":"geom","properties":{"gid":9833,"entidad":0,"fna":"Centro de Atención Primaria de la Salud Indumar","gna":"Centro de Atención Primaria de la Salud","nam":"Indumar","fdc":"IGN/SISA","sag":"IGN"},"bbox":[-54.61805099,-27.14330794,-54.61805099,-27.14330794]},{"type":"Feature","id":"salud_020801.9834","geometry":{"type":"Point","coordinates":[-54.5596148,-27.15102945]},"geometry_name":"geom","properties":{"gid":9834,"entidad":0,"fna":"Centro de Atención Primaria de la Salud Pueblo Illia","gna":"Centro de Atención Primaria de la Salud","nam":"Pueblo Illia","fdc":"IGN/SISA","sag":"IGN"},"bbox":[-54.5596148,-27.15102945,-54.5596148,-27.15102945]},{"type":"Feature","id":"salud_020801.9835","geometry":{"type":"Point","coordinates":[-54.77355477,-27.52504021]},"geometry_name":"geom","properties":{"gid":9835,"entidad":0,"fna":"Centro de Atención Primaria de la Salud El Barrerito","gna":"Centro de Atención Primaria de la Salud","nam":"El Barrerito","fdc":"IGN/SISA","sag":"IGN"},"bbox":[-54.77355477,-27.52504021,-54.77355477,-27.52504021]},{"type":"Feature","id":"salud_020801.9836","geometry":{"type":"Point","coordinates":[-54.58772046,-27.45071858]},"geometry_name":"geom","properties":{"gid":9836,"entidad":0,"fna":"Centro de Atención Primaria de la Salud Saltiño","gna":"Centro de Atención Primaria de la Salud","nam":"Saltiño","fdc":"IGN/SISA","sag":"IGN"},"bbox":[-54.58772046,-27.45071858,-54.58772046,-27.45071858]},{"type":"Feature","id":"salud_020801.9837","geometry":{"type":"Point","coordinates":[-54.82887715,-27.03673871]},"geometry_name":"geom","properties":{"gid":9837,"entidad":0,"fna":"Centro de Atención Primaria de la Salud Cerro Moreno","gna":"Centro de Atención Primaria de la Salud","nam":"Cerro Moreno","fdc":"IGN/SISA","sag":"IGN"},"bbox":[-54.82887715,-27.03673871,-54.82887715,-27.03673871]},{"type":"Feature","id":"salud_020801.9838","geometry":{"type":"Point","coordinates":[-54.81477021,-27.19136705]},"geometry_name":"geom","properties":{"gid":9838,"entidad":0,"fna":"Centro de Atención Primaria de la Salud Saracura","gna":"Centro de Atención Primaria de la Salud","nam":"Saracura","fdc":"IGN/SISA","sag":"IGN"},"bbox":[-54.81477021,-27.19136705,-54.81477021,-27.19136705]},{"type":"Feature","id":"salud_020801.9839","geometry":{"type":"Point","coordinates":[-54.83049157,-27.08845819]},"geometry_name":"geom","properties":{"gid":9839,"entidad":0,"fna":"Centro de Atención Primaria de la Salud Salto Encantado","gna":"Centro de Atención Primaria de la Salud","nam":"Salto Encantado","fdc":"IGN/SISA","sag":"IGN"},"bbox":[-54.83049157,-27.08845819,-54.83049157,-27.08845819]},{"type":"Feature","id":"salud_020801.9840","geometry":{"type":"Point","coordinates":[-54.88713702,-27.2518557]},"geometry_name":"geom","properties":{"gid":9840,"entidad":0,"fna":"Centro de Atención Primaria de la Salud Colonia Florida","gna":"Centro de Atención Primaria de la Salud","nam":"Colonia Florida","fdc":"IGN/SISA","sag":"IGN"},"bbox":[-54.88713702,-27.2518557,-54.88713702,-27.2518557]},{"type":"Feature","id":"salud_020801.9841","geometry":{"type":"Point","coordinates":[-54.60825914,-27.01095004]},"geometry_name":"geom","properties":{"gid":9841,"entidad":0,"fna":"Centro de Atención Primaria de la Salud Bernardino Rivadavia","gna":"Centro de Atención Primaria de la Salud","nam":"Bernardino Rivadavia","fdc":"IGN/SISA","sag":"IGN"},"bbox":[-54.60825914,-27.01095004,-54.60825914,-27.01095004]},{"type":"Feature","id":"salud_020801.9842","geometry":{"type":"Point","coordinates":[-55.74402927,-27.47657638]},"geometry_name":"geom","properties":{"gid":9842,"entidad":0,"fna":"Centro de Atención Primaria de la Salud Nº 1 San Cayetano","gna":"Centro de Atención Primaria de la Salud","nam":"Nº 1 San Cayetano","fdc":"IGN/SISA","sag":"IGN"},"bbox":[-55.74402927,-27.47657638,-55.74402927,-27.47657638]},{"type":"Feature","id":"salud_020801.9843","geometry":{"type":"Point","coordinates":[-54.70756704,-26.52895838]},"geometry_name":"geom","properties":{"gid":9843,"entidad":0,"fna":"Centro de Atención Primaria de la Salud Barrio Itá","gna":"Centro de Atención Primaria de la Salud","nam":"Barrio Itá","fdc":"IGN/SISA","sag":"IGN"},"bbox":[-54.70756704,-26.52895838,-54.70756704,-26.52895838]},{"type":"Feature","id":"salud_020801.9844","geometry":{"type":"Point","coordinates":[-55.82825703,-27.48080368]},"geometry_name":"geom","properties":{"gid":9844,"entidad":0,"fna":"Centro de Atención Primaria de la Salud Nº 10 Garupá","gna":"Centro de Atención Primaria de la Salud","nam":"Nº 10 Garupá","fdc":"IGN/SISA","sag":"IGN"},"bbox":[-55.82825703,-27.48080368,-55.82825703,-27.48080368]},{"type":"Feature","id":"salud_020801.9845","geometry":{"type":"Point","coordinates":[-54.74067469,-26.65793514]},"geometry_name":"geom","properties":{"gid":9845,"entidad":0,"fna":"Centro de Atención Primaria de la Salud Caraguatay","gna":"Centro de Atención Primaria de la Salud","nam":"Caraguatay","fdc":"IGN/SISA","sag":"IGN"},"bbox":[-54.74067469,-26.65793514,-54.74067469,-26.65793514]},{"type":"Feature","id":"salud_020801.9846","geometry":{"type":"Point","coordinates":[-54.71852858,-26.72342416]},"geometry_name":"geom","properties":{"gid":9846,"entidad":0,"fna":"Centro de Atención Primaria de la Salud Tarumá","gna":"Centro de Atención Primaria de la Salud","nam":"Tarumá","fdc":"IGN/SISA","sag":"IGN"},"bbox":[-54.71852858,-26.72342416,-54.71852858,-26.72342416]},{"type":"Feature","id":"salud_020801.9847","geometry":{"type":"Point","coordinates":[-55.38012328,-27.8589947]},"geometry_name":"geom","properties":{"gid":9847,"entidad":0,"fna":"Puesto Aborigen Pindoyu","gna":"Puesto Aborigen","nam":"Pindoyu","fdc":"IGN/SISA","sag":"IGN"},"bbox":[-55.38012328,-27.8589947,-55.38012328,-27.8589947]},{"type":"Feature","id":"salud_020801.9848","geometry":{"type":"Point","coordinates":[-55.44070308,-28.0088812]},"geometry_name":"geom","properties":{"gid":9848,"entidad":0,"fna":"Puesto de Salud San Isidro","gna":"Puesto de Salud","nam":"San Isidro","fdc":"IGN/SISA","sag":"IGN"},"bbox":[-55.44070308,-28.0088812,-55.44070308,-28.0088812]},{"type":"Feature","id":"salud_020801.9849","geometry":{"type":"Point","coordinates":[-54.679309,-26.402407]},"geometry_name":"geom","properties":{"gid":9849,"entidad":0,"fna":"Centro de Atención Primaria de la Salud Lomas del Paraná","gna":"Centro de Atención Primaria de la Salud","nam":"Lomas del Paraná","fdc":"IGN/SISA","sag":"IGN"},"bbox":[-54.679309,-26.402407,-54.679309,-26.402407]},{"type":"Feature","id":"salud_020801.9850","geometry":{"type":"Point","coordinates":[-54.49421519,-26.41418515]},"geometry_name":"geom","properties":{"gid":9850,"entidad":0,"fna":"Centro de Atención Primaria de la Salud 9 de Julio","gna":"Centro de Atención Primaria de la Salud","nam":"9 de Julio","fdc":"IGN/SISA","sag":"IGN"},"bbox":[-54.49421519,-26.41418515,-54.49421519,-26.41418515]},{"type":"Feature","id":"salud_020801.9851","geometry":{"type":"Point","coordinates":[-54.59254346,-25.96644605]},"geometry_name":"geom","properties":{"gid":9851,"entidad":0,"fna":"Centro de Atención Primaria de la Salud Puerto Wanda","gna":"Centro de Atención Primaria de la Salud","nam":"Puerto Wanda","fdc":"IGN/SISA","sag":"IGN"},"bbox":[-54.59254346,-25.96644605,-54.59254346,-25.96644605]},{"type":"Feature","id":"salud_020801.9852","geometry":{"type":"Point","coordinates":[-53.75583597,-26.29335168]},"geometry_name":"geom","properties":{"gid":9852,"entidad":0,"fna":"Centro de Atención Primaria de la Salud Dos Hermanas","gna":"Centro de Atención Primaria de la Salud","nam":"Dos Hermanas","fdc":"IGN/SISA","sag":"IGN"},"bbox":[-53.75583597,-26.29335168,-53.75583597,-26.29335168]},{"type":"Feature","id":"salud_020801.9853","geometry":{"type":"Point","coordinates":[-54.5605967,-25.62786646]},"geometry_name":"geom","properties":{"gid":9853,"entidad":0,"fna":"Centro de Atención Primaria de la Salud Barrio Hermoso","gna":"Centro de Atención Primaria de la Salud","nam":"Barrio Hermoso","fdc":"IGN/SISA","sag":"IGN"},"bbox":[-54.5605967,-25.62786646,-54.5605967,-25.62786646]},{"type":"Feature","id":"salud_020801.9854","geometry":{"type":"Point","coordinates":[-54.5824919,-25.60463204]},"geometry_name":"geom","properties":{"gid":9854,"entidad":0,"fna":"Centro de Atención Primaria de la Salud Barrio Obrero","gna":"Centro de Atención Primaria de la Salud","nam":"Barrio Obrero","fdc":"IGN/SISA","sag":"IGN"},"bbox":[-54.5824919,-25.60463204,-54.5824919,-25.60463204]},{"type":"Feature","id":"salud_020801.9855","geometry":{"type":"Point","coordinates":[-55.17984316,-27.61661213]},"geometry_name":"geom","properties":{"gid":9855,"entidad":0,"fna":"Centro de Atención Primaria de la Salud Yapeyú Centro","gna":"Centro de Atención Primaria de la Salud","nam":"Yapeyú Centro","fdc":"IGN/SISA","sag":"IGN"},"bbox":[-55.17984316,-27.61661213,-55.17984316,-27.61661213]},{"type":"Feature","id":"salud_020801.9856","geometry":{"type":"Point","coordinates":[-54.57647542,-25.61933113]},"geometry_name":"geom","properties":{"gid":9856,"entidad":0,"fna":"Centro de Atención Primaria de la Salud Primavera","gna":"Centro de Atención Primaria de la Salud","nam":"Primavera","fdc":"IGN/SISA","sag":"IGN"},"bbox":[-54.57647542,-25.61933113,-54.57647542,-25.61933113]},{"type":"Feature","id":"salud_020801.9857","geometry":{"type":"Point","coordinates":[-55.53353626,-27.64563888]},"geometry_name":"geom","properties":{"gid":9857,"entidad":0,"fna":"Centro de Atención Primaria de la Salud Piecietos Colorados","gna":"Centro de Atención Primaria de la Salud","nam":"Piecitos Colorados","fdc":"IGN/SISA","sag":"IGN"},"bbox":[-55.53353626,-27.64563888,-55.53353626,-27.64563888]},{"type":"Feature","id":"salud_020801.9858","geometry":{"type":"Point","coordinates":[-55.33892864,-27.61994406]},"geometry_name":"geom","properties":{"gid":9858,"entidad":0,"fna":"Centro de Atención Primaria de la Salud Virgen del Rosario","gna":"Centro de Atención Primaria de la Salud","nam":"Virgen del Rosario","fdc":"IGN/SISA","sag":"IGN"},"bbox":[-55.33892864,-27.61994406,-55.33892864,-27.61994406]},{"type":"Feature","id":"salud_020801.9859","geometry":{"type":"Point","coordinates":[-55.31516292,-27.57727572]},"geometry_name":"geom","properties":{"gid":9859,"entidad":0,"fna":"Centro de Atención Primaria de la Salud Barrio Cámpora","gna":"Centro de Atención Primaria de la Salud","nam":"Barrio Cámpora","fdc":"IGN/SISA","sag":"IGN"},"bbox":[-55.31516292,-27.57727572,-55.31516292,-27.57727572]},{"type":"Feature","id":"salud_020801.9860","geometry":{"type":"Point","coordinates":[-55.49464272,-27.70718986]},"geometry_name":"geom","properties":{"gid":9860,"entidad":0,"fna":"Centro de Atención Primaria de la Salud Colonia Tarancó","gna":"Centro de Atención Primaria de la Salud","nam":"Colonia Tarancó","fdc":"IGN/SISA","sag":"IGN"},"bbox":[-55.49464272,-27.70718986,-55.49464272,-27.70718986]},{"type":"Feature","id":"salud_020801.9861","geometry":{"type":"Point","coordinates":[-55.14655477,-26.99615156]},"geometry_name":"geom","properties":{"gid":9861,"entidad":0,"fna":"Centro de Atención Primaria de la Salud Virgen María","gna":"Centro de Atención Primaria de la Salud","nam":"Virgen María","fdc":"IGN/SISA","sag":"IGN"},"bbox":[-55.14655477,-26.99615156,-55.14655477,-26.99615156]},{"type":"Feature","id":"salud_020801.9862","geometry":{"type":"Point","coordinates":[-55.02285222,-26.80283493]},"geometry_name":"geom","properties":{"gid":9862,"entidad":0,"fna":"Centro de Atención Primaria de la Salud I San Antonio","gna":"Centro de Atención Primaria de la Salud","nam":"I San Antonio","fdc":"IGN/SISA","sag":"IGN"},"bbox":[-55.02285222,-26.80283493,-55.02285222,-26.80283493]},{"type":"Feature","id":"salud_020801.9863","geometry":{"type":"Point","coordinates":[-54.9996649,-27.46695354]},"geometry_name":"geom","properties":{"gid":9863,"entidad":0,"fna":"Centro de Atención Primaria de la Salud Guaraypo","gna":"Centro de Atención Primaria de la Salud","nam":"Guaraypo","fdc":"IGN/SISA","sag":"IGN"},"bbox":[-54.9996649,-27.46695354,-54.9996649,-27.46695354]},{"type":"Feature","id":"salud_020801.9864","geometry":{"type":"Point","coordinates":[-55.04861057,-26.98583754]},"geometry_name":"geom","properties":{"gid":9864,"entidad":0,"fna":"Centro de Atención Primaria de la Salud Ruiz de Montoya","gna":"Centro de Atención Primaria de la Salud","nam":"Ruiz de Montoya","fdc":"IGN/SISA","sag":"IGN"},"bbox":[-55.04861057,-26.98583754,-55.04861057,-26.98583754]},{"type":"Feature","id":"salud_020801.9865","geometry":{"type":"Point","coordinates":[-55.12568221,-27.46387536]},"geometry_name":"geom","properties":{"gid":9865,"entidad":0,"fna":"Centro de Atención Primaria de la Salud Nº 4 100 Hectáreas","gna":"Centro de Atención Primaria de la Salud","nam":"Nº 4 100 Hectáreas","fdc":"IGN/SISA","sag":"IGN"},"bbox":[-55.12568221,-27.46387536,-55.12568221,-27.46387536]},{"type":"Feature","id":"salud_020801.9866","geometry":{"type":"Point","coordinates":[-55.12378813,-27.48112771]},"geometry_name":"geom","properties":{"gid":9866,"entidad":0,"fna":"Centro de Atención Primaria de la Salud Nº 10 Villa Torneus","gna":"Centro de Atención Primaria de la Salud","nam":"Nº 10 Villa Torneus","fdc":"IGN/SISA","sag":"IGN"},"bbox":[-55.12378813,-27.48112771,-55.12378813,-27.48112771]},{"type":"Feature","id":"salud_020801.9867","geometry":{"type":"Point","coordinates":[-54.63777102,-26.25020305]},"geometry_name":"geom","properties":{"gid":9867,"entidad":0,"fna":"Centro de Atención Primaria de la Salud Yacutingá","gna":"Centro de Atención Primaria de la Salud","nam":"Yacutingá","fdc":"IGN/SISA","sag":"IGN"},"bbox":[-54.63777102,-26.25020305,-54.63777102,-26.25020305]},{"type":"Feature","id":"salud_020801.9868","geometry":{"type":"Point","coordinates":[-55.27513116,-27.79840109]},"geometry_name":"geom","properties":{"gid":9868,"entidad":0,"fna":"Centro de Atención Primaria de la Salud Invernada de Itacaruaré","gna":"Centro de Atención Primaria de la Salud","nam":"Invernada de Itacaruaré","fdc":"IGN/SISA","sag":"IGN"},"bbox":[-55.27513116,-27.79840109,-55.27513116,-27.79840109]},{"type":"Feature","id":"salud_020801.9869","geometry":{"type":"Point","coordinates":[-55.10103341,-27.0613739]},"geometry_name":"geom","properties":{"gid":9869,"entidad":0,"fna":"Centro de Atención Primaria de la Salud Los Teales","gna":"Centro de Atención Primaria de la Salud","nam":"Los Teales","fdc":"IGN/SISA","sag":"IGN"},"bbox":[-55.10103341,-27.0613739,-55.10103341,-27.0613739]},{"type":"Feature","id":"salud_020801.9870","geometry":{"type":"Point","coordinates":[-55.33498759,-27.35739]},"geometry_name":"geom","properties":{"gid":9870,"entidad":0,"fna":"Centro de Atención Primaria de la Salud Domingo Savio","gna":"Centro de Atención Primaria de la Salud","nam":"Domingo Savio","fdc":"IGN/SISA","sag":"IGN"},"bbox":[-55.33498759,-27.35739,-55.33498759,-27.35739]},{"type":"Feature","id":"salud_020801.9871","geometry":{"type":"Point","coordinates":[-55.39738719,-27.31945701]},"geometry_name":"geom","properties":{"gid":9871,"entidad":0,"fna":"Centro de Atención Primaria de la Salud Pastoreo","gna":"Centro de Atención Primaria de la Salud","nam":"Pastoreo","fdc":"IGN/SISA","sag":"IGN"},"bbox":[-55.39738719,-27.31945701,-55.39738719,-27.31945701]},{"type":"Feature","id":"salud_020801.9872","geometry":{"type":"Point","coordinates":[-55.52961937,-27.25114305]},"geometry_name":"geom","properties":{"gid":9872,"entidad":0,"fna":"Centro de Atención Primaria de la Salud San Agustín","gna":"Centro de Atención Primaria de la Salud","nam":"San Agustín","fdc":"IGN/SISA","sag":"IGN"},"bbox":[-55.52961937,-27.25114305,-55.52961937,-27.25114305]},{"type":"Feature","id":"salud_020801.9873","geometry":{"type":"Point","coordinates":[-55.15719139,-27.71259246]},"geometry_name":"geom","properties":{"gid":9873,"entidad":0,"fna":"Centro de Atención Primaria de la Salud Mojón Grande","gna":"Centro de Atención Primaria de la Salud","nam":"Mojón Grande","fdc":"IGN/SISA","sag":"IGN"},"bbox":[-55.15719139,-27.71259246,-55.15719139,-27.71259246]},{"type":"Feature","id":"salud_020801.9874","geometry":{"type":"Point","coordinates":[-55.08396219,-27.63409641]},"geometry_name":"geom","properties":{"gid":9874,"entidad":0,"fna":"Centro de Atención Primaria de la Salud Florentino Ameghino","gna":"Centro de Atención Primaria de la Salud","nam":"Florentino Ameghino","fdc":"IGN/SISA","sag":"IGN"},"bbox":[-55.08396219,-27.63409641,-55.08396219,-27.63409641]},{"type":"Feature","id":"salud_020801.9875","geometry":{"type":"Point","coordinates":[-54.20333295,-26.69116676]},"geometry_name":"geom","properties":{"gid":9875,"entidad":0,"fna":"Centro de Atención Primaria de la Salud Paraíso","gna":"Centro de Atención Primaria de la Salud","nam":"Paraíso","fdc":"IGN/SISA","sag":"IGN"},"bbox":[-54.20333295,-26.69116676,-54.20333295,-26.69116676]},{"type":"Feature","id":"salud_020801.10199","geometry":{"type":"Point","coordinates":[-58.117676,-28.265682]},"geometry_name":"geom","properties":{"gid":10199,"entidad":0,"fna":"Sala Pequeños Productores - Sala Nueva Habana","gna":"Sala","nam":"Pequeños Productores - Sala Nueva Habana","fdc":"IGN/SISA","sag":"IGN"},"bbox":[-58.117676,-28.265682,-58.117676,-28.265682]},{"type":"Feature","id":"salud_020801.10200","geometry":{"type":"Point","coordinates":[-58.608656,-29.339341]},"geometry_name":"geom","properties":{"gid":10200,"entidad":0,"fna":"Centro de Atención Primaria de la Salud Perugorría","gna":"Centro de Atención Primaria de la Salud","nam":"Perugorría","fdc":"IGN/SISA","sag":"IGN"},"bbox":[-58.608656,-29.339341,-58.608656,-29.339341]},{"type":"Feature","id":"salud_020801.10201","geometry":{"type":"Point","coordinates":[-58.79333496,-27.9422467]},"geometry_name":"geom","properties":{"gid":10201,"entidad":0,"fna":"Sala Colonia Sanz","gna":"Sala","nam":"Colonia Sanz","fdc":"IGN/SISA","sag":"IGN"},"bbox":[-58.79333496,-27.9422467,-58.79333496,-27.9422467]},{"type":"Feature","id":"salud_020801.10202","geometry":{"type":"Point","coordinates":[-57.90715509,-27.83701417]},"geometry_name":"geom","properties":{"gid":10202,"entidad":0,"fna":"Salita Municipal Cerrito","gna":"Salita Municipal","nam":"Cerrito","fdc":"IGN/SISA","sag":"IGN"},"bbox":[-57.90715509,-27.83701417,-57.90715509,-27.83701417]},{"type":"Feature","id":"salud_020801.10203","geometry":{"type":"Point","coordinates":[-59.23931122,-29.12682221]},"geometry_name":"geom","properties":{"gid":10203,"entidad":0,"fna":"Centro de Salud Óscar Muniagurria","gna":"Centro de Salud","nam":"Óscar Muniagurria","fdc":"IGN/SISA","sag":"IGN"},"bbox":[-59.23931122,-29.12682221,-59.23931122,-29.12682221]},{"type":"Feature","id":"salud_020801.10204","geometry":{"type":"Point","coordinates":[-58.17372302,-27.33928515]},"geometry_name":"geom","properties":{"gid":10204,"entidad":0,"fna":"Sala Primeros Auxilios La Palmira","gna":"Sala Primeros Auxilios","nam":"La Palmira","fdc":"IGN/SISA","sag":"IGN"},"bbox":[-58.17372302,-27.33928515,-58.17372302,-27.33928515]},{"type":"Feature","id":"salud_020801.10205","geometry":{"type":"Point","coordinates":[-56.6709137,-27.59471771]},"geometry_name":"geom","properties":{"gid":10205,"entidad":0,"fna":"Centro de Atención Primaria de la Salud Digno López","gna":"Centro de Atención Primaria de la Salud","nam":"Digno López","fdc":"IGN/SISA","sag":"IGN"},"bbox":[-56.6709137,-27.59471771,-56.6709137,-27.59471771]},{"type":"Feature","id":"salud_020801.10206","geometry":{"type":"Point","coordinates":[-56.67228699,-27.58863217]},"geometry_name":"geom","properties":{"gid":10206,"entidad":0,"fna":"Centro de Salud San Martín","gna":"Centro de Salud","nam":"San Martín","fdc":"IGN/SISA","sag":"IGN"},"bbox":[-56.67228699,-27.58863217,-56.67228699,-27.58863217]},{"type":"Feature","id":"salud_020801.10207","geometry":{"type":"Point","coordinates":[-56.73934547,-27.50696512]},"geometry_name":"geom","properties":{"gid":10207,"entidad":0,"fna":"Centro de Salud Apipé","gna":"Centro de Salud","nam":"Apipé","fdc":"IGN/SISA","sag":"IGN"},"bbox":[-56.73934547,-27.50696512,-56.73934547,-27.50696512]},{"type":"Feature","id":"salud_020801.10208","geometry":{"type":"Point","coordinates":[-59.17579651,-29.02915595]},"geometry_name":"geom","properties":{"gid":10208,"entidad":0,"fna":"Centro de Salud Doctor Rosembaum","gna":"Centro de Salud","nam":"Doctor Rosembaum","fdc":"IGN/SISA","sag":"IGN"},"bbox":[-59.17579651,-29.02915595,-59.17579651,-29.02915595]},{"type":"Feature","id":"salud_020801.10209","geometry":{"type":"Point","coordinates":[-59.101067,-28.985138]},"geometry_name":"geom","properties":{"gid":10209,"entidad":0,"fna":"Sala Barrio La Estancia","gna":"Sala","nam":"Barrio La Estancia","fdc":"IGN/SISA","sag":"IGN"},"bbox":[-59.101067,-28.985138,-59.101067,-28.985138]},{"type":"Feature","id":"salud_020801.10210","geometry":{"type":"Point","coordinates":[-58.21655273,-28.0368343]},"geometry_name":"geom","properties":{"gid":10210,"entidad":0,"fna":"Sala de Atención Primaria de la Salud Loma Alta Mburucuyá","gna":"Sala de Atención Primaria de la Salud","nam":"Loma Alta Mburucuyá","fdc":"IGN/SISA","sag":"IGN"},"bbox":[-58.21655273,-28.0368343,-58.21655273,-28.0368343]},{"type":"Feature","id":"salud_020801.10211","geometry":{"type":"Point","coordinates":[-58.083842,-29.169615]},"geometry_name":"geom","properties":{"gid":10211,"entidad":0,"fna":"Sala San Francisco","gna":"Sala","nam":"San Francisco","fdc":"IGN/SISA","sag":"IGN"},"bbox":[-58.083842,-29.169615,-58.083842,-29.169615]},{"type":"Feature","id":"salud_020801.10212","geometry":{"type":"Point","coordinates":[-57.0868807,-29.71338887]},"geometry_name":"geom","properties":{"gid":10212,"entidad":0,"fna":"Centro de Salud Doctor Armando Gallesio","gna":"Centro de Salud","nam":"Doctor Armando Gallesio","fdc":"IGN/SISA","sag":"IGN"},"bbox":[-57.0868807,-29.71338887,-57.0868807,-29.71338887]},{"type":"Feature","id":"salud_020801.10213","geometry":{"type":"Point","coordinates":[-58.62329364,-28.25484321]},"geometry_name":"geom","properties":{"gid":10213,"entidad":0,"fna":"Sala de Atención Primaria de la Salud Mil Flores","gna":"Sala de Atención Primaria de la Salud","nam":"Mil Flores","fdc":"IGN/SISA","sag":"IGN"},"bbox":[-58.62329364,-28.25484321,-58.62329364,-28.25484321]},{"type":"Feature","id":"salud_020801.10214","geometry":{"type":"Point","coordinates":[-58.59558105,-27.35896139]},"geometry_name":"geom","properties":{"gid":10214,"entidad":0,"fna":"Sala del Paraje Rincón","gna":"Sala","nam":"del Paraje Rincón","fdc":"IGN/SISA","sag":"IGN"},"bbox":[-58.59558105,-27.35896139,-58.59558105,-27.35896139]},{"type":"Feature","id":"salud_020801.10215","geometry":{"type":"Point","coordinates":[-58.556499,-27.509094]},"geometry_name":"geom","properties":{"gid":10215,"entidad":0,"fna":"Sala de Atención Primaria de la Salud Dios con Nosotros","gna":"Sala de Atención Primaria de la Salud","nam":"Dios con Nosotros","fdc":"IGN/SISA","sag":"IGN"},"bbox":[-58.556499,-27.509094,-58.556499,-27.509094]},{"type":"Feature","id":"salud_020801.10216","geometry":{"type":"Point","coordinates":[-58.556843,-27.509094]},"geometry_name":"geom","properties":{"gid":10216,"entidad":0,"fna":"Sala de Atención Primaria de la Salud El Milagro","gna":"Sala de Atención Primaria de la Salud","nam":"El Milagro","fdc":"IGN/SISA","sag":"IGN"},"bbox":[-58.556843,-27.509094,-58.556843,-27.509094]},{"type":"Feature","id":"salud_020801.10217","geometry":{"type":"Point","coordinates":[-56.64662364,-29.17602614]},"geometry_name":"geom","properties":{"gid":10217,"entidad":0,"fna":"Estación Sanitaria Isoqui","gna":"Estación Sanitaria","nam":"Isoqui","fdc":"IGN/SISA","sag":"IGN"},"bbox":[-56.64662364,-29.17602614,-56.64662364,-29.17602614]},{"type":"Feature","id":"salud_020801.10218","geometry":{"type":"Point","coordinates":[-58.71245674,-28.57499153]},"geometry_name":"geom","properties":{"gid":10218,"entidad":0,"fna":"Estación Sanitaria Colonia Pando","gna":"Estación Sanitaria","nam":"Colonia Pando","fdc":"IGN/SISA","sag":"IGN"},"bbox":[-58.71245674,-28.57499153,-58.71245674,-28.57499153]},{"type":"Feature","id":"salud_020801.10219","geometry":{"type":"Point","coordinates":[-56.041595,-28.556658]},"geometry_name":"geom","properties":{"gid":10219,"entidad":0,"fna":"Centro de Salud La Tablada","gna":"Centro de Salud","nam":"La Tablada","fdc":"IGN/SISA","sag":"IGN"},"bbox":[-56.041595,-28.556658,-56.041595,-28.556658]},{"type":"Feature","id":"salud_020801.10220","geometry":{"type":"Point","coordinates":[-58.7852069,-30.08246094]},"geometry_name":"geom","properties":{"gid":10220,"entidad":0,"fna":"Centro de Atención Primaria de la Salud 2da. Sección Cañaditas","gna":"Centro de Atención Primaria de la Salud","nam":"2da. Sección Cañaditas","fdc":"IGN/SISA","sag":"IGN"},"bbox":[-58.7852069,-30.08246094,-58.7852069,-30.08246094]},{"type":"Feature","id":"salud_020801.10221","geometry":{"type":"Point","coordinates":[-58.78093973,-30.08455634]},"geometry_name":"geom","properties":{"gid":10221,"entidad":0,"fna":"Centro de Atención Primaria de la Salud Waldino Bauza","gna":"Centro de Atención Primaria de la Salud","nam":"Waldino Bauza","fdc":"IGN/SISA","sag":"IGN"},"bbox":[-58.78093973,-30.08455634,-58.78093973,-30.08455634]},{"type":"Feature","id":"salud_020801.10222","geometry":{"type":"Point","coordinates":[-57.70019531,-27.38853471]},"geometry_name":"geom","properties":{"gid":10222,"entidad":0,"fna":"Puesto Sanitario Yahape","gna":"Puesto Sanitario","nam":"Yahape","fdc":"IGN/SISA","sag":"IGN"},"bbox":[-57.70019531,-27.38853471,-57.70019531,-27.38853471]},{"type":"Feature","id":"salud_020801.10223","geometry":{"type":"Point","coordinates":[-58.8378595,-27.4949241]},"geometry_name":"geom","properties":{"gid":10223,"entidad":0,"fna":"Centro de Atención Primaria de la Salud Juan XXIII Barrio Quilmes","gna":"Centro de Atención Primaria de la Salud","nam":"Juan XXIII Barrio Quilmes","fdc":"IGN/SISA","sag":"IGN"},"bbox":[-58.8378595,-27.4949241,-58.8378595,-27.4949241]},{"type":"Feature","id":"salud_020801.10224","geometry":{"type":"Point","coordinates":[-58.82530689,-27.48179506]},"geometry_name":"geom","properties":{"gid":10224,"entidad":0,"fna":"Centro de Atención Primaria de la Salud VIII Barrio Santa Teresita","gna":"Centro de Atención Primaria de la Salud","nam":"VIII Barrio Santa Teresita","fdc":"IGN/SISA","sag":"IGN"},"bbox":[-58.82530689,-27.48179506,-58.82530689,-27.48179506]},{"type":"Feature","id":"salud_020801.10225","geometry":{"type":"Point","coordinates":[-58.82071495,-27.45854924]},"geometry_name":"geom","properties":{"gid":10225,"entidad":0,"fna":"Sala de Atención Primaria de la Salud Barrio Cichero","gna":"Sala de Atención Primaria de la Salud","nam":"Barrio Cichero","fdc":"IGN/SISA","sag":"IGN"},"bbox":[-58.82071495,-27.45854924,-58.82071495,-27.45854924]},{"type":"Feature","id":"salud_020801.10226","geometry":{"type":"Point","coordinates":[-58.8413315,-27.4812698]},"geometry_name":"geom","properties":{"gid":10226,"entidad":0,"fna":"Sala de Atención Primaria de la Salud Barrio Güemes","gna":"Sala de Atención Primaria de la Salud","nam":"Barrio Güemes","fdc":"IGN/SISA","sag":"IGN"},"bbox":[-58.8413315,-27.4812698,-58.8413315,-27.4812698]},{"type":"Feature","id":"salud_020801.10227","geometry":{"type":"Point","coordinates":[-58.81856918,-27.49098922]},"geometry_name":"geom","properties":{"gid":10227,"entidad":0,"fna":"Sala de Atención Primaria de la Salud Barrio Primera Junta","gna":"Sala de Atención Primaria de la Salud","nam":"Barrio Primera Junta","fdc":"IGN/SISA","sag":"IGN"},"bbox":[-58.81856918,-27.49098922,-58.81856918,-27.49098922]},{"type":"Feature","id":"salud_020801.10228","geometry":{"type":"Point","coordinates":[-58.85191441,-27.48870503]},"geometry_name":"geom","properties":{"gid":10228,"entidad":0,"fna":"Sala de Atención Primaria de la Salud Blugerman","gna":"Sala de Atención Primaria de la Salud","nam":"Blugerman","fdc":"IGN/SISA","sag":"IGN"},"bbox":[-58.85191441,-27.48870503,-58.85191441,-27.48870503]},{"type":"Feature","id":"salud_020801.10229","geometry":{"type":"Point","coordinates":[-58.8060544,-27.4841018]},"geometry_name":"geom","properties":{"gid":10229,"entidad":0,"fna":"Sala de Atención Primaria de la Salud Barrio Villa Chiquita","gna":"Sala de Atención Primaria de la Salud","nam":"Barrio Villa Chiquita","fdc":"IGN/SISA","sag":"IGN"},"bbox":[-58.8060544,-27.4841018,-58.8060544,-27.4841018]},{"type":"Feature","id":"salud_020801.10230","geometry":{"type":"Point","coordinates":[-58.79020214,-27.45717832]},"geometry_name":"geom","properties":{"gid":10230,"entidad":0,"fna":"Sala de Atención Primaria de la Salud Doctor Manuel A. González","gna":"Sala de Atención Primaria de la Salud","nam":"Doctor Manuel A. González","fdc":"IGN/SISA","sag":"IGN"},"bbox":[-58.79020214,-27.45717832,-58.79020214,-27.45717832]},{"type":"Feature","id":"salud_020801.10231","geometry":{"type":"Point","coordinates":[-58.78286362,-27.45957741]},"geometry_name":"geom","properties":{"gid":10231,"entidad":0,"fna":"Sala de Atención Primaria de la Salud Doctor Juan Carlos Semper","gna":"Sala de Atención Primaria de la Salud","nam":"Doctor Juan Carlos Semper","fdc":"IGN/SISA","sag":"IGN"},"bbox":[-58.78286362,-27.45957741,-58.78286362,-27.45957741]},{"type":"Feature","id":"salud_020801.10232","geometry":{"type":"Point","coordinates":[-58.78882885,-27.47636957]},"geometry_name":"geom","properties":{"gid":10232,"entidad":0,"fna":"Sala de Atención Primaria de la Salud Doctor Guillermo Rawson","gna":"Sala de Atención Primaria de la Salud","nam":"Doctor Guillermo Rawson","fdc":"IGN/SISA","sag":"IGN"},"bbox":[-58.78882885,-27.47636957,-58.78882885,-27.47636957]},{"type":"Feature","id":"salud_020801.10233","geometry":{"type":"Point","coordinates":[-58.8041812,-27.4775245]},"geometry_name":"geom","properties":{"gid":10233,"entidad":0,"fna":"Sala de Atención Primaria de la Salud Villa García","gna":"Sala de Atención Primaria de la Salud","nam":"Villa García","fdc":"IGN/SISA","sag":"IGN"},"bbox":[-58.8041812,-27.4775245,-58.8041812,-27.4775245]},{"type":"Feature","id":"salud_020801.10234","geometry":{"type":"Point","coordinates":[-58.84105682,-27.4938444]},"geometry_name":"geom","properties":{"gid":10234,"entidad":0,"fna":"Sala de Atención Primaria de la Salud Santa Marta","gna":"Sala de Atención Primaria de la Salud","nam":"Santa Marta","fdc":"IGN/SISA","sag":"IGN"},"bbox":[-58.84105682,-27.4938444,-58.84105682,-27.4938444]},{"type":"Feature","id":"salud_020801.10235","geometry":{"type":"Point","coordinates":[-59.95375178,-31.18356815]},"geometry_name":"geom","properties":{"gid":10235,"entidad":0,"fna":"Centro de Salud Barrio El Progreso","gna":"Centro de Salud","nam":"Barrio El Progreso","fdc":"IGN/SISA","sag":"IGN"},"bbox":[-59.95375178,-31.18356815,-59.95375178,-31.18356815]},{"type":"Feature","id":"salud_020801.10236","geometry":{"type":"Point","coordinates":[-60.50869681,-31.73198591]},"geometry_name":"geom","properties":{"gid":10236,"entidad":0,"fna":"Centro de Salud El Brete","gna":"Centro de Salud","nam":"El Brete","fdc":"IGN/SISA","sag":"IGN"},"bbox":[-60.50869681,-31.73198591,-60.50869681,-31.73198591]},{"type":"Feature","id":"salud_020801.10237","geometry":{"type":"Point","coordinates":[-60.55315617,-31.73138719]},"geometry_name":"geom","properties":{"gid":10237,"entidad":0,"fna":"Centro de Salud Antártida Argentina","gna":"Centro de Salud","nam":"Antártida Argentina","fdc":"IGN/SISA","sag":"IGN"},"bbox":[-60.55315617,-31.73138719,-60.55315617,-31.73138719]},{"type":"Feature","id":"salud_020801.10238","geometry":{"type":"Point","coordinates":[-60.53999618,-31.72009555]},"geometry_name":"geom","properties":{"gid":10238,"entidad":0,"fna":"Centro de Salud Apolinario Osinalde","gna":"Centro de Salud","nam":"Apolinario Osinalde","fdc":"IGN/SISA","sag":"IGN"},"bbox":[-60.53999618,-31.72009555,-60.53999618,-31.72009555]},{"type":"Feature","id":"salud_020801.10239","geometry":{"type":"Point","coordinates":[-60.5017242,-31.72919366]},"geometry_name":"geom","properties":{"gid":10239,"entidad":0,"fna":"Centro de Salud Doctor José Alcain","gna":"Centro de Salud","nam":"Doctor José Alcain","fdc":"IGN/SISA","sag":"IGN"},"bbox":[-60.5017242,-31.72919366,-60.5017242,-31.72919366]},{"type":"Feature","id":"salud_020801.10240","geometry":{"type":"Point","coordinates":[-60.50764819,-31.74095039]},"geometry_name":"geom","properties":{"gid":10240,"entidad":0,"fna":"Centro de Salud Estanislao Zeballos","gna":"Centro de Salud","nam":"Estanislao Zeballos","fdc":"IGN/SISA","sag":"IGN"},"bbox":[-60.50764819,-31.74095039,-60.50764819,-31.74095039]},{"type":"Feature","id":"salud_020801.10241","geometry":{"type":"Point","coordinates":[-60.49326741,-31.74485015]},"geometry_name":"geom","properties":{"gid":10241,"entidad":0,"fna":"Centro de Salud Malvinas Argentinas","gna":"Centro de Salud","nam":"Malvinas Argentinas","fdc":"IGN/SISA","sag":"IGN"},"bbox":[-60.49326741,-31.74485015,-60.49326741,-31.74485015]},{"type":"Feature","id":"salud_020801.10242","geometry":{"type":"Point","coordinates":[-60.54129134,-31.71514058]},"geometry_name":"geom","properties":{"gid":10242,"entidad":0,"fna":"Centro de Salud Puerto Viejo","gna":"Centro de Salud","nam":"Puerto Viejo","fdc":"IGN/SISA","sag":"IGN"},"bbox":[-60.54129134,-31.71514058,-60.54129134,-31.71514058]},{"type":"Feature","id":"salud_020801.10243","geometry":{"type":"Point","coordinates":[-60.35649528,-31.74505411]},"geometry_name":"geom","properties":{"gid":10243,"entidad":0,"fna":"Centro de Salud Sauce Montrull","gna":"Centro de Salud","nam":"Sauce Montrull","fdc":"IGN/SISA","sag":"IGN"},"bbox":[-60.35649528,-31.74505411,-60.35649528,-31.74505411]},{"type":"Feature","id":"salud_020801.10244","geometry":{"type":"Point","coordinates":[-60.37636173,-31.64509581]},"geometry_name":"geom","properties":{"gid":10244,"entidad":0,"fna":"Centro de Salud Teniente 1° Ibáñez","gna":"Centro de Salud","nam":"Teniente 1° Ibáñez","fdc":"IGN/SISA","sag":"IGN"},"bbox":[-60.37636173,-31.64509581,-60.37636173,-31.64509581]},{"type":"Feature","id":"salud_020801.10245","geometry":{"type":"Point","coordinates":[-59.39905788,-32.63735052]},"geometry_name":"geom","properties":{"gid":10245,"entidad":0,"fna":"Centro de Salud Sagrado Corazón","gna":"Centro de Salud","nam":"Sagrado Corazón","fdc":"IGN/SISA","sag":"IGN"},"bbox":[-59.39905788,-32.63735052,-59.39905788,-32.63735052]},{"type":"Feature","id":"salud_020801.10246","geometry":{"type":"Point","coordinates":[-59.17493619,-32.08545185]},"geometry_name":"geom","properties":{"gid":10246,"entidad":0,"fna":"Centro de Salud Onésimo Leguizamón","gna":"Centro de Salud","nam":"Onésimo Leguizamón","fdc":"IGN/SISA","sag":"IGN"},"bbox":[-59.17493619,-32.08545185,-59.17493619,-32.08545185]},{"type":"Feature","id":"salud_020801.10247","geometry":{"type":"Point","coordinates":[-59.28276297,-31.98912868]},"geometry_name":"geom","properties":{"gid":10247,"entidad":0,"fna":"Centro de Salud Natalio Bendeski","gna":"Centro de Salud","nam":"Natalio Bendeski","fdc":"IGN/SISA","sag":"IGN"},"bbox":[-59.28276297,-31.98912868,-59.28276297,-31.98912868]},{"type":"Feature","id":"salud_020801.10248","geometry":{"type":"Point","coordinates":[-59.14711648,-32.29664805]},"geometry_name":"geom","properties":{"gid":10248,"entidad":0,"fna":"Centro de Salud 7 de Noviembre","gna":"Centro de Salud","nam":"7 de Noviembre","fdc":"IGN/SISA","sag":"IGN"},"bbox":[-59.14711648,-32.29664805,-59.14711648,-32.29664805]},{"type":"Feature","id":"salud_020801.10249","geometry":{"type":"Point","coordinates":[-59.306133,-32.08180044]},"geometry_name":"geom","properties":{"gid":10249,"entidad":0,"fna":"Centro de Salud Doctor Ferro","gna":"Centro de Salud","nam":"Doctor Ferro","fdc":"IGN/SISA","sag":"IGN"},"bbox":[-59.306133,-32.08180044,-59.306133,-32.08180044]},{"type":"Feature","id":"salud_020801.10250","geometry":{"type":"Point","coordinates":[-59.14207345,-32.30087244]},"geometry_name":"geom","properties":{"gid":10250,"entidad":0,"fna":"Centro de Salud del Carmen","gna":"Centro de Salud","nam":"del Carmen","fdc":"IGN/SISA","sag":"IGN"},"bbox":[-59.14207345,-32.30087244,-59.14207345,-32.30087244]},{"type":"Feature","id":"salud_020801.10251","geometry":{"type":"Point","coordinates":[-58.42674989,-32.25692352]},"geometry_name":"geom","properties":{"gid":10251,"entidad":0,"fna":"Centro de Salud Víctor Monzalvo","gna":"Centro de Salud","nam":"Víctor Monzalvo","fdc":"IGN/SISA","sag":"IGN"},"bbox":[-58.42674989,-32.25692352,-58.42674989,-32.25692352]},{"type":"Feature","id":"salud_020801.10252","geometry":{"type":"Point","coordinates":[-58.96642973,-32.34215489]},"geometry_name":"geom","properties":{"gid":10252,"entidad":0,"fna":"Centro de Salud Madre Teresa de Calcuta","gna":"Centro de Salud","nam":"Madre Teresa de Calcuta","fdc":"IGN/SISA","sag":"IGN"},"bbox":[-58.96642973,-32.34215489,-58.96642973,-32.34215489]},{"type":"Feature","id":"salud_020801.10253","geometry":{"type":"Point","coordinates":[-58.24722002,-32.49031203]},"geometry_name":"geom","properties":{"gid":10253,"entidad":0,"fna":"Centro de Salud Amanda Ledesma","gna":"Centro de Salud","nam":"Amanda Ledesma","fdc":"IGN/SISA","sag":"IGN"},"bbox":[-58.24722002,-32.49031203,-58.24722002,-32.49031203]},{"type":"Feature","id":"salud_020801.10254","geometry":{"type":"Point","coordinates":[-58.23410781,-32.49302773]},"geometry_name":"geom","properties":{"gid":10254,"entidad":0,"fna":"Centro de Salud La Concepción","gna":"Centro de Salud","nam":"La Concepción","fdc":"IGN/SISA","sag":"IGN"},"bbox":[-58.23410781,-32.49302773,-58.23410781,-32.49302773]},{"type":"Feature","id":"salud_020801.10255","geometry":{"type":"Point","coordinates":[-59.94502553,-32.80085958]},"geometry_name":"geom","properties":{"gid":10255,"entidad":0,"fna":"Centro de Salud Alejandro Fleming","gna":"Centro de Salud","nam":"Alejandro Fleming","fdc":"IGN/SISA","sag":"IGN"},"bbox":[-59.94502553,-32.80085958,-59.94502553,-32.80085958]},{"type":"Feature","id":"salud_020801.10256","geometry":{"type":"Point","coordinates":[-60.14064197,-32.61433824]},"geometry_name":"geom","properties":{"gid":10256,"entidad":0,"fna":"Centro de Salud Barrio San Roque","gna":"Centro de Salud","nam":"Barrio San Roque","fdc":"IGN/SISA","sag":"IGN"},"bbox":[-60.14064197,-32.61433824,-60.14064197,-32.61433824]},{"type":"Feature","id":"salud_020801.10257","geometry":{"type":"Point","coordinates":[-60.16492236,-32.61436633]},"geometry_name":"geom","properties":{"gid":10257,"entidad":0,"fna":"Sala de Primeros Auxilios Benito Ibarrolaburu","gna":"Sala de Primeros Auxilios","nam":"Benito Ibarrolaburu","fdc":"IGN/SISA","sag":"IGN"},"bbox":[-60.16492236,-32.61436633,-60.16492236,-32.61436633]},{"type":"Feature","id":"salud_020801.10258","geometry":{"type":"Point","coordinates":[-59.20175953,-31.50978101]},"geometry_name":"geom","properties":{"gid":10258,"entidad":0,"fna":"Centro de Salud Doctor Pedro Solari","gna":"Centro de Salud","nam":"Doctor Pedro Solari","fdc":"IGN/SISA","sag":"IGN"},"bbox":[-59.20175953,-31.50978101,-59.20175953,-31.50978101]},{"type":"Feature","id":"salud_020801.10259","geometry":{"type":"Point","coordinates":[-59.16565284,-31.80853083]},"geometry_name":"geom","properties":{"gid":10259,"entidad":0,"fna":"Centro de Salud Doctor Héctor E. Torra","gna":"Centro de Salud","nam":"Doctor Héctor E. Torra","fdc":"IGN/SISA","sag":"IGN"},"bbox":[-59.16565284,-31.80853083,-59.16565284,-31.80853083]},{"type":"Feature","id":"salud_020801.10260","geometry":{"type":"Point","coordinates":[-60.71797428,-32.81955431]},"geometry_name":"geom","properties":{"gid":10260,"entidad":0,"fna":"Servicio para la Atención Médica de la Comunidad Doctor Reynaldo Barrionuevo","gna":"Servicio para la Atención Médica de la Comunidad","nam":"Doctor Reynaldo Barrionuevo","fdc":"IGN/SISA","sag":"IGN"},"bbox":[-60.71797428,-32.81955431,-60.71797428,-32.81955431]},{"type":"Feature","id":"salud_020801.10261","geometry":{"type":"Point","coordinates":[-61.14307482,-32.86337745]},"geometry_name":"geom","properties":{"gid":10261,"entidad":0,"fna":"Hospital Carlos Goytia","gna":"Hospital","nam":"Carlos Goytia","fdc":"IGN/OSM/SISA","sag":"IGN"},"bbox":[-61.14307482,-32.86337745,-61.14307482,-32.86337745]},{"type":"Feature","id":"salud_020801.10262","geometry":{"type":"Point","coordinates":[-61.91520975,-34.01576923]},"geometry_name":"geom","properties":{"gid":10262,"entidad":0,"fna":"Servicio para la Atención Médica de la Comunidad María Teresa","gna":"Servicio para la Atención Médica de la Comunidad","nam":"María Teresa","fdc":"IGN/SISA","sag":"IGN"},"bbox":[-61.91520975,-34.01576923,-61.91520975,-34.01576923]},{"type":"Feature","id":"salud_020801.10263","geometry":{"type":"Point","coordinates":[-61.47878606,-30.71342765]},"geometry_name":"geom","properties":{"gid":10263,"entidad":0,"fna":"Servicio para la Atención Médica de la Comunidad Barón Hirsch","gna":"Servicio para la Atención Médica de la Comunidad","nam":"Barón Hirsch","fdc":"IGN/SISA","sag":"IGN"},"bbox":[-61.47878606,-30.71342765,-61.47878606,-30.71342765]},{"type":"Feature","id":"salud_020801.10264","geometry":{"type":"Point","coordinates":[-60.7157331,-31.6331099]},"geometry_name":"geom","properties":{"gid":10264,"entidad":0,"fna":"Hospital Doctor J. B. Iturraspe","gna":"Hospital","nam":"Doctor J. B. Iturraspe","fdc":"IGN/SISA","sag":"IGN"},"bbox":[-60.7157331,-31.6331099,-60.7157331,-31.6331099]},{"type":"Feature","id":"salud_020801.10265","geometry":{"type":"Point","coordinates":[-60.64665173,-32.99931064]},"geometry_name":"geom","properties":{"gid":10265,"entidad":0,"fna":"Hospital Doctor Roque Saénz Peña","gna":"Hospital","nam":"Doctor Roque Saénz Peña","fdc":"IGN/SISA","sag":"IGN"},"bbox":[-60.64665173,-32.99931064,-60.64665173,-32.99931064]},{"type":"Feature","id":"salud_020801.10266","geometry":{"type":"Point","coordinates":[-61.11729609,-33.54091274]},"geometry_name":"geom","properties":{"gid":10266,"entidad":0,"fna":"Servicio para la Atención Médica de la Comunidad Doctor Julio J. Maiztegui","gna":"Servicio para la Atención Médica de la Comunidad","nam":"Doctor Julio J. Maiztegui","fdc":"IGN/SISA","sag":"IGN"},"bbox":[-61.11729609,-33.54091274,-61.11729609,-33.54091274]},{"type":"Feature","id":"salud_020801.10267","geometry":{"type":"Point","coordinates":[-61.56135854,-30.94209002]},"geometry_name":"geom","properties":{"gid":10267,"entidad":0,"fna":"Servicio para la Atención Médica de la Comunidad Doctor Amílcar Gorosito","gna":"Servicio para la Atención Médica de la Comunidad","nam":"Doctor Amílcar Gorosito","fdc":"IGN/SISA","sag":"IGN"},"bbox":[-61.56135854,-30.94209002,-61.56135854,-30.94209002]},{"type":"Feature","id":"salud_020801.10268","geometry":{"type":"Point","coordinates":[-61.69577974,-29.50105883]},"geometry_name":"geom","properties":{"gid":10268,"entidad":0,"fna":"Servicio para la Atención Médica de la Comunidad Logroño","gna":"Servicio para la Atención Médica de la Comunidad","nam":"Logroño","fdc":"IGN/SISA","sag":"IGN"},"bbox":[-61.69577974,-29.50105883,-61.69577974,-29.50105883]},{"type":"Feature","id":"salud_020801.10269","geometry":{"type":"Point","coordinates":[-61.88715506,-32.42501527]},"geometry_name":"geom","properties":{"gid":10269,"entidad":0,"fna":"Servicio para la Atención Médica de la Comunidad Bouquet","gna":"Servicio para la Atención Médica de la Comunidad","nam":"Bouquet","fdc":"IGN/SISA","sag":"IGN"},"bbox":[-61.88715506,-32.42501527,-61.88715506,-32.42501527]},{"type":"Feature","id":"salud_020801.10270","geometry":{"type":"Point","coordinates":[-61.81775827,-32.74625721]},"geometry_name":"geom","properties":{"gid":10270,"entidad":0,"fna":"Servicio para la Atención Médica de la Comunidad Tortugas","gna":"Servicio para la Atención Médica de la Comunidad","nam":"Tortugas","fdc":"IGN/SISA","sag":"IGN"},"bbox":[-61.81775827,-32.74625721,-61.81775827,-32.74625721]},{"type":"Feature","id":"salud_020801.10271","geometry":{"type":"Point","coordinates":[-61.86179461,-33.33671371]},"geometry_name":"geom","properties":{"gid":10271,"entidad":0,"fna":"Servicio para la Atención Médica de la Comunidad Doctor Juan Basilio Blanco","gna":"Servicio para la Atención Médica de la Comunidad","nam":"Doctor Juan Basilio Blanco","fdc":"IGN/SISA/Street View","sag":"IGN"},"bbox":[-61.86179461,-33.33671371,-61.86179461,-33.33671371]},{"type":"Feature","id":"salud_020801.10272","geometry":{"type":"Point","coordinates":[-60.50324446,-31.73464359]},"geometry_name":"geom","properties":{"gid":10272,"entidad":0,"fna":"Hospital Geriátrico Doctor Pascual Palma","gna":"Hospital Geriátrico","nam":"Doctor Pascual Palma","fdc":"IGN/SISA","sag":"IGN"},"bbox":[-60.50324446,-31.73464359,-60.50324446,-31.73464359]},{"type":"Feature","id":"salud_020801.10273","geometry":{"type":"Point","coordinates":[-60.52322108,-31.7406098]},"geometry_name":"geom","properties":{"gid":10273,"entidad":0,"fna":"Hospital San Martín","gna":"Hospital","nam":"San Martín","fdc":"IGN/SISA","sag":"IGN"},"bbox":[-60.52322108,-31.7406098,-60.52322108,-31.7406098]},{"type":"Feature","id":"salud_020801.10274","geometry":{"type":"Point","coordinates":[-58.40112923,-31.52710849]},"geometry_name":"geom","properties":{"gid":10274,"entidad":0,"fna":"Hospital María Eva Duarte de Perón","gna":"Hospital","nam":"María Eva Duarte de Perón","fdc":"IGN/SISA","sag":"IGN"},"bbox":[-58.40112923,-31.52710849,-58.40112923,-31.52710849]},{"type":"Feature","id":"salud_020801.10275","geometry":{"type":"Point","coordinates":[-60.20052313,-32.17120074]},"geometry_name":"geom","properties":{"gid":10275,"entidad":0,"fna":"Hospital Nuestra Señora de Luján","gna":"Hospital","nam":"Nuestra Señora de Luján","fdc":"IGN/SISA","sag":"IGN"},"bbox":[-60.20052313,-32.17120074,-60.20052313,-32.17120074]},{"type":"Feature","id":"salud_020801.10276","geometry":{"type":"Point","coordinates":[-57.92310739,-30.98639741]},"geometry_name":"geom","properties":{"gid":10276,"entidad":0,"fna":"Hospital San José","gna":"Hospital","nam":"San José","fdc":"IGN/OSM/SISA","sag":"IGN"},"bbox":[-57.92310739,-30.98639741,-57.92310739,-30.98639741]},{"type":"Feature","id":"salud_020801.10277","geometry":{"type":"Point","coordinates":[-58.74148814,-30.38693752]},"geometry_name":"geom","properties":{"gid":10277,"entidad":0,"fna":"Hospital Francisco Ramírez","gna":"Hospital","nam":"Francisco Ramírez","fdc":"IGN/SISA","sag":"IGN"},"bbox":[-58.74148814,-30.38693752,-58.74148814,-30.38693752]},{"type":"Feature","id":"salud_020801.10278","geometry":{"type":"Point","coordinates":[-59.14879485,-33.74478874]},"geometry_name":"geom","properties":{"gid":10278,"entidad":0,"fna":"Hospital Behering","gna":"Hospital","nam":"Behering","fdc":"IGN/SISA","sag":"IGN"},"bbox":[-59.14879485,-33.74478874,-59.14879485,-33.74478874]},{"type":"Feature","id":"salud_020801.10279","geometry":{"type":"Point","coordinates":[-59.40045493,-30.68660006]},"geometry_name":"geom","properties":{"gid":10279,"entidad":0,"fna":"Hospital Gregoria Pérez","gna":"Hospital","nam":"Gregoria Pérez","fdc":"IGN/SISA","sag":"IGN"},"bbox":[-59.40045493,-30.68660006,-59.40045493,-30.68660006]},{"type":"Feature","id":"salud_020801.10280","geometry":{"type":"Point","coordinates":[-59.79220144,-30.94124192]},"geometry_name":"geom","properties":{"gid":10280,"entidad":0,"fna":"Hospital Santa Elena","gna":"Hospital","nam":"Santa Elena","fdc":"IGN/SISA","sag":"IGN"},"bbox":[-59.79220144,-30.94124192,-59.79220144,-30.94124192]},{"type":"Feature","id":"salud_020801.10281","geometry":{"type":"Point","coordinates":[-59.59757229,-31.45238615]},"geometry_name":"geom","properties":{"gid":10281,"entidad":0,"fna":"Hospital Ecuador","gna":"Hospital","nam":"Ecuador","fdc":"IGN/OSM/SISA","sag":"IGN"},"bbox":[-59.59757229,-31.45238615,-59.59757229,-31.45238615]},{"type":"Feature","id":"salud_020801.10282","geometry":{"type":"Point","coordinates":[-60.06990912,-31.58048892]},"geometry_name":"geom","properties":{"gid":10282,"entidad":0,"fna":"Hospital José María Miranda","gna":"Hospital","nam":"José María Miranda","fdc":"IGN/SISA","sag":"IGN"},"bbox":[-60.06990912,-31.58048892,-60.06990912,-31.58048892]},{"type":"Feature","id":"salud_020801.10283","geometry":{"type":"Point","coordinates":[-59.83624503,-31.51303248]},"geometry_name":"geom","properties":{"gid":10283,"entidad":0,"fna":"Hospital Doctor Brague Villar","gna":"Hospital","nam":"Doctor Brague Villar","fdc":"IGN/SISA","sag":"IGN"},"bbox":[-59.83624503,-31.51303248,-59.83624503,-31.51303248]},{"type":"Feature","id":"salud_020801.10586","geometry":{"type":"Point","coordinates":[-55.29928029,-27.48557695]},"geometry_name":"geom","properties":{"gid":10586,"entidad":0,"fna":"Centro de Atención Primaria de la Salud Caá Yarí","gna":"Centro de Atención Primaria de la Salud","nam":"Caá Yarí","fdc":"IGN/SISA","sag":"IGN"},"bbox":[-55.29928029,-27.48557695,-55.29928029,-27.48557695]},{"type":"Feature","id":"salud_020801.10587","geometry":{"type":"Point","coordinates":[-55.27522589,-27.73150804]},"geometry_name":"geom","properties":{"gid":10587,"entidad":0,"fna":"Centro de Atención Primaria de la Salud Kilómetro 26","gna":"Centro de Atención Primaria de la Salud","nam":"Kilómetro 26","fdc":"IGN/SISA","sag":"IGN"},"bbox":[-55.27522589,-27.73150804,-55.27522589,-27.73150804]},{"type":"Feature","id":"salud_020801.10588","geometry":{"type":"Point","coordinates":[-54.15772676,-26.6499375]},"geometry_name":"geom","properties":{"gid":10588,"entidad":0,"fna":"Centro de Atención Primaria de la Salud San Lorenzo","gna":"Centro de Atención Primaria de la Salud","nam":"San Lorenzo","fdc":"IGN/SISA","sag":"IGN"},"bbox":[-54.15772676,-26.6499375,-54.15772676,-26.6499375]},{"type":"Feature","id":"salud_020801.10589","geometry":{"type":"Point","coordinates":[-55.58327258,-27.95256072]},"geometry_name":"geom","properties":{"gid":10589,"entidad":0,"fna":"Centro de Atención Primaria de la Salud Monyolito II","gna":"Centro de Atención Primaria de la Salud","nam":"Monyolito II","fdc":"IGN/SISA","sag":"IGN"},"bbox":[-55.58327258,-27.95256072,-55.58327258,-27.95256072]},{"type":"Feature","id":"salud_020801.10590","geometry":{"type":"Point","coordinates":[-55.32945514,-27.83628384]},"geometry_name":"geom","properties":{"gid":10590,"entidad":0,"fna":"Centro de Atención Primaria de la Salud La Arrocera","gna":"Centro de Atención Primaria de la Salud","nam":"La Arrocera","fdc":"IGN/SISA","sag":"IGN"},"bbox":[-55.32945514,-27.83628384,-55.32945514,-27.83628384]},{"type":"Feature","id":"salud_020801.10591","geometry":{"type":"Point","coordinates":[-55.733002,-27.4549117]},"geometry_name":"geom","properties":{"gid":10591,"entidad":0,"fna":"Centro de Atención Primaria de la Salud Nº 2 Anselmo","gna":"Centro de Atención Primaria de la Salud","nam":"Nº 2 Anselmo","fdc":"IGN/SISA","sag":"IGN"},"bbox":[-55.733002,-27.4549117,-55.733002,-27.4549117]},{"type":"Feature","id":"salud_020801.10592","geometry":{"type":"Point","coordinates":[-55.79416662,-27.75034844]},"geometry_name":"geom","properties":{"gid":10592,"entidad":0,"fna":"Centro de Atención Primaria de la Salud Pindapoy","gna":"Centro de Atención Primaria de la Salud","nam":"Pindapoy","fdc":"IGN/SISA","sag":"IGN"},"bbox":[-55.79416662,-27.75034844,-55.79416662,-27.75034844]},{"type":"Feature","id":"salud_020801.10593","geometry":{"type":"Point","coordinates":[-55.759689,-27.92182]},"geometry_name":"geom","properties":{"gid":10593,"entidad":0,"fna":"Centro de Atención Primaria de la Salud Nº 1 Apóstoles","gna":"Centro de Atención Primaria de la Salud","nam":"Nº 1 Apóstoles","fdc":"IGN/SISA","sag":"IGN"},"bbox":[-55.759689,-27.92182,-55.759689,-27.92182]},{"type":"Feature","id":"salud_020801.10594","geometry":{"type":"Point","coordinates":[-55.40178895,-27.50901539]},"geometry_name":"geom","properties":{"gid":10594,"entidad":0,"fna":"Centro de Atención Primaria de la Salud Almafuerte","gna":"Centro de Atención Primaria de la Salud","nam":"Almafuerte","fdc":"IGN/SISA","sag":"IGN"},"bbox":[-55.40178895,-27.50901539,-55.40178895,-27.50901539]},{"type":"Feature","id":"salud_020801.10595","geometry":{"type":"Point","coordinates":[-55.7044945,-27.6295069]},"geometry_name":"geom","properties":{"gid":10595,"entidad":0,"fna":"Centro de Atención Primaria de la Salud Centro Fachinal","gna":"Centro de Atención Primaria de la Salud","nam":"Centro Fachinal","fdc":"IGN/SISA","sag":"IGN"},"bbox":[-55.7044945,-27.6295069,-55.7044945,-27.6295069]},{"type":"Feature","id":"salud_020801.10596","geometry":{"type":"Point","coordinates":[-55.95908413,-27.42038484]},"geometry_name":"geom","properties":{"gid":10596,"entidad":0,"fna":"Centro de Atención Primaria de la Salud Barrio Belén","gna":"Centro de Atención Primaria de la Salud","nam":"Barrio Belén","fdc":"IGN/SISA","sag":"IGN"},"bbox":[-55.95908413,-27.42038484,-55.95908413,-27.42038484]},{"type":"Feature","id":"salud_020801.10597","geometry":{"type":"Point","coordinates":[-54.98247,-27.66903]},"geometry_name":"geom","properties":{"gid":10597,"entidad":0,"fna":"Centro de Atención Primaria de la Salud Panambí Kilómetro 8","gna":"Centro de Atención Primaria de la Salud","nam":"Panambí Kilómetro 8","fdc":"IGN/SISA","sag":"IGN"},"bbox":[-54.98247,-27.66903,-54.98247,-27.66903]},{"type":"Feature","id":"salud_020801.10598","geometry":{"type":"Point","coordinates":[-55.5217485,-27.9806169]},"geometry_name":"geom","properties":{"gid":10598,"entidad":0,"fna":"Centro de Atención Primaria de la Salud El Palomar (Roston)","gna":"Centro de Atención Primaria de la Salud","nam":"El Palomar (Roston)","fdc":"IGN/SISA","sag":"IGN"},"bbox":[-55.5217485,-27.9806169,-55.5217485,-27.9806169]},{"type":"Feature","id":"salud_020801.10599","geometry":{"type":"Point","coordinates":[-55.57778481,-28.11160623]},"geometry_name":"geom","properties":{"gid":10599,"entidad":0,"fna":"Puesto de Salud Barra Concepción","gna":"Puesto de Salud","nam":"Barra Concepción","fdc":"IGN/SISA","sag":"IGN"},"bbox":[-55.57778481,-28.11160623,-55.57778481,-28.11160623]},{"type":"Feature","id":"salud_020801.10600","geometry":{"type":"Point","coordinates":[-54.46476133,-26.42829813]},"geometry_name":"geom","properties":{"gid":10600,"entidad":0,"fna":"Centro de Atención Primaria de la Salud 9 de Julio Kilómetro 28","gna":"Centro de Atención Primaria de la Salud","nam":"9 de Julio Kilómetro 28","fdc":"IGN/SISA","sag":"IGN"},"bbox":[-54.46476133,-26.42829813,-54.46476133,-26.42829813]},{"type":"Feature","id":"salud_020801.10601","geometry":{"type":"Point","coordinates":[-53.90257249,-25.94028647]},"geometry_name":"geom","properties":{"gid":10601,"entidad":0,"fna":"Centro de Atención Primaria de la Salud Paraje Capitán Giachino","gna":"Centro de Atención Primaria de la Salud","nam":"Paraje Capitán Giachino","fdc":"IGN/SISA","sag":"IGN"},"bbox":[-53.90257249,-25.94028647,-53.90257249,-25.94028647]},{"type":"Feature","id":"salud_020801.10602","geometry":{"type":"Point","coordinates":[-53.78408,-26.08914]},"geometry_name":"geom","properties":{"gid":10602,"entidad":0,"fna":"Centro de Atención Primaria de la Salud Paraje Sarmiento","gna":"Centro de Atención Primaria de la Salud","nam":"Paraje Sarmiento","fdc":"IGN/SISA","sag":"IGN"},"bbox":[-53.78408,-26.08914,-53.78408,-26.08914]},{"type":"Feature","id":"salud_020801.10603","geometry":{"type":"Point","coordinates":[-54.0077376,-25.59099233]},"geometry_name":"geom","properties":{"gid":10603,"entidad":0,"fna":"Centro de Atención Primaria de la Salud Puerto Andresito","gna":"Centro de Atención Primaria de la Salud","nam":"Puerto Andresito","fdc":"IGN/SISA","sag":"IGN"},"bbox":[-54.0077376,-25.59099233,-54.0077376,-25.59099233]},{"type":"Feature","id":"salud_020801.10604","geometry":{"type":"Point","coordinates":[-54.56677558,-25.61298886]},"geometry_name":"geom","properties":{"gid":10604,"entidad":0,"fna":"Centro de Atención Primaria de la Salud Barrio 300 Viviendas","gna":"Centro de Atención Primaria de la Salud","nam":"Barrio 300 Viviendas","fdc":"IGN/SISA","sag":"IGN"},"bbox":[-54.56677558,-25.61298886,-54.56677558,-25.61298886]},{"type":"Feature","id":"salud_020801.10605","geometry":{"type":"Point","coordinates":[-54.390424,-25.964852]},"geometry_name":"geom","properties":{"gid":10605,"entidad":0,"fna":"Centro de Atención Primaria de la Salud Paraje Tirica","gna":"Centro de Atención Primaria de la Salud","nam":"Paraje Tirica","fdc":"IGN/SISA","sag":"IGN"},"bbox":[-54.390424,-25.964852,-54.390424,-25.964852]},{"type":"Feature","id":"salud_020801.10606","geometry":{"type":"Point","coordinates":[-54.588977,-25.60208108]},"geometry_name":"geom","properties":{"gid":10606,"entidad":0,"fna":"Centro de Atención Primaria de la Salud Villa Nueva","gna":"Centro de Atención Primaria de la Salud","nam":"Villa Nueva","fdc":"IGN/SISA","sag":"IGN"},"bbox":[-54.588977,-25.60208108,-54.588977,-25.60208108]},{"type":"Feature","id":"salud_020801.10607","geometry":{"type":"Point","coordinates":[-55.29215,-27.6395]},"geometry_name":"geom","properties":{"gid":10607,"entidad":0,"fna":"Centro de Atención Primaria de la Salud Kilómetro 38","gna":"Centro de Atención Primaria de la Salud","nam":"Kilómetro 38","fdc":"IGN/SISA","sag":"IGN"},"bbox":[-55.29215,-27.6395,-55.29215,-27.6395]},{"type":"Feature","id":"salud_020801.10608","geometry":{"type":"Point","coordinates":[-55.31885,-27.59414]},"geometry_name":"geom","properties":{"gid":10608,"entidad":0,"fna":"Centro de Atención Primaria de la Salud Lopaczek","gna":"Centro de Atención Primaria de la Salud","nam":"Lopaczek","fdc":"IGN/SISA","sag":"IGN"},"bbox":[-55.31885,-27.59414,-55.31885,-27.59414]},{"type":"Feature","id":"salud_020801.10609","geometry":{"type":"Point","coordinates":[-55.21212995,-27.66561483]},"geometry_name":"geom","properties":{"gid":10609,"entidad":0,"fna":"Centro de Atención Primaria de la Salud Gobernador López","gna":"Centro de Atención Primaria de la Salud","nam":"Gobernador López","fdc":"IGN/SISA","sag":"IGN"},"bbox":[-55.21212995,-27.66561483,-55.21212995,-27.66561483]},{"type":"Feature","id":"salud_020801.10610","geometry":{"type":"Point","coordinates":[-54.81391847,-26.71522259]},"geometry_name":"geom","properties":{"gid":10610,"entidad":0,"fna":"Centro de Atención Primaria de la Salud El Alcázar","gna":"Centro de Atención Primaria de la Salud","nam":"El Alcázar","fdc":"IGN/SISA","sag":"IGN"},"bbox":[-54.81391847,-26.71522259,-54.81391847,-26.71522259]},{"type":"Feature","id":"salud_020801.10611","geometry":{"type":"Point","coordinates":[-54.98989,-26.80724]},"geometry_name":"geom","properties":{"gid":10611,"entidad":0,"fna":"Centro de Atención Primaria de la Salud San Alberto","gna":"Centro de Atención Primaria de la Salud","nam":"San Alberto","fdc":"IGN/SISA","sag":"IGN"},"bbox":[-54.98989,-26.80724,-54.98989,-26.80724]},{"type":"Feature","id":"salud_020801.10612","geometry":{"type":"Point","coordinates":[-54.6913147,-26.46477458]},"geometry_name":"geom","properties":{"gid":10612,"entidad":0,"fna":"Centro de Atención Primaria de la Salud Barrio Nuevo","gna":"Centro de Atención Primaria de la Salud","nam":"Barrio Nuevo","fdc":"IGN/SISA","sag":"IGN"},"bbox":[-54.6913147,-26.46477458,-54.6913147,-26.46477458]},{"type":"Feature","id":"salud_020801.10613","geometry":{"type":"Point","coordinates":[-54.73937988,-26.56887655]},"geometry_name":"geom","properties":{"gid":10613,"entidad":0,"fna":"Centro de Atención Primaria de la Salud Juan Francisco Kurten","gna":"Centro de Atención Primaria de la Salud","nam":"Juan Francisco Kurten","fdc":"IGN/SISA","sag":"IGN"},"bbox":[-54.73937988,-26.56887655,-54.73937988,-26.56887655]},{"type":"Feature","id":"salud_020801.10614","geometry":{"type":"Point","coordinates":[-55.117504,-27.458783]},"geometry_name":"geom","properties":{"gid":10614,"entidad":0,"fna":"Centro de Atención Primaria de la Salud N° 11 San Miguel","gna":"Centro de Atención Primaria de la Salud","nam":"N° 11 San Miguel","fdc":"IGN/SISA","sag":"IGN"},"bbox":[-55.117504,-27.458783,-55.117504,-27.458783]},{"type":"Feature","id":"salud_020801.10615","geometry":{"type":"Point","coordinates":[-55.13995,-27.47754]},"geometry_name":"geom","properties":{"gid":10615,"entidad":0,"fna":"Centro de Atención Primaria de la Salud Nº 9 Barrio Caballeriza Sisten Vick","gna":"Centro de Atención Primaria de la Salud","nam":"Nº 9 Barrio Caballeriza Sisten Vick","fdc":"IGN/SISA","sag":"IGN"},"bbox":[-55.13995,-27.47754,-55.13995,-27.47754]},{"type":"Feature","id":"salud_020801.10616","geometry":{"type":"Point","coordinates":[-54.16382843,-26.87775748]},"geometry_name":"geom","properties":{"gid":10616,"entidad":0,"fna":"Centro de Atención Primaria de la Salud Colonia Gisela","gna":"Centro de Atención Primaria de la Salud","nam":"Colonia Gisela","fdc":"IGN/SISA","sag":"IGN"},"bbox":[-54.16382843,-26.87775748,-54.16382843,-26.87775748]},{"type":"Feature","id":"salud_020801.10617","geometry":{"type":"Point","coordinates":[-55.4095688,-27.1413803]},"geometry_name":"geom","properties":{"gid":10617,"entidad":0,"fna":"Centro de Atención Primaria de la Salud Santo Pipo","gna":"Centro de Atención Primaria de la Salud","nam":"Santo Pipo","fdc":"IGN/SISA","sag":"IGN"},"bbox":[-55.4095688,-27.1413803,-55.4095688,-27.1413803]},{"type":"Feature","id":"salud_020801.10618","geometry":{"type":"Point","coordinates":[-58.8460467,-27.4910978]},"geometry_name":"geom","properties":{"gid":10618,"entidad":0,"fna":"Sala de Atención Primaria de la Salud Saúl Calmanash","gna":"Sala de Atención Primaria de la Salud","nam":"Saúl Calmanash","fdc":"IGN/SISA","sag":"IGN"},"bbox":[-58.8460467,-27.4910978,-58.8460467,-27.4910978]},{"type":"Feature","id":"salud_020801.10619","geometry":{"type":"Point","coordinates":[-57.88730621,-28.39381657]},"geometry_name":"geom","properties":{"gid":10619,"entidad":0,"fna":"Sala de Atención Primaria de la Salud Félix Acevedo","gna":"Sala de Atención Primaria de la Salud","nam":"Félix Acevedo","fdc":"IGN/SISA","sag":"IGN"},"bbox":[-57.88730621,-28.39381657,-57.88730621,-28.39381657]},{"type":"Feature","id":"salud_020801.10620","geometry":{"type":"Point","coordinates":[-58.79745483,-27.95195181]},"geometry_name":"geom","properties":{"gid":10620,"entidad":0,"fna":"Sala Arroyo Solís","gna":"Sala","nam":"Arroyo Solís","fdc":"IGN/SISA","sag":"IGN"},"bbox":[-58.79745483,-27.95195181,-58.79745483,-27.95195181]},{"type":"Feature","id":"salud_020801.10621","geometry":{"type":"Point","coordinates":[-59.53291718,-30.01780521]},"geometry_name":"geom","properties":{"gid":10621,"entidad":0,"fna":"Atención Primaria de la Salud Estación Malvinas","gna":"Atención Primaria de la Salud","nam":"Estación Malvinas","fdc":"IGN/SISA","sag":"IGN"},"bbox":[-59.53291718,-30.01780521,-59.53291718,-30.01780521]},{"type":"Feature","id":"salud_020801.10622","geometry":{"type":"Point","coordinates":[-56.55418396,-29.09577708]},"geometry_name":"geom","properties":{"gid":10622,"entidad":0,"fna":"Centro de Atención Primaria de la Salud Nicola Luca","gna":"Centro de Atención Primaria de la Salud","nam":"Nicola Luca","fdc":"IGN/SISA","sag":"IGN"},"bbox":[-56.55418396,-29.09577708,-56.55418396,-29.09577708]},{"type":"Feature","id":"salud_020801.10623","geometry":{"type":"Point","coordinates":[-57.92404175,-27.74310006]},"geometry_name":"geom","properties":{"gid":10623,"entidad":0,"fna":"Centro de Salud Lomas de Vallejos","gna":"Centro de Salud","nam":"Lomas de Vallejos","fdc":"IGN/SISA","sag":"IGN"},"bbox":[-57.92404175,-27.74310006,-57.92404175,-27.74310006]},{"type":"Feature","id":"salud_020801.10624","geometry":{"type":"Point","coordinates":[-57.90117849,-27.94238803]},"geometry_name":"geom","properties":{"gid":10624,"entidad":0,"fna":"Centro de Salud Palmar Grande","gna":"Centro de Salud","nam":"Palmar Grande","fdc":"IGN/SISA","sag":"IGN"},"bbox":[-57.90117849,-27.94238803,-57.90117849,-27.94238803]},{"type":"Feature","id":"salud_020801.10625","geometry":{"type":"Point","coordinates":[-59.26146885,-29.14657987]},"geometry_name":"geom","properties":{"gid":10625,"entidad":0,"fna":"Centro de Atención Primaria de la Salud Belgrano","gna":"Centro de Atención Primaria de la Salud","nam":"Belgrano","fdc":"IGN/SISA","sag":"IGN"},"bbox":[-59.26146885,-29.14657987,-59.26146885,-29.14657987]},{"type":"Feature","id":"salud_020801.10626","geometry":{"type":"Point","coordinates":[-59.2594701,-29.14408143]},"geometry_name":"geom","properties":{"gid":10626,"entidad":0,"fna":"Sala Independencia","gna":"Sala","nam":"Independencia","fdc":"IGN/SISA","sag":"IGN"},"bbox":[-59.2594701,-29.14408143,-59.2594701,-29.14408143]},{"type":"Feature","id":"salud_020801.10627","geometry":{"type":"Point","coordinates":[-56.6892701,-27.5899088]},"geometry_name":"geom","properties":{"gid":10627,"entidad":0,"fna":"Centro de Atención Primaria de la Salud Genaro Leiva","gna":"Centro de Atención Primaria de la Salud","nam":"Genaro Leiva","fdc":"IGN/SISA","sag":"IGN"},"bbox":[-56.6892701,-27.5899088,-56.6892701,-27.5899088]},{"type":"Feature","id":"salud_020801.10628","geometry":{"type":"Point","coordinates":[-56.68430328,-27.58908859]},"geometry_name":"geom","properties":{"gid":10628,"entidad":0,"fna":"Centro de Atención Primaria de la Salud San Jorge","gna":"Centro de Atención Primaria de la Salud","nam":"San Jorge","fdc":"IGN/SISA","sag":"IGN"},"bbox":[-56.68430328,-27.58908859,-56.68430328,-27.58908859]},{"type":"Feature","id":"salud_020801.10629","geometry":{"type":"Point","coordinates":[-56.668487,-27.567485]},"geometry_name":"geom","properties":{"gid":10629,"entidad":0,"fna":"Sala Virgen de Loreto","gna":"Sala","nam":"Virgen de Loreto","fdc":"IGN/SISA","sag":"IGN"},"bbox":[-56.668487,-27.567485,-56.668487,-27.567485]},{"type":"Feature","id":"salud_020801.10630","geometry":{"type":"Point","coordinates":[-58.935528,-28.90952]},"geometry_name":"geom","properties":{"gid":10630,"entidad":0,"fna":"Sala de Primeros Auxilios Naranjito","gna":"Sala de Primeros Auxilios","nam":"Naranjito","fdc":"IGN/SISA","sag":"IGN"},"bbox":[-58.935528,-28.90952,-58.935528,-28.90952]},{"type":"Feature","id":"salud_020801.10631","geometry":{"type":"Point","coordinates":[-59.17476654,-29.02525338]},"geometry_name":"geom","properties":{"gid":10631,"entidad":0,"fna":"Centro de Salud Doctor Arturo Illia","gna":"Centro de Salud","nam":"Doctor Arturo Illia","fdc":"IGN/SISA","sag":"IGN"},"bbox":[-59.17476654,-29.02525338,-59.17476654,-29.02525338]},{"type":"Feature","id":"salud_020801.10632","geometry":{"type":"Point","coordinates":[-59.186323,-29.02714]},"geometry_name":"geom","properties":{"gid":10632,"entidad":0,"fna":"Estación Sanitaria Angélica López","gna":"Estación Sanitaria","nam":"Angélica López","fdc":"IGN/SISA","sag":"IGN"},"bbox":[-59.186323,-29.02714,-59.186323,-29.02714]},{"type":"Feature","id":"salud_020801.10633","geometry":{"type":"Point","coordinates":[-58.21517944,-28.03925853]},"geometry_name":"geom","properties":{"gid":10633,"entidad":0,"fna":"Sala de Atención Primaria de la Salud Manantiales Mburucuyá","gna":"Sala de Atención Primaria de la Salud","nam":"Manantiales Mburucuyá","fdc":"IGN/SISA","sag":"IGN"},"bbox":[-58.21517944,-28.03925853,-58.21517944,-28.03925853]},{"type":"Feature","id":"salud_020801.10634","geometry":{"type":"Point","coordinates":[-58.2220459,-28.0435008]},"geometry_name":"geom","properties":{"gid":10634,"entidad":0,"fna":"Sala de Atención Primaria de la Salud Pago Arias Mburucuyá","gna":"Sala de Atención Primaria de la Salud","nam":"Pago Arias Mburucuyá","fdc":"IGN/SISA","sag":"IGN"},"bbox":[-58.2220459,-28.0435008,-58.2220459,-28.0435008]},{"type":"Feature","id":"salud_020801.10635","geometry":{"type":"Point","coordinates":[-58.341526,-29.1027317]},"geometry_name":"geom","properties":{"gid":10635,"entidad":0,"fna":"Centro de Salud Felipe Yofré","gna":"Centro de Salud","nam":"Felipe Yofré","fdc":"IGN/SISA","sag":"IGN"},"bbox":[-58.341526,-29.1027317,-58.341526,-29.1027317]},{"type":"Feature","id":"salud_020801.10636","geometry":{"type":"Point","coordinates":[-57.42681325,-29.81677819]},"geometry_name":"geom","properties":{"gid":10636,"entidad":0,"fna":"Centro de Salud Aristóbulo Mongelo (Estación Sanitaria Bonpland)","gna":"Centro de Salud","nam":"Aristóbulo Mongelo (Estación Sanitaria Bonpland)","fdc":"IGN/SISA","sag":"IGN"},"bbox":[-57.42681325,-29.81677819,-57.42681325,-29.81677819]},{"type":"Feature","id":"salud_020801.10637","geometry":{"type":"Point","coordinates":[-57.10315704,-29.71996112]},"geometry_name":"geom","properties":{"gid":10637,"entidad":0,"fna":"Centro de Atención Primaria de la Salud X","gna":"Centro de Atención Primaria de la Salud","nam":"X","fdc":"IGN/SISA","sag":"IGN"},"bbox":[-57.10315704,-29.71996112,-57.10315704,-29.71996112]},{"type":"Feature","id":"salud_020801.10638","geometry":{"type":"Point","coordinates":[-57.0855601,-29.7137101]},"geometry_name":"geom","properties":{"gid":10638,"entidad":0,"fna":"Centro de Atención Primaria de la Salud 1 Barrio 508 Viviendas Simeón Payba","gna":"Centro de Atención Primaria de la Salud","nam":"1 Barrio 508 Viviendas Simeón Payba","fdc":"IGN/SISA","sag":"IGN"},"bbox":[-57.0855601,-29.7137101,-57.0855601,-29.7137101]},{"type":"Feature","id":"salud_020801.10639","geometry":{"type":"Point","coordinates":[-57.09594727,-29.72622232]},"geometry_name":"geom","properties":{"gid":10639,"entidad":0,"fna":"Centro de Atención Primaria de la Salud Nº 7","gna":"Centro de Atención Primaria de la Salud","nam":"Nº 7","fdc":"IGN/SISA","sag":"IGN"},"bbox":[-57.09594727,-29.72622232,-57.09594727,-29.72622232]},{"type":"Feature","id":"salud_020801.10640","geometry":{"type":"Point","coordinates":[-58.63540649,-28.25600562]},"geometry_name":"geom","properties":{"gid":10640,"entidad":0,"fna":"Sala de Primeros Auxilios Ambrosio","gna":"Sala de Primeros Auxilios","nam":"Ambrosio","fdc":"IGN/SISA","sag":"IGN"},"bbox":[-58.63540649,-28.25600562,-58.63540649,-28.25600562]},{"type":"Feature","id":"salud_020801.10641","geometry":{"type":"Point","coordinates":[-58.62716675,-28.26628716]},"geometry_name":"geom","properties":{"gid":10641,"entidad":0,"fna":"Sala San Lorenzo","gna":"Sala","nam":"San Lorenzo","fdc":"IGN/SISA","sag":"IGN"},"bbox":[-58.62716675,-28.26628716,-58.62716675,-28.26628716]},{"type":"Feature","id":"salud_020801.10642","geometry":{"type":"Point","coordinates":[-58.508751,-27.37725]},"geometry_name":"geom","properties":{"gid":10642,"entidad":0,"fna":"Sala Ensenada Grande","gna":"Sala","nam":"Ensenada Grande","fdc":"IGN/SISA","sag":"IGN"},"bbox":[-58.508751,-27.37725,-58.508751,-27.37725]},{"type":"Feature","id":"salud_020801.10643","geometry":{"type":"Point","coordinates":[-58.556818,-27.511361]},"geometry_name":"geom","properties":{"gid":10643,"entidad":0,"fna":"Puesto Sanitario Lomas de González","gna":"Puesto Sanitario","nam":"Lomas de González","fdc":"IGN/SISA","sag":"IGN"},"bbox":[-58.556818,-27.511361,-58.556818,-27.511361]},{"type":"Feature","id":"salud_020801.10644","geometry":{"type":"Point","coordinates":[-58.54957581,-27.50827141]},"geometry_name":"geom","properties":{"gid":10644,"entidad":0,"fna":"Sala de Atención Primaria de la Salud Inmaculada","gna":"Sala de Atención Primaria de la Salud","nam":"Inmaculada","fdc":"IGN/SISA","sag":"IGN"},"bbox":[-58.54957581,-27.50827141,-58.54957581,-27.50827141]},{"type":"Feature","id":"salud_020801.10645","geometry":{"type":"Point","coordinates":[-58.56227875,-27.50948944]},"geometry_name":"geom","properties":{"gid":10645,"entidad":0,"fna":"Sala de Atención Primaria de la Salud Nuevo Despertar","gna":"Sala de Atención Primaria de la Salud","nam":"Nuevo Despertar","fdc":"IGN/SISA","sag":"IGN"},"bbox":[-58.56227875,-27.50948944,-58.56227875,-27.50948944]},{"type":"Feature","id":"salud_020801.10646","geometry":{"type":"Point","coordinates":[-57.588873,-27.990612]},"geometry_name":"geom","properties":{"gid":10646,"entidad":0,"fna":"Sala Primeros Auxilios El Caimán","gna":"Sala Primeros Auxilios","nam":"El Caimán","fdc":"IGN/SISA","sag":"IGN"},"bbox":[-57.588873,-27.990612,-57.588873,-27.990612]},{"type":"Feature","id":"salud_020801.10647","geometry":{"type":"Point","coordinates":[-56.0441609,-28.546829]},"geometry_name":"geom","properties":{"gid":10647,"entidad":0,"fna":"Sala Itúcua","gna":"Sala","nam":"Itúcua","fdc":"IGN/SISA","sag":"IGN"},"bbox":[-56.0441609,-28.546829,-56.0441609,-28.546829]},{"type":"Feature","id":"salud_020801.10648","geometry":{"type":"Point","coordinates":[-56.0333333,-28.05]},"geometry_name":"geom","properties":{"gid":10648,"entidad":0,"fna":"Centro de Atención Primaria de la Salud Barrio 325","gna":"Centro de Atención Primaria de la Salud","nam":"Barrio 325","fdc":"IGN/SISA","sag":"IGN"},"bbox":[-56.0333333,-28.05,-56.0333333,-28.05]},{"type":"Feature","id":"salud_020801.10649","geometry":{"type":"Point","coordinates":[-56.00830078,-28.04107667]},"geometry_name":"geom","properties":{"gid":10649,"entidad":0,"fna":"Centro de Atención Primaria de la Salud Vuelta Ombú","gna":"Centro de Atención Primaria de la Salud","nam":"Vuelta Ombú","fdc":"IGN/SISA","sag":"IGN"},"bbox":[-56.00830078,-28.04107667,-56.00830078,-28.04107667]},{"type":"Feature","id":"salud_020801.10650","geometry":{"type":"Point","coordinates":[-58.84277344,-27.46928747]},"geometry_name":"geom","properties":{"gid":10650,"entidad":0,"fna":"Centro de Atención Primaria de la Salud I San José","gna":"Centro de Atención Primaria de la Salud","nam":"I San José","fdc":"IGN/SISA","sag":"IGN"},"bbox":[-58.84277344,-27.46928747,-58.84277344,-27.46928747]},{"type":"Feature","id":"salud_020801.10651","geometry":{"type":"Point","coordinates":[-58.815968,-27.467294]},"geometry_name":"geom","properties":{"gid":10651,"entidad":0,"fna":"Centro de Atención Primaria de la Salud Nº 2 Emilio R. Coni","gna":"Centro de Atención Primaria de la Salud","nam":"Nº 2 Emilio R. Coni","fdc":"IGN/SISA","sag":"IGN"},"bbox":[-58.815968,-27.467294,-58.815968,-27.467294]},{"type":"Feature","id":"salud_020801.10652","geometry":{"type":"Point","coordinates":[-58.7985493,-27.4642264]},"geometry_name":"geom","properties":{"gid":10652,"entidad":0,"fna":"Sala de Atención Primaria de la Salud Anahí","gna":"Sala de Atención Primaria de la Salud","nam":"Anahí","fdc":"IGN/SISA","sag":"IGN"},"bbox":[-58.7985493,-27.4642264,-58.7985493,-27.4642264]},{"type":"Feature","id":"salud_020801.10654","geometry":{"type":"Point","coordinates":[-58.13665315,-32.22447159]},"geometry_name":"geom","properties":{"gid":10654,"entidad":0,"fna":"Hospital San Benjamín","gna":"Hospital","nam":"San Benjamín","fdc":"IGN/SISA","sag":"IGN"},"bbox":[-58.13665315,-32.22447159,-58.13665315,-32.22447159]},{"type":"Feature","id":"salud_020801.10655","geometry":{"type":"Point","coordinates":[-58.60252749,-29.33595582]},"geometry_name":"geom","properties":{"gid":10655,"entidad":0,"fna":"Hospital San Pedro","gna":"Hospital","nam":"San Pedro","fdc":"IGN/SISA","sag":"IGN"},"bbox":[-58.60252749,-29.33595582,-58.60252749,-29.33595582]},{"type":"Feature","id":"salud_020801.10656","geometry":{"type":"Point","coordinates":[-57.62165264,-27.74820688]},"geometry_name":"geom","properties":{"gid":10656,"entidad":0,"fna":"Hospital San Vicente de Paul","gna":"Hospital","nam":"San Vicente de Paul","fdc":"IGN/SISA","sag":"IGN"},"bbox":[-57.62165264,-27.74820688,-57.62165264,-27.74820688]},{"type":"Feature","id":"salud_020801.10657","geometry":{"type":"Point","coordinates":[-55.82080476,-27.91463451]},"geometry_name":"geom","properties":{"gid":10657,"entidad":0,"fna":"Hospital Colonia Liebig's","gna":"Hospital","nam":"Colonia Liebig's","fdc":"IGN/SISA","sag":"IGN"},"bbox":[-55.82080476,-27.91463451,-55.82080476,-27.91463451]},{"type":"Feature","id":"salud_020801.10658","geometry":{"type":"Point","coordinates":[-58.93743633,-28.91141561]},"geometry_name":"geom","properties":{"gid":10658,"entidad":0,"fna":"Hospital Ángela de López Lavalle","gna":"Hospital","nam":"Ángela de López Lavalle","fdc":"IGN/SISA","sag":"IGN"},"bbox":[-58.93743633,-28.91141561,-58.93743633,-28.91141561]},{"type":"Feature","id":"salud_020801.10659","geometry":{"type":"Point","coordinates":[-56.81453078,-29.47014902]},"geometry_name":"geom","properties":{"gid":10659,"entidad":0,"fna":"Hospital Daniel Vergara","gna":"Hospital","nam":"Daniel Vergara","fdc":"IGN/SISA","sag":"IGN"},"bbox":[-56.81453078,-29.47014902,-56.81453078,-29.47014902]},{"type":"Feature","id":"salud_020801.10660","geometry":{"type":"Point","coordinates":[-58.7111209,-28.57763578]},"geometry_name":"geom","properties":{"gid":10660,"entidad":0,"fna":"Hospital San Roque","gna":"Hospital","nam":"San Roque","fdc":"IGN/SISA","sag":"IGN"},"bbox":[-58.7111209,-28.57763578,-58.7111209,-28.57763578]},{"type":"Feature","id":"salud_020801.10661","geometry":{"type":"Point","coordinates":[-58.5728187,-28.95511737]},"geometry_name":"geom","properties":{"gid":10661,"entidad":0,"fna":"Centro de Salud Chavarría","gna":"Centro de Salud","nam":"Chavarría","fdc":"IGN/SISA","sag":"IGN"},"bbox":[-58.5728187,-28.95511737,-58.5728187,-28.95511737]},{"type":"Feature","id":"salud_020801.10662","geometry":{"type":"Point","coordinates":[-54.687661,-27.0168158]},"geometry_name":"geom","properties":{"gid":10662,"entidad":0,"fna":"Hospital Dos de Mayo","gna":"Hospital","nam":"Dos de Mayo","fdc":"IGN/OSM/SISA","sag":"IGN"},"bbox":[-54.687661,-27.0168158,-54.687661,-27.0168158]},{"type":"Feature","id":"salud_020801.10663","geometry":{"type":"Point","coordinates":[-54.19997314,-27.30256747]},"geometry_name":"geom","properties":{"gid":10663,"entidad":0,"fna":"Hospital El Soberbio","gna":"Hospital","nam":"El Soberbio","fdc":"IGN/OSM/SISA","sag":"IGN"},"bbox":[-54.19997314,-27.30256747,-54.19997314,-27.30256747]},{"type":"Feature","id":"salud_020801.10664","geometry":{"type":"Point","coordinates":[-54.04886485,-25.66710254]},"geometry_name":"geom","properties":{"gid":10664,"entidad":0,"fna":"Hospital Comandante Andresito","gna":"Hospital","nam":"Comandante Andresito","fdc":"IGN/OSM/SISA","sag":"IGN"},"bbox":[-54.04886485,-25.66710254,-54.04886485,-25.66710254]},{"type":"Feature","id":"salud_020801.10665","geometry":{"type":"Point","coordinates":[-54.58850275,-25.92118862]},"geometry_name":"geom","properties":{"gid":10665,"entidad":0,"fna":"Hospital Puerto Libertad","gna":"Hospital","nam":"Puerto Libertad","fdc":"IGN/OSM/SISA","sag":"IGN"},"bbox":[-54.58850275,-25.92118862,-54.58850275,-25.92118862]},{"type":"Feature","id":"salud_020801.10666","geometry":{"type":"Point","coordinates":[-55.1445492,-27.49245618]},"geometry_name":"geom","properties":{"gid":10666,"entidad":0,"fna":"Hospital S.A.M.I.C. de Oberá","gna":"Hospital","nam":"S.A.M.I.C. de Oberá","fdc":"IGN/SISA/OSM","sag":"IGN"},"bbox":[-55.1445492,-27.49245618,-55.1445492,-27.49245618]},{"type":"Feature","id":"salud_020801.10667","geometry":{"type":"Point","coordinates":[-55.05790127,-26.92773377]},"geometry_name":"geom","properties":{"gid":10667,"entidad":0,"fna":"Hospital Doctor René Favaloro","gna":"Hospital","nam":"Doctor René Favaloro","fdc":"IGN/OSM/SISA/Street View","sag":"IGN"},"bbox":[-55.05790127,-26.92773377,-55.05790127,-26.92773377]},{"type":"Feature","id":"salud_020801.10668","geometry":{"type":"Point","coordinates":[-55.51203999,-27.13106697]},"geometry_name":"geom","properties":{"gid":10668,"entidad":0,"fna":"Hospital Corpus","gna":"Hospital","nam":"Corpus","fdc":"IGN/OSM/SISA","sag":"IGN"},"bbox":[-55.51203999,-27.13106697,-55.51203999,-27.13106697]},{"type":"Feature","id":"salud_020801.10669","geometry":{"type":"Point","coordinates":[-55.4658042,-27.18391935]},"geometry_name":"geom","properties":{"gid":10669,"entidad":0,"fna":"Hospital Luis Rolandelli","gna":"Hospital","nam":"Luis Rolandelli","fdc":"IGN/OSM/SISA","sag":"IGN"},"bbox":[-55.4658042,-27.18391935,-55.4658042,-27.18391935]},{"type":"Feature","id":"salud_020801.10787","geometry":{"type":"Point","coordinates":[-58.16830673,-26.18893104]},"geometry_name":"geom","properties":{"gid":10787,"entidad":0,"fna":"Hospital Central","gna":"Hospital Central","nam":null,"fdc":"IGN/SISA","sag":"IGN"},"bbox":[-58.16830673,-26.18893104,-58.16830673,-26.18893104]},{"type":"Feature","id":"salud_020801.10788","geometry":{"type":"Point","coordinates":[-61.8502998,-23.89946854]},"geometry_name":"geom","properties":{"gid":10788,"entidad":0,"fna":"Hospital Distrital Eva Perón","gna":"Hospital Distrital","nam":"Eva Perón","fdc":"IGN/SISA","sag":"IGN"},"bbox":[-61.8502998,-23.89946854,-61.8502998,-23.89946854]},{"type":"Feature","id":"salud_020801.10789","geometry":{"type":"Point","coordinates":[-60.0951934,-25.05229182]},"geometry_name":"geom","properties":{"gid":10789,"entidad":0,"fna":"Hospital Provincial Estanislao del Campo","gna":"Hospital Provincial","nam":"Estanislao del Campo","fdc":"IGN/SISA","sag":"IGN"},"bbox":[-60.0951934,-25.05229182,-60.0951934,-25.05229182]},{"type":"Feature","id":"salud_020801.10790","geometry":{"type":"Point","coordinates":[-58.82118653,-24.97967439]},"geometry_name":"geom","properties":{"gid":10790,"entidad":0,"fna":"Hospital Provincial Roberto Loncharich","gna":"Hospital Provincial","nam":"Roberto Loncharich","fdc":"IGN/SISA","sag":"IGN"},"bbox":[-58.82118653,-24.97967439,-58.82118653,-24.97967439]},{"type":"Feature","id":"salud_020801.10791","geometry":{"type":"Point","coordinates":[-58.12145935,-25.22467077]},"geometry_name":"geom","properties":{"gid":10791,"entidad":0,"fna":"Hospital Provincial Laguna Naick-Neck","gna":"Hospital Provincial","nam":"Laguna Naick-Neck","fdc":"IGN/SISA","sag":"IGN"},"bbox":[-58.12145935,-25.22467077,-58.12145935,-25.22467077]},{"type":"Feature","id":"salud_020801.10857","geometry":{"type":"Point","coordinates":[-55.53515911,-27.83471431]},"geometry_name":"geom","properties":{"gid":10857,"entidad":0,"fna":"Centro de Atención Primaria de la Salud Paraje Cascabel","gna":"Centro de Atención Primaria de la Salud","nam":"Paraje Cascabel","fdc":"IGN/SISA","sag":"IGN"},"bbox":[-55.53515911,-27.83471431,-55.53515911,-27.83471431]},{"type":"Feature","id":"salud_020801.10858","geometry":{"type":"Point","coordinates":[-54.82630531,-27.32166935]},"geometry_name":"geom","properties":{"gid":10858,"entidad":0,"fna":"Centro de Atención Primaria de la Salud Paraje Tamandua","gna":"Centro de Atención Primaria de la Salud","nam":"Paraje Tamandua","fdc":"IGN/SISA","sag":"IGN"},"bbox":[-54.82630531,-27.32166935,-54.82630531,-27.32166935]},{"type":"Feature","id":"salud_020801.10859","geometry":{"type":"Point","coordinates":[-55.80872,-27.914055]},"geometry_name":"geom","properties":{"gid":10859,"entidad":0,"fna":"Centro de Atención Primaria de la Salud Barrio Estación","gna":"Centro de Atención Primaria de la Salud","nam":"Barrio Estación","fdc":"IGN/SISA","sag":"IGN"},"bbox":[-55.80872,-27.914055,-55.80872,-27.914055]},{"type":"Feature","id":"salud_020801.10860","geometry":{"type":"Point","coordinates":[-55.78728,-27.883552]},"geometry_name":"geom","properties":{"gid":10860,"entidad":0,"fna":"Centro de Atención Primaria de la Salud Barrio Rural","gna":"Centro de Atención Primaria de la Salud","nam":"Barrio Rural","fdc":"IGN/SISA","sag":"IGN"},"bbox":[-55.78728,-27.883552,-55.78728,-27.883552]},{"type":"Feature","id":"salud_020801.10861","geometry":{"type":"Point","coordinates":[-54.43677549,-27.37990445]},"geometry_name":"geom","properties":{"gid":10861,"entidad":0,"fna":"Centro de Atención Primaria de la Salud El Progreso","gna":"Centro de Atención Primaria de la Salud","nam":"El Progreso","fdc":"IGN/SISA","sag":"IGN"},"bbox":[-54.43677549,-27.37990445,-54.43677549,-27.37990445]},{"type":"Feature","id":"salud_020801.10862","geometry":{"type":"Point","coordinates":[-55.66156894,-27.95783582]},"geometry_name":"geom","properties":{"gid":10862,"entidad":0,"fna":"Centro de Atención Primaria de la Salud Las Tunas","gna":"Centro de Atención Primaria de la Salud","nam":"Las Tunas","fdc":"IGN/SISA","sag":"IGN"},"bbox":[-55.66156894,-27.95783582,-55.66156894,-27.95783582]},{"type":"Feature","id":"salud_020801.10863","geometry":{"type":"Point","coordinates":[-55.780682,-27.768137]},"geometry_name":"geom","properties":{"gid":10863,"entidad":0,"fna":"Hospital San José","gna":"Hospital","nam":"San José","fdc":"IGN/OSM/SISA","sag":"IGN"},"bbox":[-55.780682,-27.768137,-55.780682,-27.768137]},{"type":"Feature","id":"salud_020801.10864","geometry":{"type":"Point","coordinates":[-54.3668431,-27.42889453]},"geometry_name":"geom","properties":{"gid":10864,"entidad":0,"fna":"Centro de Atención Primaria de la Salud Colonia Alicia Baja","gna":"Centro de Atención Primaria de la Salud","nam":"Colonia Alicia Baja","fdc":"IGN/SISA","sag":"IGN"},"bbox":[-54.3668431,-27.42889453,-54.3668431,-27.42889453]},{"type":"Feature","id":"salud_020801.10865","geometry":{"type":"Point","coordinates":[-54.49158078,-27.44261902]},"geometry_name":"geom","properties":{"gid":10865,"entidad":0,"fna":"Centro de Atención Primaria de la Salud Virgen Aparecida de Colonia Aurora","gna":"Centro de Atención Primaria de la Salud","nam":"Virgen Aparecida de Colonia Aurora","fdc":"IGN/SISA","sag":"IGN"},"bbox":[-54.49158078,-27.44261902,-54.49158078,-27.44261902]},{"type":"Feature","id":"salud_020801.10866","geometry":{"type":"Point","coordinates":[-54.761289,-27.548541]},"geometry_name":"geom","properties":{"gid":10866,"entidad":0,"fna":"Centro de Atención Primaria de la Salud 9 de Julio Alba Posse","gna":"Centro de Atención Primaria de la Salud","nam":"9 de Julio Alba Posse","fdc":"IGN/SISA","sag":"IGN"},"bbox":[-54.761289,-27.548541,-54.761289,-27.548541]},{"type":"Feature","id":"salud_020801.10867","geometry":{"type":"Point","coordinates":[-55.40589233,-27.93474388]},"geometry_name":"geom","properties":{"gid":10867,"entidad":0,"fna":"Centro de Atención Primaria de la Salud Santa María","gna":"Centro de Atención Primaria de la Salud","nam":"Santa María","fdc":"IGN/OSM/SISA","sag":"IGN"},"bbox":[-55.40589233,-27.93474388,-55.40589233,-27.93474388]},{"type":"Feature","id":"salud_020801.10868","geometry":{"type":"Point","coordinates":[-55.59763918,-27.50950435]},"geometry_name":"geom","properties":{"gid":10868,"entidad":0,"fna":"Centro de Atención Primaria de la Salud Ingeniero Otaño","gna":"Centro de Atención Primaria de la Salud","nam":"Ingeniero Otaño","fdc":"IGN/SISA","sag":"IGN"},"bbox":[-55.59763918,-27.50950435,-55.59763918,-27.50950435]},{"type":"Feature","id":"salud_020801.10869","geometry":{"type":"Point","coordinates":[-55.7045954,-27.56270582]},"geometry_name":"geom","properties":{"gid":10869,"entidad":0,"fna":"Centro de Atención Primaria de la Salud Profundidad","gna":"Centro de Atención Primaria de la Salud","nam":"Profundidad","fdc":"IGN/SISA","sag":"IGN"},"bbox":[-55.7045954,-27.56270582,-55.7045954,-27.56270582]},{"type":"Feature","id":"salud_020801.10870","geometry":{"type":"Point","coordinates":[-55.58648473,-27.3368991]},"geometry_name":"geom","properties":{"gid":10870,"entidad":0,"fna":"Centro de Atención Primaria de la Salud Puerto Santa Ana","gna":"Centro de Atención Primaria de la Salud","nam":"Puerto Santa Ana","fdc":"IGN/SISA","sag":"IGN"},"bbox":[-55.58648473,-27.3368991,-55.58648473,-27.3368991]},{"type":"Feature","id":"salud_020801.10871","geometry":{"type":"Point","coordinates":[-55.91653773,-27.35825229]},"geometry_name":"geom","properties":{"gid":10871,"entidad":0,"fna":"Centro de Atención Primaria de la Salud Nº 3 Chacra 181 - Escuela Ejército Argentino","gna":"Centro de Atención Primaria de la Salud","nam":"Nº 3 Chacra 181 - Escuela Ejército Argentino","fdc":"IGN/SISA","sag":"IGN"},"bbox":[-55.91653773,-27.35825229,-55.91653773,-27.35825229]},{"type":"Feature","id":"salud_020801.10872","geometry":{"type":"Point","coordinates":[-55.85973721,-27.46622066]},"geometry_name":"geom","properties":{"gid":10872,"entidad":0,"fna":"Centro de Atención Primaria de la Salud Nº 19 Don Santiago","gna":"Centro de Atención Primaria de la Salud","nam":"Nº 19 Don Santiago","fdc":"IGN/SISA","sag":"IGN"},"bbox":[-55.85973721,-27.46622066,-55.85973721,-27.46622066]},{"type":"Feature","id":"salud_020801.10873","geometry":{"type":"Point","coordinates":[-55.44168561,-27.88737503]},"geometry_name":"geom","properties":{"gid":10873,"entidad":0,"fna":"Puesto Aborigen Iraka Miní","gna":"Puesto Aborigen","nam":"Iraka Miní","fdc":"IGN/SISA","sag":"IGN"},"bbox":[-55.44168561,-27.88737503,-55.44168561,-27.88737503]},{"type":"Feature","id":"salud_020801.10874","geometry":{"type":"Point","coordinates":[-55.53666161,-27.98325834]},"geometry_name":"geom","properties":{"gid":10874,"entidad":0,"fna":"Puesto de Salud Barrio Esperanza","gna":"Puesto de Salud","nam":"Barrio Esperanza","fdc":"IGN/SISA","sag":"IGN"},"bbox":[-55.53666161,-27.98325834,-55.53666161,-27.98325834]},{"type":"Feature","id":"salud_020801.10875","geometry":{"type":"Point","coordinates":[-54.6221216,-26.39997327]},"geometry_name":"geom","properties":{"gid":10875,"entidad":0,"fna":"Centro de Atención Primaria de la Salud 1º de Mayo","gna":"Centro de Atención Primaria de la Salud","nam":"1º de Mayo","fdc":"IGN/SISA","sag":"IGN"},"bbox":[-54.6221216,-26.39997327,-54.6221216,-26.39997327]},{"type":"Feature","id":"salud_020801.10876","geometry":{"type":"Point","coordinates":[-54.64713985,-26.40992347]},"geometry_name":"geom","properties":{"gid":10876,"entidad":0,"fna":"Centro de Atención Primaria de la Salud Iberia","gna":"Centro de Atención Primaria de la Salud","nam":"Iberia","fdc":"IGN/SISA","sag":"IGN"},"bbox":[-54.64713985,-26.40992347,-54.64713985,-26.40992347]},{"type":"Feature","id":"salud_020801.10877","geometry":{"type":"Point","coordinates":[-54.62486813,-26.33246486]},"geometry_name":"geom","properties":{"gid":10877,"entidad":0,"fna":"Centro de Atención Primaria de la Salud Colonia Victoria","gna":"Centro de Atención Primaria de la Salud","nam":"Colonia Victoria","fdc":"IGN/SISA","sag":"IGN"},"bbox":[-54.62486813,-26.33246486,-54.62486813,-26.33246486]},{"type":"Feature","id":"salud_020801.10878","geometry":{"type":"Point","coordinates":[-54.27235974,-27.12348372]},"geometry_name":"geom","properties":{"gid":10878,"entidad":0,"fna":"Centro de Atención Primaria de la Salud Picada Flor","gna":"Centro de Atención Primaria de la Salud","nam":"Picada Flor","fdc":"IGN/SISA","sag":"IGN"},"bbox":[-54.27235974,-27.12348372,-54.27235974,-27.12348372]},{"type":"Feature","id":"salud_020801.10879","geometry":{"type":"Point","coordinates":[-53.86183741,-26.01213831]},"geometry_name":"geom","properties":{"gid":10879,"entidad":0,"fna":"Centro de Atención Primaria de la Salud Kilómetro 130","gna":"Centro de Atención Primaria de la Salud","nam":"Kilómetro 130","fdc":"IGN/SISA","sag":"IGN"},"bbox":[-53.86183741,-26.01213831,-53.86183741,-26.01213831]},{"type":"Feature","id":"salud_020801.10880","geometry":{"type":"Point","coordinates":[-54.03847451,-25.78548549]},"geometry_name":"geom","properties":{"gid":10880,"entidad":0,"fna":"Centro de Atención Primaria de la Salud Puerto Deseado","gna":"Centro de Atención Primaria de la Salud","nam":"Puerto Deseado","fdc":"IGN/SISA","sag":"IGN"},"bbox":[-54.03847451,-25.78548549,-54.03847451,-25.78548549]},{"type":"Feature","id":"salud_020801.10881","geometry":{"type":"Point","coordinates":[-54.64324761,-26.05154371]},"geometry_name":"geom","properties":{"gid":10881,"entidad":0,"fna":"Centro de Atención Primaria de la Salud Puerto Helvecia","gna":"Centro de Atención Primaria de la Salud","nam":"Puerto Helvecia","fdc":"IGN/SISA","sag":"IGN"},"bbox":[-54.64324761,-26.05154371,-54.64324761,-26.05154371]},{"type":"Feature","id":"salud_020801.10882","geometry":{"type":"Point","coordinates":[-54.58147214,-25.61549455]},"geometry_name":"geom","properties":{"gid":10882,"entidad":0,"fna":"Centro de Atención Primaria de la Salud Barrio Belén","gna":"Centro de Atención Primaria de la Salud","nam":"Barrio Belén","fdc":"IGN/SISA","sag":"IGN"},"bbox":[-54.58147214,-25.61549455,-54.58147214,-25.61549455]},{"type":"Feature","id":"salud_020801.10883","geometry":{"type":"Point","coordinates":[-55.31297324,-27.61088676]},"geometry_name":"geom","properties":{"gid":10883,"entidad":0,"fna":"Centro de Atención Primaria de la Salud Barrio Illia","gna":"Centro de Atención Primaria de la Salud","nam":"Barrio Illia","fdc":"IGN/SISA","sag":"IGN"},"bbox":[-55.31297324,-27.61088676,-55.31297324,-27.61088676]},{"type":"Feature","id":"salud_020801.10884","geometry":{"type":"Point","coordinates":[-55.4041332,-27.69834461]},"geometry_name":"geom","properties":{"gid":10884,"entidad":0,"fna":"Centro de Atención Primaria de la Salud Arroyo del Medio","gna":"Centro de Atención Primaria de la Salud","nam":"Arroyo del Medio","fdc":"IGN/SISA","sag":"IGN"},"bbox":[-55.4041332,-27.69834461,-55.4041332,-27.69834461]},{"type":"Feature","id":"salud_020801.10885","geometry":{"type":"Point","coordinates":[-55.16531,-26.98974936]},"geometry_name":"geom","properties":{"gid":10885,"entidad":0,"fna":"Centro de Atención Primaria de la Salud Eva Perón","gna":"Centro de Atención Primaria de la Salud","nam":"Eva Perón","fdc":"IGN/SISA","sag":"IGN"},"bbox":[-55.16531,-26.98974936,-55.16531,-26.98974936]},{"type":"Feature","id":"salud_020801.10886","geometry":{"type":"Point","coordinates":[-55.12740971,-27.35456748]},"geometry_name":"geom","properties":{"gid":10886,"entidad":0,"fna":"Centro de Atención Primaria de la Salud Picazza","gna":"Centro de Atención Primaria de la Salud","nam":"Picazza","fdc":"IGN/SISA","sag":"IGN"},"bbox":[-55.12740971,-27.35456748,-55.12740971,-27.35456748]},{"type":"Feature","id":"salud_020801.10887","geometry":{"type":"Point","coordinates":[-55.02202558,-27.45729314]},"geometry_name":"geom","properties":{"gid":10887,"entidad":0,"fna":"Centro de Atención Primaria de la Salud Campo Ramón","gna":"Centro de Atención Primaria de la Salud","nam":"Campo Ramón","fdc":"IGN/SISA","sag":"IGN"},"bbox":[-55.02202558,-27.45729314,-55.02202558,-27.45729314]},{"type":"Feature","id":"salud_020801.10888","geometry":{"type":"Point","coordinates":[-55.17056718,-27.426479]},"geometry_name":"geom","properties":{"gid":10888,"entidad":0,"fna":"Centro de Atención Primaria de la Salud Nº 1 General Alvear","gna":"Centro de Atención Primaria de la Salud","nam":"Nº 1 General Alvear","fdc":"IGN/SISA","sag":"IGN"},"bbox":[-55.17056718,-27.426479,-55.17056718,-27.426479]},{"type":"Feature","id":"salud_020801.10889","geometry":{"type":"Point","coordinates":[-55.1685599,-27.3420704]},"geometry_name":"geom","properties":{"gid":10889,"entidad":0,"fna":"Centro de Atención Primaria de la Salud Furtz","gna":"Centro de Atención Primaria de la Salud","nam":"Furtz","fdc":"IGN/SISA","sag":"IGN"},"bbox":[-55.1685599,-27.3420704,-55.1685599,-27.3420704]},{"type":"Feature","id":"salud_020801.10890","geometry":{"type":"Point","coordinates":[-55.07628714,-27.55722286]},"geometry_name":"geom","properties":{"gid":10890,"entidad":0,"fna":"Centro de Atención Primaria de la Salud Los Helechos","gna":"Centro de Atención Primaria de la Salud","nam":"Los Helechos","fdc":"IGN/SISA","sag":"IGN"},"bbox":[-55.07628714,-27.55722286,-55.07628714,-27.55722286]},{"type":"Feature","id":"salud_020801.10891","geometry":{"type":"Point","coordinates":[-55.19963674,-27.49542661]},"geometry_name":"geom","properties":{"gid":10891,"entidad":0,"fna":"Centro de Atención Primaria de la Salud N° 12 El Salto","gna":"Centro de Atención Primaria de la Salud","nam":"N° 12 El Salto","fdc":"IGN/SISA","sag":"IGN"},"bbox":[-55.19963674,-27.49542661,-55.19963674,-27.49542661]},{"type":"Feature","id":"salud_020801.10892","geometry":{"type":"Point","coordinates":[-55.1011674,-27.48833087]},"geometry_name":"geom","properties":{"gid":10892,"entidad":0,"fna":"Centro de Atención Primaria de la Salud Nº 6 Yerbal Viejo (Kilómetro 8)","gna":"Centro de Atención Primaria de la Salud","nam":"Nº 6 Yerbal Viejo (Kilómetro 8)","fdc":"IGN/SISA","sag":"IGN"},"bbox":[-55.1011674,-27.48833087,-55.1011674,-27.48833087]},{"type":"Feature","id":"salud_020801.10893","geometry":{"type":"Point","coordinates":[-55.09556121,-27.51049058]},"geometry_name":"geom","properties":{"gid":10893,"entidad":0,"fna":"Centro de Salud Nº 4 Sargento Cabral","gna":"Centro de Salud","nam":"Nº 4 Sargento Cabral","fdc":"IGN/SISA","sag":"IGN"},"bbox":[-55.09556121,-27.51049058,-55.09556121,-27.51049058]},{"type":"Feature","id":"salud_020801.10894","geometry":{"type":"Point","coordinates":[-55.27618,-27.46561]},"geometry_name":"geom","properties":{"gid":10894,"entidad":0,"fna":"Centro de Atención Primaria de la Salud San Martín","gna":"Centro de Atención Primaria de la Salud","nam":"San Martín","fdc":"IGN/SISA","sag":"IGN"},"bbox":[-55.27618,-27.46561,-55.27618,-27.46561]},{"type":"Feature","id":"salud_020801.10895","geometry":{"type":"Point","coordinates":[-55.31688807,-26.98208521]},"geometry_name":"geom","properties":{"gid":10895,"entidad":0,"fna":"Centro de Atención Primaria de la Salud Colonia Polana","gna":"Centro de Atención Primaria de la Salud","nam":"Colonia Polana","fdc":"IGN/SISA","sag":"IGN"},"bbox":[-55.31688807,-26.98208521,-55.31688807,-26.98208521]},{"type":"Feature","id":"salud_020801.10896","geometry":{"type":"Point","coordinates":[-55.51163259,-27.126674]},"geometry_name":"geom","properties":{"gid":10896,"entidad":0,"fna":"Centro de Atención Primaria de la Salud Barrio 8 de Diciembre","gna":"Centro de Atención Primaria de la Salud","nam":"Barrio 8 de Diciembre","fdc":"IGN/SISA","sag":"IGN"},"bbox":[-55.51163259,-27.126674,-55.51163259,-27.126674]},{"type":"Feature","id":"salud_020801.10897","geometry":{"type":"Point","coordinates":[-55.24228145,-27.03981982]},"geometry_name":"geom","properties":{"gid":10897,"entidad":0,"fna":"Centro de Atención Primaria de la Salud Barrio 162 Viviendas","gna":"Centro de Atención Primaria de la Salud","nam":"Barrio 162 Viviendas","fdc":"IGN/SISA","sag":"IGN"},"bbox":[-55.24228145,-27.03981982,-55.24228145,-27.03981982]},{"type":"Feature","id":"salud_020801.10898","geometry":{"type":"Point","coordinates":[-55.41914358,-27.2125826]},"geometry_name":"geom","properties":{"gid":10898,"entidad":0,"fna":"Centro de Atención Primaria de la Salud Roca Chica","gna":"Centro de Atención Primaria de la Salud","nam":"Roca Chica","fdc":"IGN/SISA","sag":"IGN"},"bbox":[-55.41914358,-27.2125826,-55.41914358,-27.2125826]},{"type":"Feature","id":"salud_020801.10899","geometry":{"type":"Point","coordinates":[-55.42071806,-27.10299729]},"geometry_name":"geom","properties":{"gid":10899,"entidad":0,"fna":"Centro de Atención Primaria de la Salud Ñancaguazú","gna":"Centro de Atención Primaria de la Salud","nam":"Ñancaguazú","fdc":"IGN/SISA","sag":"IGN"},"bbox":[-55.42071806,-27.10299729,-55.42071806,-27.10299729]},{"type":"Feature","id":"salud_020801.10900","geometry":{"type":"Point","coordinates":[-55.15514981,-27.84923428]},"geometry_name":"geom","properties":{"gid":10900,"entidad":0,"fna":"Centro de Atención Primaria de la Salud Barrio Niño Jesús","gna":"Centro de Atención Primaria de la Salud","nam":"Barrio Niño Jesús","fdc":"IGN/SISA","sag":"IGN"},"bbox":[-55.15514981,-27.84923428,-55.15514981,-27.84923428]},{"type":"Feature","id":"salud_020801.10901","geometry":{"type":"Point","coordinates":[-55.15462361,-27.78848802]},"geometry_name":"geom","properties":{"gid":10901,"entidad":0,"fna":"Puesto Sanitario Rincón Guerrero","gna":"Puesto Sanitario","nam":"Rincón Guerrero","fdc":"IGN/SISA","sag":"IGN"},"bbox":[-55.15462361,-27.78848802,-55.15462361,-27.78848802]},{"type":"Feature","id":"salud_020801.10902","geometry":{"type":"Point","coordinates":[-53.87465365,-26.70234444]},"geometry_name":"geom","properties":{"gid":10902,"entidad":0,"fna":"Centro de Atención Primaria de la Salud Yabotí","gna":"Centro de Atención Primaria de la Salud","nam":"Yabotí","fdc":"IGN/SISA","sag":"IGN"},"bbox":[-53.87465365,-26.70234444,-53.87465365,-26.70234444]},{"type":"Feature","id":"salud_020801.10952","geometry":{"type":"Point","coordinates":[-62.3379,-24.1243]},"geometry_name":"geom","properties":{"gid":10952,"entidad":0,"fna":"Centro de Salud Fortín Belgrano","gna":"Centro de Salud","nam":"Fortín Belgrano","fdc":"IGN/SISA","sag":"IGN"},"bbox":[-62.3379,-24.1243,-62.3379,-24.1243]},{"type":"Feature","id":"salud_020801.11174","geometry":{"type":"Point","coordinates":[-58.79234791,-27.50035392]},"geometry_name":"geom","properties":{"gid":11174,"entidad":0,"fna":"Sala de Atención Primaria de la Salud Santiago Lorenzo","gna":"Sala de Atención Primaria de la Salud","nam":"Santiago Lorenzo","fdc":"IGN/SISA","sag":"IGN"},"bbox":[-58.79234791,-27.50035392,-58.79234791,-27.50035392]},{"type":"Feature","id":"salud_020801.11175","geometry":{"type":"Point","coordinates":[-58.60931396,-29.33609402]},"geometry_name":"geom","properties":{"gid":11175,"entidad":0,"fna":"Centro de Atención Primaria de la Salud María Auxiliadora","gna":"Centro de Atención Primaria de la Salud","nam":"María Auxiliadora","fdc":"IGN/SISA","sag":"IGN"},"bbox":[-58.60931396,-29.33609402,-58.60931396,-29.33609402]},{"type":"Feature","id":"salud_020801.11176","geometry":{"type":"Point","coordinates":[-58.299939,-27.366191]},"geometry_name":"geom","properties":{"gid":11176,"entidad":0,"fna":"Estación Sanitaria Doctor Francisco Bahiao","gna":"Estación Sanitaria","nam":"Doctor Francisco Bahiao","fdc":"IGN/SISA","sag":"IGN"},"bbox":[-58.299939,-27.366191,-58.299939,-27.366191]},{"type":"Feature","id":"salud_020801.11177","geometry":{"type":"Point","coordinates":[-58.12454224,-28.26538]},"geometry_name":"geom","properties":{"gid":11177,"entidad":0,"fna":"Sala Paraje La Unión","gna":"Sala","nam":"Paraje La Unión","fdc":"IGN/SISA","sag":"IGN"},"bbox":[-58.12454224,-28.26538,-58.12454224,-28.26538]},{"type":"Feature","id":"salud_020801.11178","geometry":{"type":"Point","coordinates":[-58.7713623,-27.96286902]},"geometry_name":"geom","properties":{"gid":11178,"entidad":0,"fna":"Sala de Atención Primaria de la Salud Bella Rosa","gna":"Sala de Atención Primaria de la Salud","nam":"Bella Rosa","fdc":"IGN/SISA","sag":"IGN"},"bbox":[-58.7713623,-27.96286902,-58.7713623,-27.96286902]},{"type":"Feature","id":"salud_020801.11179","geometry":{"type":"Point","coordinates":[-59.5321617,-30.0174007]},"geometry_name":"geom","properties":{"gid":11179,"entidad":0,"fna":"Sala de Primeros Auxilios El Carmen","gna":"Sala de Primeros Auxilios","nam":"El Carmen","fdc":"IGN/SISA","sag":"IGN"},"bbox":[-59.5321617,-30.0174007,-59.5321617,-30.0174007]},{"type":"Feature","id":"salud_020801.11180","geometry":{"type":"Point","coordinates":[-59.5286244,-30.0225193]},"geometry_name":"geom","properties":{"gid":11180,"entidad":0,"fna":"Centro Asistencial Municipal","gna":"Centro Asistencial Municipal","nam":null,"fdc":"IGN/SISA","sag":"IGN"},"bbox":[-59.5286244,-30.0225193,-59.5286244,-30.0225193]},{"type":"Feature","id":"salud_020801.11181","geometry":{"type":"Point","coordinates":[-56.5535464,-29.0987376]},"geometry_name":"geom","properties":{"gid":11181,"entidad":0,"fna":"Sala de Atención Primaria de la Salud Doctor Héctor Oscar Davila","gna":"Sala de Atención Primaria de la Salud","nam":"Doctor Héctor Oscar Davila","fdc":"IGN/SISA","sag":"IGN"},"bbox":[-56.5535464,-29.0987376,-56.5535464,-29.0987376]},{"type":"Feature","id":"salud_020801.11182","geometry":{"type":"Point","coordinates":[-56.55470758,-29.09894699]},"geometry_name":"geom","properties":{"gid":11182,"entidad":0,"fna":"Sala San Francisco de Estación Juan E. Torrent","gna":"Sala","nam":"San Francisco de Estación Juan E. Torrent","fdc":"IGN/SISA","sag":"IGN"},"bbox":[-56.55470758,-29.09894699,-56.55470758,-29.09894699]},{"type":"Feature","id":"salud_020801.11183","geometry":{"type":"Point","coordinates":[-56.560145,-29.085757]},"geometry_name":"geom","properties":{"gid":11183,"entidad":0,"fna":"Sala de Atención Primaria de la Salud Colectora Norte","gna":"Sala de Atención Primaria de la Salud","nam":"Colectora Norte","fdc":"IGN/SISA","sag":"IGN"},"bbox":[-56.560145,-29.085757,-56.560145,-29.085757]},{"type":"Feature","id":"salud_020801.11184","geometry":{"type":"Point","coordinates":[-57.54428728,-27.67153455]},"geometry_name":"geom","properties":{"gid":11184,"entidad":0,"fna":"Salita Municipal Colonia Romero","gna":"Salita Municipal","nam":"Colonia Romero","fdc":"IGN/SISA","sag":"IGN"},"bbox":[-57.54428728,-27.67153455,-57.54428728,-27.67153455]},{"type":"Feature","id":"salud_020801.11185","geometry":{"type":"Point","coordinates":[-59.2635587,-29.140027]},"geometry_name":"geom","properties":{"gid":11185,"entidad":0,"fna":"Sala Cabecera","gna":"Sala","nam":"Cabecera","fdc":"IGN/SISA","sag":"IGN"},"bbox":[-59.2635587,-29.140027,-59.2635587,-29.140027]},{"type":"Feature","id":"salud_020801.11186","geometry":{"type":"Point","coordinates":[-58.13333905,-27.3463612]},"geometry_name":"geom","properties":{"gid":11186,"entidad":0,"fna":"Sala Primeros Auxilios Scorza Cué","gna":"Sala Primeros Auxilios","nam":"Scorza Cué","fdc":"IGN/SISA","sag":"IGN"},"bbox":[-58.13333905,-27.3463612,-58.13333905,-27.3463612]},{"type":"Feature","id":"salud_020801.11187","geometry":{"type":"Point","coordinates":[-55.90118408,-27.749177]},"geometry_name":"geom","properties":{"gid":11187,"entidad":0,"fna":"Centro de Salud San Carlos","gna":"Centro de Salud","nam":"San Carlos","fdc":"IGN/SISA","sag":"IGN"},"bbox":[-55.90118408,-27.749177,-55.90118408,-27.749177]},{"type":"Feature","id":"salud_020801.11188","geometry":{"type":"Point","coordinates":[-59.00490253,-28.83586526]},"geometry_name":"geom","properties":{"gid":11188,"entidad":0,"fna":"Centro de Salud Cruz de los Milagros","gna":"Centro de Salud","nam":"Cruz de los Milagros","fdc":"IGN/SISA","sag":"IGN"},"bbox":[-59.00490253,-28.83586526,-59.00490253,-28.83586526]},{"type":"Feature","id":"salud_020801.11189","geometry":{"type":"Point","coordinates":[-59.101009,-28.985529]},"geometry_name":"geom","properties":{"gid":11189,"entidad":0,"fna":"Sala Itatí (Santa Lucía)","gna":"Sala","nam":"Itatí (Santa Lucía)","fdc":"IGN/SISA","sag":"IGN"},"bbox":[-59.101009,-28.985529,-59.101009,-28.985529]},{"type":"Feature","id":"salud_020801.11190","geometry":{"type":"Point","coordinates":[-58.064012,-29.171697]},"geometry_name":"geom","properties":{"gid":11190,"entidad":0,"fna":"Sala Barrio Centenario","gna":"Sala","nam":"Barrio Centenario","fdc":"IGN/SISA","sag":"IGN"},"bbox":[-58.064012,-29.171697,-58.064012,-29.171697]},{"type":"Feature","id":"salud_020801.11191","geometry":{"type":"Point","coordinates":[-58.0789719,-29.1826935]},"geometry_name":"geom","properties":{"gid":11191,"entidad":0,"fna":"Centro de Atención Primaria de la Salud Castello","gna":"Centro de Atención Primaria de la Salud","nam":"Castello","fdc":"IGN/SISA","sag":"IGN"},"bbox":[-58.0789719,-29.1826935,-58.0789719,-29.1826935]},{"type":"Feature","id":"salud_020801.11192","geometry":{"type":"Point","coordinates":[-57.57544327,-29.90356462]},"geometry_name":"geom","properties":{"gid":11192,"entidad":0,"fna":"Estación Sanitaria Parada Pucheta","gna":"Estación Sanitaria","nam":"Parada Pucheta","fdc":"IGN/SISA","sag":"IGN"},"bbox":[-57.57544327,-29.90356462,-57.57544327,-29.90356462]},{"type":"Feature","id":"salud_020801.11193","geometry":{"type":"Point","coordinates":[-58.62304687,-28.25661044]},"geometry_name":"geom","properties":{"gid":11193,"entidad":0,"fna":"Sala Colonia Cabral","gna":"Sala","nam":"Colonia Cabral","fdc":"IGN/SISA","sag":"IGN"},"bbox":[-58.62304687,-28.25661044,-58.62304687,-28.25661044]},{"type":"Feature","id":"salud_020801.11194","geometry":{"type":"Point","coordinates":[-58.55163574,-27.50339918]},"geometry_name":"geom","properties":{"gid":11194,"entidad":0,"fna":"Sala de Primeros Auxilios Sponton","gna":"Sala de Primeros Auxilios","nam":"Sponton","fdc":"IGN/SISA","sag":"IGN"},"bbox":[-58.55163574,-27.50339918,-58.55163574,-27.50339918]},{"type":"Feature","id":"salud_020801.11195","geometry":{"type":"Point","coordinates":[-56.64769093,-29.17357652]},"geometry_name":"geom","properties":{"gid":11195,"entidad":0,"fna":"Estación Sanitaria Bacaray","gna":"Estación Sanitaria","nam":"Bacaray","fdc":"IGN/SISA","sag":"IGN"},"bbox":[-56.64769093,-29.17357652,-56.64769093,-29.17357652]},{"type":"Feature","id":"salud_020801.11196","geometry":{"type":"Point","coordinates":[-56.83033777,-29.36755779]},"geometry_name":"geom","properties":{"gid":11196,"entidad":0,"fna":"Centro de Salud Nuestra Sra. de Fátima","gna":"Centro de Salud","nam":"Nuestra Sra. de Fátima","fdc":"IGN/SISA","sag":"IGN"},"bbox":[-56.83033777,-29.36755779,-56.83033777,-29.36755779]},{"type":"Feature","id":"salud_020801.11197","geometry":{"type":"Point","coordinates":[-58.7091255,-28.5746822]},"geometry_name":"geom","properties":{"gid":11197,"entidad":0,"fna":"Sala Alcorta","gna":"Sala","nam":"Alcorta","fdc":"IGN/SISA","sag":"IGN"},"bbox":[-58.7091255,-28.5746822,-58.7091255,-28.5746822]},{"type":"Feature","id":"salud_020801.11198","geometry":{"type":"Point","coordinates":[-55.77346802,-28.23664944]},"geometry_name":"geom","properties":{"gid":11198,"entidad":0,"fna":"Centro de Salud Garabi","gna":"Centro de Salud","nam":"Garabi","fdc":"IGN/SISA","sag":"IGN"},"bbox":[-55.77346802,-28.23664944,-55.77346802,-28.23664944]},{"type":"Feature","id":"salud_020801.11199","geometry":{"type":"Point","coordinates":[-56.04548147,-28.55077992]},"geometry_name":"geom","properties":{"gid":11199,"entidad":0,"fna":"Sala de Atención Primaria de la Salud Tomás Silvano Barrio Estación","gna":"Sala de Atención Primaria de la Salud","nam":"Tomás Silvano Barrio Estación","fdc":"IGN/SISA","sag":"IGN"},"bbox":[-56.04548147,-28.55077992,-56.04548147,-28.55077992]},{"type":"Feature","id":"salud_020801.11200","geometry":{"type":"Point","coordinates":[-58.79032526,-30.08185247]},"geometry_name":"geom","properties":{"gid":11200,"entidad":0,"fna":"Sala de Atención Primaria de la Salud Sauce-Barrio Entre Ríos","gna":"Sala de Atención Primaria de la Salud","nam":"Sauce-Barrio Entre Ríos","fdc":"IGN/SISA","sag":"IGN"},"bbox":[-58.79032526,-30.08185247,-58.79032526,-30.08185247]},{"type":"Feature","id":"salud_020801.11201","geometry":{"type":"Point","coordinates":[-59.03312498,-28.50245281]},"geometry_name":"geom","properties":{"gid":11201,"entidad":0,"fna":"Centro de Atención Primaria de la Salud Barrio Norte","gna":"Centro de Atención Primaria de la Salud","nam":"Barrio Norte","fdc":"IGN/SISA","sag":"IGN"},"bbox":[-59.03312498,-28.50245281,-59.03312498,-28.50245281]},{"type":"Feature","id":"salud_020801.11202","geometry":{"type":"Point","coordinates":[-57.51241351,-27.55333236]},"geometry_name":"geom","properties":{"gid":11202,"entidad":0,"fna":"Puesto Sanitario Toropichay","gna":"Puesto Sanitario","nam":"Toropichay","fdc":"IGN/SISA","sag":"IGN"},"bbox":[-57.51241351,-27.55333236,-57.51241351,-27.55333236]},{"type":"Feature","id":"salud_020801.11203","geometry":{"type":"Point","coordinates":[-58.7815296,-27.44925322]},"geometry_name":"geom","properties":{"gid":11203,"entidad":0,"fna":"Centro de Atención Primaria de la Salud Doctor Balbastro","gna":"Centro de Atención Primaria de la Salud","nam":"Doctor Balbastro","fdc":"IGN/SISA","sag":"IGN"},"bbox":[-58.7815296,-27.44925322,-58.7815296,-27.44925322]},{"type":"Feature","id":"salud_020801.11204","geometry":{"type":"Point","coordinates":[-58.79457318,-27.50587983]},"geometry_name":"geom","properties":{"gid":11204,"entidad":0,"fna":"Centro de Atención Primaria de la Salud Doctor Rubén Darío Casco","gna":"Centro de Atención Primaria de la Salud","nam":"Doctor Rubén Darío Casco","fdc":"IGN/SISA","sag":"IGN"},"bbox":[-58.79457318,-27.50587983,-58.79457318,-27.50587983]},{"type":"Feature","id":"salud_020801.11205","geometry":{"type":"Point","coordinates":[-58.81049374,-27.49530962]},"geometry_name":"geom","properties":{"gid":11205,"entidad":0,"fna":"Centro de Atención Primaria de la Salud XVI","gna":"Centro de Atención Primaria de la Salud","nam":"XVI","fdc":"IGN/SISA","sag":"IGN"},"bbox":[-58.81049374,-27.49530962,-58.81049374,-27.49530962]},{"type":"Feature","id":"salud_020801.11206","geometry":{"type":"Point","coordinates":[-58.84764864,-27.47398187]},"geometry_name":"geom","properties":{"gid":11206,"entidad":0,"fna":"Sala de Atención Primaria de la Salud Doctor Miguel Sussini","gna":"Sala de Atención Primaria de la Salud","nam":"Doctor Miguel Sussini","fdc":"IGN/SISA","sag":"IGN"},"bbox":[-58.84764864,-27.47398187,-58.84764864,-27.47398187]},{"type":"Feature","id":"salud_020801.11207","geometry":{"type":"Point","coordinates":[-58.78122192,-27.50457555]},"geometry_name":"geom","properties":{"gid":11207,"entidad":0,"fna":"Sala de Atención Primaria de la Salud Aníbal Malvido","gna":"Sala de Atención Primaria de la Salud","nam":"Aníbal Malvido","fdc":"IGN/SISA","sag":"IGN"},"bbox":[-58.78122192,-27.50457555,-58.78122192,-27.50457555]},{"type":"Feature","id":"salud_020801.11208","geometry":{"type":"Point","coordinates":[-58.80966493,-27.49665635]},"geometry_name":"geom","properties":{"gid":11208,"entidad":0,"fna":"Sala de Atención Primaria de la Salud Doctor Korimblum","gna":"Sala de Atención Primaria de la Salud","nam":"Doctor Korimblum","fdc":"IGN/SISA","sag":"IGN"},"bbox":[-58.80966493,-27.49665635,-58.80966493,-27.49665635]},{"type":"Feature","id":"salud_020801.11209","geometry":{"type":"Point","coordinates":[-58.80897503,-27.50604334]},"geometry_name":"geom","properties":{"gid":11209,"entidad":0,"fna":"Sala de Atención Primaria de la Salud Lifschitz","gna":"Sala de Atención Primaria de la Salud","nam":"Lifschitz","fdc":"IGN/SISA","sag":"IGN"},"bbox":[-58.80897503,-27.50604334,-58.80897503,-27.50604334]},{"type":"Feature","id":"salud_020801.11210","geometry":{"type":"Point","coordinates":[-58.82928202,-27.49706127]},"geometry_name":"geom","properties":{"gid":11210,"entidad":0,"fna":"Sala de Atención Primaria de la Salud Nº 3 Doctor Miguel Rossi Candia","gna":"Sala de Atención Primaria de la Salud","nam":"Nº 3 Doctor Miguel Rossi Candia","fdc":"IGN/SISA","sag":"IGN"},"bbox":[-58.82928202,-27.49706127,-58.82928202,-27.49706127]},{"type":"Feature","id":"salud_020801.11211","geometry":{"type":"Point","coordinates":[-58.00063926,-30.90330746]},"geometry_name":"geom","properties":{"gid":11211,"entidad":0,"fna":"Centro de Salud Colonia Alemana","gna":"Centro de Salud","nam":"Colonia Alemana","fdc":"IGN/SISA","sag":"IGN"},"bbox":[-58.00063926,-30.90330746,-58.00063926,-30.90330746]},{"type":"Feature","id":"salud_020801.11212","geometry":{"type":"Point","coordinates":[-58.59788671,-30.49289785]},"geometry_name":"geom","properties":{"gid":11212,"entidad":0,"fna":"Centro de Salud Antonio Vitelli","gna":"Centro de Salud","nam":"Antonio Vitelli","fdc":"IGN/SISA","sag":"IGN"},"bbox":[-58.59788671,-30.49289785,-58.59788671,-30.49289785]},{"type":"Feature","id":"salud_020801.11213","geometry":{"type":"Point","coordinates":[-59.62211569,-30.73827323]},"geometry_name":"geom","properties":{"gid":11213,"entidad":0,"fna":"Centro de Atención Primaria de la Salud La Milagrosa","gna":"Centro de Atención Primaria de la Salud","nam":"La Milagrosa","fdc":"IGN/SISA","sag":"IGN"},"bbox":[-59.62211569,-30.73827323,-59.62211569,-30.73827323]},{"type":"Feature","id":"salud_020801.11214","geometry":{"type":"Point","coordinates":[-59.74276327,-31.42869718]},"geometry_name":"geom","properties":{"gid":11214,"entidad":0,"fna":"Centro de Salud Feldman Waksmann","gna":"Centro de Salud","nam":"Feldman Waksmann","fdc":"IGN/SISA","sag":"IGN"},"bbox":[-59.74276327,-31.42869718,-59.74276327,-31.42869718]},{"type":"Feature","id":"salud_020801.11215","geometry":{"type":"Point","coordinates":[-59.13976775,-32.30381013]},"geometry_name":"geom","properties":{"gid":11215,"entidad":0,"fna":"Centro de Salud Bienvenido Aldrich","gna":"Centro de Salud","nam":"Bienvenido Aldrich","fdc":"IGN/SISA","sag":"IGN"},"bbox":[-59.13976775,-32.30381013,-59.13976775,-32.30381013]},{"type":"Feature","id":"salud_020801.11216","geometry":{"type":"Point","coordinates":[-60.4860364,-31.75224946]},"geometry_name":"geom","properties":{"gid":11216,"entidad":0,"fna":"Centro de Salud Doctor Carlos Reynoso","gna":"Centro de Salud","nam":"Doctor Carlos Reynoso","fdc":"IGN/SISA","sag":"IGN"},"bbox":[-60.4860364,-31.75224946,-60.4860364,-31.75224946]},{"type":"Feature","id":"salud_020801.11217","geometry":{"type":"Point","coordinates":[-60.46904997,-31.75659048]},"geometry_name":"geom","properties":{"gid":11217,"entidad":0,"fna":"Centro de Salud El Charrúa","gna":"Centro de Salud","nam":"El Charrúa","fdc":"IGN/SISA","sag":"IGN"},"bbox":[-60.46904997,-31.75659048,-60.46904997,-31.75659048]},{"type":"Feature","id":"salud_020801.11218","geometry":{"type":"Point","coordinates":[-60.52750824,-31.75045594]},"geometry_name":"geom","properties":{"gid":11218,"entidad":0,"fna":"Centro de Salud Manuel Belgrano","gna":"Centro de Salud","nam":"Manuel Belgrano","fdc":"IGN/SISA","sag":"IGN"},"bbox":[-60.52750824,-31.75045594,-60.52750824,-31.75045594]},{"type":"Feature","id":"salud_020801.11219","geometry":{"type":"Point","coordinates":[-60.49913129,-31.74412971]},"geometry_name":"geom","properties":{"gid":11219,"entidad":0,"fna":"Centro de Salud Pagani","gna":"Centro de Salud","nam":"Pagani","fdc":"IGN/SISA","sag":"IGN"},"bbox":[-60.49913129,-31.74412971,-60.49913129,-31.74412971]},{"type":"Feature","id":"salud_020801.11220","geometry":{"type":"Point","coordinates":[-60.49912306,-31.76442005]},"geometry_name":"geom","properties":{"gid":11220,"entidad":0,"fna":"Centro Regional de Referencia Doctor Arturo Oñativia","gna":"Centro Regional de Referencia","nam":"Doctor Arturo Oñativia","fdc":"IGN/SISA","sag":"IGN"},"bbox":[-60.49912306,-31.76442005,-60.49912306,-31.76442005]},{"type":"Feature","id":"salud_020801.11221","geometry":{"type":"Point","coordinates":[-60.54568036,-31.73211285]},"geometry_name":"geom","properties":{"gid":11221,"entidad":0,"fna":"Centro Regional de Referencia Doctor Ramón Carrillo","gna":"Centro Regional de Referencia","nam":"Doctor Ramón Carrillo","fdc":"IGN/SISA","sag":"IGN"},"bbox":[-60.54568036,-31.73211285,-60.54568036,-31.73211285]},{"type":"Feature","id":"salud_020801.11222","geometry":{"type":"Point","coordinates":[-59.93464242,-31.80125658]},"geometry_name":"geom","properties":{"gid":11222,"entidad":0,"fna":"Centro de Salud Enfermera Tita Rosario Falcón","gna":"Centro de Salud","nam":"Enfermera Tita Rosario Falcón","fdc":"IGN/SISA","sag":"IGN"},"bbox":[-59.93464242,-31.80125658,-59.93464242,-31.80125658]},{"type":"Feature","id":"salud_020801.11223","geometry":{"type":"Point","coordinates":[-60.01146696,-31.87327342]},"geometry_name":"geom","properties":{"gid":11223,"entidad":0,"fna":"Centro de Salud Doctor Ramón Carrillo","gna":"Centro de Salud","nam":"Doctor Ramón Carrillo","fdc":"IGN/SISA","sag":"IGN"},"bbox":[-60.01146696,-31.87327342,-60.01146696,-31.87327342]},{"type":"Feature","id":"salud_020801.11224","geometry":{"type":"Point","coordinates":[-60.31000535,-32.03440105]},"geometry_name":"geom","properties":{"gid":11224,"entidad":0,"fna":"Centro de Salud Doctor Salustiano Minguillón","gna":"Centro de Salud","nam":"Doctor Salustiano Minguillón","fdc":"IGN/SISA","sag":"IGN"},"bbox":[-60.31000535,-32.03440105,-60.31000535,-32.03440105]},{"type":"Feature","id":"salud_020801.11225","geometry":{"type":"Point","coordinates":[-60.509814,-31.75620061]},"geometry_name":"geom","properties":{"gid":11225,"entidad":0,"fna":"Centro de Atención Primaria Doctor Arturo Humberto Illia","gna":"Centro de Atención Primaria","nam":"Doctor Arturo Humberto Illia","fdc":"IGN/SISA","sag":"IGN"},"bbox":[-60.509814,-31.75620061,-60.509814,-31.75620061]},{"type":"Feature","id":"salud_020801.11226","geometry":{"type":"Point","coordinates":[-59.39516223,-32.17436526]},"geometry_name":"geom","properties":{"gid":11226,"entidad":0,"fna":"Sala de Primeros Auxilios Barrio Oriental","gna":"Sala de Primeros Auxilios","nam":"Barrio Oriental","fdc":"IGN/SISA","sag":"IGN"},"bbox":[-59.39516223,-32.17436526,-59.39516223,-32.17436526]},{"type":"Feature","id":"salud_020801.11227","geometry":{"type":"Point","coordinates":[-59.15065521,-32.28770033]},"geometry_name":"geom","properties":{"gid":11227,"entidad":0,"fna":"Centro de Salud Santiago Reynoso","gna":"Centro de Salud","nam":"Santiago Reynoso","fdc":"IGN/SISA","sag":"IGN"},"bbox":[-59.15065521,-32.28770033,-59.15065521,-32.28770033]},{"type":"Feature","id":"salud_020801.11228","geometry":{"type":"Point","coordinates":[-58.23522041,-32.47096368]},"geometry_name":"geom","properties":{"gid":11228,"entidad":0,"fna":"Centro de Salud Bartolomé Giacomotti","gna":"Centro de Salud","nam":"Bartolomé Giacomotti","fdc":"IGN/SISA","sag":"IGN"},"bbox":[-58.23522041,-32.47096368,-58.23522041,-32.47096368]},{"type":"Feature","id":"salud_020801.11229","geometry":{"type":"Point","coordinates":[-58.25092582,-32.4832492]},"geometry_name":"geom","properties":{"gid":11229,"entidad":0,"fna":"Centro de Salud Tomás de Rocamora","gna":"Centro de Salud","nam":"Tomás de Rocamora","fdc":"IGN/SISA","sag":"IGN"},"bbox":[-58.25092582,-32.4832492,-58.25092582,-32.4832492]},{"type":"Feature","id":"salud_020801.11230","geometry":{"type":"Point","coordinates":[-58.92998891,-32.1824682]},"geometry_name":"geom","properties":{"gid":11230,"entidad":0,"fna":"Centro de Salud 3 de Febrero","gna":"Centro de Salud","nam":"3 de Febrero","fdc":"IGN/SISA","sag":"IGN"},"bbox":[-58.92998891,-32.1824682,-58.92998891,-32.1824682]},{"type":"Feature","id":"salud_020801.11231","geometry":{"type":"Point","coordinates":[-58.86765737,-32.37925995]},"geometry_name":"geom","properties":{"gid":11231,"entidad":0,"fna":"Centro de Salud Barrio Pueblo Nuevo","gna":"Centro de Salud","nam":"Barrio Pueblo Nuevo","fdc":"IGN/SISA","sag":"IGN"},"bbox":[-58.86765737,-32.37925995,-58.86765737,-32.37925995]},{"type":"Feature","id":"salud_020801.11232","geometry":{"type":"Point","coordinates":[-60.34534546,-32.36149683]},"geometry_name":"geom","properties":{"gid":11232,"entidad":0,"fna":"Centro de Salud Juan Carlos Manassero","gna":"Centro de Salud","nam":"Juan Carlos Manassero","fdc":"IGN/SISA","sag":"IGN"},"bbox":[-60.34534546,-32.36149683,-60.34534546,-32.36149683]},{"type":"Feature","id":"salud_020801.11233","geometry":{"type":"Point","coordinates":[-60.14740239,-32.62865947]},"geometry_name":"geom","properties":{"gid":11233,"entidad":0,"fna":"Estación Sanitaria Central Francisco Figueredo","gna":"Estación Sanitaria Central","nam":"Francisco Figueredo","fdc":"IGN/SISA","sag":"IGN"},"bbox":[-60.14740239,-32.62865947,-60.14740239,-32.62865947]},{"type":"Feature","id":"salud_020801.11234","geometry":{"type":"Point","coordinates":[-60.14751709,-32.61986119]},"geometry_name":"geom","properties":{"gid":11234,"entidad":0,"fna":"Sala de Atención Primaria Isidro Reggiardo","gna":"Sala de Atención Primaria","nam":"Isidro Reggiardo","fdc":"IGN/SISA","sag":"IGN"},"bbox":[-60.14751709,-32.61986119,-60.14751709,-32.61986119]},{"type":"Feature","id":"salud_020801.11235","geometry":{"type":"Point","coordinates":[-59.36990242,-31.83780833]},"geometry_name":"geom","properties":{"gid":11235,"entidad":0,"fna":"Centro de Salud Doctor Antonio Pascual Vuoto","gna":"Centro de Salud","nam":"Doctor Antonio Pascual Vuoto","fdc":"IGN/SISA","sag":"IGN"},"bbox":[-59.36990242,-31.83780833,-59.36990242,-31.83780833]},{"type":"Feature","id":"salud_020801.11236","geometry":{"type":"Point","coordinates":[-60.9821344,-32.22871587]},"geometry_name":"geom","properties":{"gid":11236,"entidad":0,"fna":"Servicio para la Atención Médica de la Comunidad Barrancas","gna":"Servicio para la Atención Médica de la Comunidad","nam":"Barrancas","fdc":"IGN/SISA","sag":"IGN"},"bbox":[-60.9821344,-32.22871587,-60.9821344,-32.22871587]},{"type":"Feature","id":"salud_020801.11237","geometry":{"type":"Point","coordinates":[-61.22819829,-30.30795484]},"geometry_name":"geom","properties":{"gid":11237,"entidad":0,"fna":"Servicio para la Atención Médica de la Comunidad San Cristóbal","gna":"Servicio para la Atención Médica de la Comunidad","nam":"San Cristóbal","fdc":"IGN/SISA","sag":"IGN"},"bbox":[-61.22819829,-30.30795484,-61.22819829,-30.30795484]},{"type":"Feature","id":"salud_020801.11238","geometry":{"type":"Point","coordinates":[-61.16466717,-31.05721436]},"geometry_name":"geom","properties":{"gid":11238,"entidad":0,"fna":"Servicio para la Atención Médica de la Comunidad Sarmiento","gna":"Servicio para la Atención Médica de la Comunidad","nam":"Sarmiento","fdc":"IGN/SISA","sag":"IGN"},"bbox":[-61.16466717,-31.05721436,-61.16466717,-31.05721436]},{"type":"Feature","id":"salud_020801.11239","geometry":{"type":"Point","coordinates":[-61.32004792,-33.4587757]},"geometry_name":"geom","properties":{"gid":11239,"entidad":0,"fna":"Servicio para la Atención Médica de la Comunidad Bombal","gna":"Servicio para la Atención Médica de la Comunidad","nam":"Bombal","fdc":"IGN/SISA","sag":"IGN"},"bbox":[-61.32004792,-33.4587757,-61.32004792,-33.4587757]},{"type":"Feature","id":"salud_020801.11240","geometry":{"type":"Point","coordinates":[-60.71910756,-31.64858801]},"geometry_name":"geom","properties":{"gid":11240,"entidad":0,"fna":"Hospital Doctor José María Cullen","gna":"Hospital","nam":"Doctor José María Cullen","fdc":"IGN/SISA","sag":"IGN"},"bbox":[-60.71910756,-31.64858801,-60.71910756,-31.64858801]},{"type":"Feature","id":"salud_020801.11241","geometry":{"type":"Point","coordinates":[-61.61175446,-34.00225132]},"geometry_name":"geom","properties":{"gid":11241,"entidad":0,"fna":"Servicio para la Atención Médica de la Comunidad Villa Cañás","gna":"Servicio para la Atención Médica de la Comunidad","nam":"Villa Cañás","fdc":"IGN/SISA","sag":"IGN"},"bbox":[-61.61175446,-34.00225132,-61.61175446,-34.00225132]},{"type":"Feature","id":"salud_020801.11242","geometry":{"type":"Point","coordinates":[-59.34940033,-32.54625521]},"geometry_name":"geom","properties":{"gid":11242,"entidad":0,"fna":"Hospital Nuestra Señora del Carmen","gna":"Hospital","nam":"Nuestra Señora del Carmen","fdc":"IGN/SISA","sag":"IGN"},"bbox":[-59.34940033,-32.54625521,-59.34940033,-32.54625521]},{"type":"Feature","id":"salud_020801.11243","geometry":{"type":"Point","coordinates":[-58.7867111,-32.17359237]},"geometry_name":"geom","properties":{"gid":11243,"entidad":0,"fna":"Hospital Reverendo Padre Betcher","gna":"Hospital","nam":"Reverendo Padre Betcher","fdc":"IGN/SISA","sag":"IGN"},"bbox":[-58.7867111,-32.17359237,-58.7867111,-32.17359237]},{"type":"Feature","id":"salud_020801.11244","geometry":{"type":"Point","coordinates":[-58.95426641,-32.0934077]},"geometry_name":"geom","properties":{"gid":11244,"entidad":0,"fna":"Hospital Coronel Pringles","gna":"Hospital","nam":"Coronel Pringles","fdc":"IGN/OSM/SISA","sag":"IGN"},"bbox":[-58.95426641,-32.0934077,-58.95426641,-32.0934077]},{"type":"Feature","id":"salud_020801.11245","geometry":{"type":"Point","coordinates":[-59.02559529,-31.85288853]},"geometry_name":"geom","properties":{"gid":11245,"entidad":0,"fna":"Hospital Santa Rosa","gna":"Hospital","nam":"Santa Rosa","fdc":"IGN/OSM/SISA","sag":"IGN"},"bbox":[-59.02559529,-31.85288853,-59.02559529,-31.85288853]},{"type":"Feature","id":"salud_020801.11246","geometry":{"type":"Point","coordinates":[-58.81887438,-31.82793997]},"geometry_name":"geom","properties":{"gid":11246,"entidad":0,"fna":"Hospital General San Martín","gna":"Hospital","nam":"General San Martín","fdc":"IGN/SISA","sag":"IGN"},"bbox":[-58.81887438,-31.82793997,-58.81887438,-31.82793997]},{"type":"Feature","id":"salud_020801.11247","geometry":{"type":"Point","coordinates":[-57.98317011,-30.74502984]},"geometry_name":"geom","properties":{"gid":11247,"entidad":0,"fna":"Hospital Santa Rosa","gna":"Hospital","nam":"Santa Rosa","fdc":"IGN/SISA","sag":"IGN"},"bbox":[-57.98317011,-30.74502984,-57.98317011,-30.74502984]},{"type":"Feature","id":"salud_020801.11248","geometry":{"type":"Point","coordinates":[-59.30902257,-33.13180319]},"geometry_name":"geom","properties":{"gid":11248,"entidad":0,"fna":"Hospital San Antonio","gna":"Hospital","nam":"San Antonio","fdc":"IGN/SISA","sag":"IGN"},"bbox":[-59.30902257,-33.13180319,-59.30902257,-33.13180319]},{"type":"Feature","id":"salud_020801.11249","geometry":{"type":"Point","coordinates":[-59.39306262,-32.72653382]},"geometry_name":"geom","properties":{"gid":11249,"entidad":0,"fna":"Hospital Perú","gna":"Hospital","nam":"Perú","fdc":"IGN/SISA","sag":"IGN"},"bbox":[-59.39306262,-32.72653382,-59.39306262,-32.72653382]},{"type":"Feature","id":"salud_020801.11250","geometry":{"type":"Point","coordinates":[-58.92892313,-32.53193884]},"geometry_name":"geom","properties":{"gid":11250,"entidad":0,"fna":"Hospital Santa María","gna":"Hospital","nam":"Santa María","fdc":"IGN/SISA","sag":"IGN"},"bbox":[-58.92892313,-32.53193884,-58.92892313,-32.53193884]},{"type":"Feature","id":"salud_020801.11251","geometry":{"type":"Point","coordinates":[-58.7993136,-33.50039172]},"geometry_name":"geom","properties":{"gid":11251,"entidad":0,"fna":"Hospital Eva Duarte","gna":"Hospital","nam":"Eva Duarte","fdc":"IGN/SISA","sag":"IGN"},"bbox":[-58.7993136,-33.50039172,-58.7993136,-33.50039172]},{"type":"Feature","id":"salud_020801.11487","geometry":{"type":"Point","coordinates":[-54.84571065,-27.59920743]},"geometry_name":"geom","properties":{"gid":11487,"entidad":0,"fna":"Centro de Atención Primaria de la Salud Barra Bonita","gna":"Centro de Atención Primaria de la Salud","nam":"Barra Bonita","fdc":"IGN/SISA","sag":"IGN"},"bbox":[-54.84571065,-27.59920743,-54.84571065,-27.59920743]},{"type":"Feature","id":"salud_020801.11488","geometry":{"type":"Point","coordinates":[-55.60903289,-28.00491204]},"geometry_name":"geom","properties":{"gid":11488,"entidad":0,"fna":"Centro de Atención Primaria de la Salud Tres Capones","gna":"Centro de Atención Primaria de la Salud","nam":"Tres Capones","fdc":"IGN/SISA","sag":"IGN"},"bbox":[-55.60903289,-28.00491204,-55.60903289,-28.00491204]},{"type":"Feature","id":"salud_020801.11489","geometry":{"type":"Point","coordinates":[-55.47260299,-27.48448486]},"geometry_name":"geom","properties":{"gid":11489,"entidad":0,"fna":"Hospital Bonpland","gna":"Hospital","nam":"Bonpland","fdc":"IGN/SISA","sag":"IGN"},"bbox":[-55.47260299,-27.48448486,-55.47260299,-27.48448486]},{"type":"Feature","id":"salud_020801.11490","geometry":{"type":"Point","coordinates":[-55.37831263,-27.42228881]},"geometry_name":"geom","properties":{"gid":11490,"entidad":0,"fna":"Centro de Atención Primaria de la Salud Otto Rosberg","gna":"Centro de Atención Primaria de la Salud","nam":"Otto Rosberg","fdc":"IGN/SISA","sag":"IGN"},"bbox":[-55.37831263,-27.42228881,-55.37831263,-27.42228881]},{"type":"Feature","id":"salud_020801.11491","geometry":{"type":"Point","coordinates":[-55.2262733,-27.54988533]},"geometry_name":"geom","properties":{"gid":11491,"entidad":0,"fna":"Centro de Atención Primaria de la Salud Villa Industrial","gna":"Centro de Atención Primaria de la Salud","nam":"Villa Industrial","fdc":"IGN/SISA","sag":"IGN"},"bbox":[-55.2262733,-27.54988533,-55.2262733,-27.54988533]},{"type":"Feature","id":"salud_020801.11492","geometry":{"type":"Point","coordinates":[-55.64202285,-27.60570289]},"geometry_name":"geom","properties":{"gid":11492,"entidad":0,"fna":"Centro de Atención Primaria de la Salud Tacuaruzú","gna":"Centro de Atención Primaria de la Salud","nam":"Tacuaruzú","fdc":"IGN/SISA","sag":"IGN"},"bbox":[-55.64202285,-27.60570289,-55.64202285,-27.60570289]},{"type":"Feature","id":"salud_020801.11493","geometry":{"type":"Point","coordinates":[-54.65648743,-27.20206082]},"geometry_name":"geom","properties":{"gid":11493,"entidad":0,"fna":"Centro de Atención Primaria de la Salud El Saltito","gna":"Centro de Atención Primaria de la Salud","nam":"El Saltito","fdc":"IGN/SISA","sag":"IGN"},"bbox":[-54.65648743,-27.20206082,-54.65648743,-27.20206082]},{"type":"Feature","id":"salud_020801.11494","geometry":{"type":"Point","coordinates":[-54.49303248,-27.34315465]},"geometry_name":"geom","properties":{"gid":11494,"entidad":0,"fna":"Centro de Atención Primaria de la Salud Kilómetro 9","gna":"Centro de Atención Primaria de la Salud","nam":"Kilómetro 9","fdc":"IGN/SISA","sag":"IGN"},"bbox":[-54.49303248,-27.34315465,-54.49303248,-27.34315465]},{"type":"Feature","id":"salud_020801.11495","geometry":{"type":"Point","coordinates":[-54.73123464,-27.5202625]},"geometry_name":"geom","properties":{"gid":11495,"entidad":0,"fna":"Centro de Atención Primaria de la Salud Santa Rita","gna":"Centro de Atención Primaria de la Salud","nam":"Santa Rita","fdc":"IGN/SISA","sag":"IGN"},"bbox":[-54.73123464,-27.5202625,-54.73123464,-27.5202625]},{"type":"Feature","id":"salud_020801.11496","geometry":{"type":"Point","coordinates":[-54.35729917,-27.43400226]},"geometry_name":"geom","properties":{"gid":11496,"entidad":0,"fna":"Centro de Atención Primaria de la Salud Alicia Alta","gna":"Centro de Atención Primaria de la Salud","nam":"Alicia Alta","fdc":"IGN/SISA","sag":"IGN"},"bbox":[-54.35729917,-27.43400226,-54.35729917,-27.43400226]},{"type":"Feature","id":"salud_020801.11497","geometry":{"type":"Point","coordinates":[-55.76062716,-27.91233066]},"geometry_name":"geom","properties":{"gid":11497,"entidad":0,"fna":"Centro de Atención Primaria de la Salud Barrio Chaquito","gna":"Centro de Atención Primaria de la Salud","nam":"Barrio Chaquito","fdc":"IGN/SISA","sag":"IGN"},"bbox":[-55.76062716,-27.91233066,-55.76062716,-27.91233066]},{"type":"Feature","id":"salud_020801.11498","geometry":{"type":"Point","coordinates":[-55.74928961,-27.89704779]},"geometry_name":"geom","properties":{"gid":11498,"entidad":0,"fna":"Centro de Atención Primaria de la Salud Santa Bárbara","gna":"Centro de Atención Primaria de la Salud","nam":"Santa Bárbara","fdc":"IGN/SISA","sag":"IGN"},"bbox":[-55.74928961,-27.89704779,-55.74928961,-27.89704779]},{"type":"Feature","id":"salud_020801.11499","geometry":{"type":"Point","coordinates":[-54.90312431,-27.31110852]},"geometry_name":"geom","properties":{"gid":11499,"entidad":0,"fna":"Centro de Atención Primaria de la Salud Campo Grande Kilómetro 17","gna":"Centro de Atención Primaria de la Salud","nam":"Campo Grande Kilómetro 17","fdc":"IGN/SISA","sag":"IGN"},"bbox":[-54.90312431,-27.31110852,-54.90312431,-27.31110852]},{"type":"Feature","id":"salud_020801.11500","geometry":{"type":"Point","coordinates":[-54.65164165,-27.07056912]},"geometry_name":"geom","properties":{"gid":11500,"entidad":0,"fna":"Centro de Atención Primaria de la Salud Picada San Juan","gna":"Centro de Atención Primaria de la Salud","nam":"Picada San Juan","fdc":"IGN/SISA","sag":"IGN"},"bbox":[-54.65164165,-27.07056912,-54.65164165,-27.07056912]},{"type":"Feature","id":"salud_020801.11501","geometry":{"type":"Point","coordinates":[-55.0790752,-26.92002778]},"geometry_name":"geom","properties":{"gid":11501,"entidad":0,"fna":"Centro de Atención Primaria de la Salud El Pocito","gna":"Centro de Atención Primaria de la Salud","nam":"El Pocito","fdc":"IGN/SISA","sag":"IGN"},"bbox":[-55.0790752,-26.92002778,-55.0790752,-26.92002778]},{"type":"Feature","id":"salud_020801.11502","geometry":{"type":"Point","coordinates":[-55.107587,-26.87325488]},"geometry_name":"geom","properties":{"gid":11502,"entidad":0,"fna":"Centro de Atención Primaria de la Salud Oro Verde","gna":"Centro de Atención Primaria de la Salud","nam":"Oro Verde","fdc":"IGN/SISA","sag":"IGN"},"bbox":[-55.107587,-26.87325488,-55.107587,-26.87325488]},{"type":"Feature","id":"salud_020801.11503","geometry":{"type":"Point","coordinates":[-55.52409248,-27.33132508]},"geometry_name":"geom","properties":{"gid":11503,"entidad":0,"fna":"Centro de Atención Primaria de la Salud Loreto","gna":"Centro de Atención Primaria de la Salud","nam":"Loreto","fdc":"IGN/SISA","sag":"IGN"},"bbox":[-55.52409248,-27.33132508,-55.52409248,-27.33132508]},{"type":"Feature","id":"salud_020801.11504","geometry":{"type":"Point","coordinates":[-55.93435383,-27.42300082]},"geometry_name":"geom","properties":{"gid":11504,"entidad":0,"fna":"Centro de Atención Primaria de la Salud Barrio Latinoamérica","gna":"Centro de Atención Primaria de la Salud","nam":"Barrio Latinoamérica","fdc":"IGN/SISA","sag":"IGN"},"bbox":[-55.93435383,-27.42300082,-55.93435383,-27.42300082]},{"type":"Feature","id":"salud_020801.11505","geometry":{"type":"Point","coordinates":[-54.46640451,-26.378759]},"geometry_name":"geom","properties":{"gid":11505,"entidad":0,"fna":"Centro de Atención Primaria de la Salud Valle Hermoso - Konopacki","gna":"Centro de Atención Primaria de la Salud","nam":"Valle Hermoso - Konopacki","fdc":"IGN/SISA","sag":"IGN"},"bbox":[-54.46640451,-26.378759,-54.46640451,-26.378759]},{"type":"Feature","id":"salud_020801.11506","geometry":{"type":"Point","coordinates":[-54.40324244,-26.15339831]},"geometry_name":"geom","properties":{"gid":11506,"entidad":0,"fna":"Posta Colonia Delicia Kilómetro 33","gna":"Posta","nam":"Posta Colonia Delicia Kilómetro 33","fdc":"IGN/SISA","sag":"IGN"},"bbox":[-54.40324244,-26.15339831,-54.40324244,-26.15339831]},{"type":"Feature","id":"salud_020801.11507","geometry":{"type":"Point","coordinates":[-54.06252847,-25.59941117]},"geometry_name":"geom","properties":{"gid":11507,"entidad":0,"fna":"Centro de Atención Primaria de la Salud Kaaguy Porá","gna":"Centro de Atención Primaria de la Salud","nam":"Kaaguy Porá","fdc":"IGN/SISA","sag":"IGN"},"bbox":[-54.06252847,-25.59941117,-54.06252847,-25.59941117]},{"type":"Feature","id":"salud_020801.11508","geometry":{"type":"Point","coordinates":[-53.67206749,-26.19683998]},"geometry_name":"geom","properties":{"gid":11508,"entidad":0,"fna":"Centro de Atención Primaria de la Salud Gramado","gna":"Centro de Atención Primaria de la Salud","nam":"Gramado","fdc":"IGN/SISA","sag":"IGN"},"bbox":[-53.67206749,-26.19683998,-53.67206749,-26.19683998]},{"type":"Feature","id":"salud_020801.11509","geometry":{"type":"Point","coordinates":[-54.09637576,-27.2850187]},"geometry_name":"geom","properties":{"gid":11509,"entidad":0,"fna":"Centro de Atención Primaria de la Salud Monteagudo","gna":"Centro de Atención Primaria de la Salud","nam":"Monteagudo","fdc":"IGN/SISA","sag":"IGN"},"bbox":[-54.09637576,-27.2850187,-54.09637576,-27.2850187]},{"type":"Feature","id":"salud_020801.11510","geometry":{"type":"Point","coordinates":[-54.58485313,-25.62942429]},"geometry_name":"geom","properties":{"gid":11510,"entidad":0,"fna":"Centro de Atención Primaria de la Salud 1º de Mayo","gna":"Centro de Atención Primaria de la Salud","nam":"1º de Mayo","fdc":"IGN/SISA","sag":"IGN"},"bbox":[-54.58485313,-25.62942429,-54.58485313,-25.62942429]},{"type":"Feature","id":"salud_020801.11511","geometry":{"type":"Point","coordinates":[-54.56641105,-25.62946182]},"geometry_name":"geom","properties":{"gid":11511,"entidad":0,"fna":"Centro de Atención Primaria de la Salud Combate Mbororé","gna":"Centro de Atención Primaria de la Salud","nam":"Combate Mbororé","fdc":"IGN/SISA","sag":"IGN"},"bbox":[-54.56641105,-25.62946182,-54.56641105,-25.62946182]},{"type":"Feature","id":"salud_020801.11512","geometry":{"type":"Point","coordinates":[-54.5909663,-25.62090026]},"geometry_name":"geom","properties":{"gid":11512,"entidad":0,"fna":"Centro de Atención Primaria de la Salud Santa Rosa","gna":"Centro de Atención Primaria de la Salud","nam":"Santa Rosa","fdc":"IGN/SISA","sag":"IGN"},"bbox":[-54.5909663,-25.62090026,-54.5909663,-25.62090026]},{"type":"Feature","id":"salud_020801.11513","geometry":{"type":"Point","coordinates":[-54.63237273,-26.01904209]},"geometry_name":"geom","properties":{"gid":11513,"entidad":0,"fna":"Centro de Atención Primaria de la Salud Esperanza Kilómetro 1","gna":"Centro de Atención Primaria de la Salud","nam":"Esperanza Kilómetro 1","fdc":"IGN/SISA","sag":"IGN"},"bbox":[-54.63237273,-26.01904209,-54.63237273,-26.01904209]},{"type":"Feature","id":"salud_020801.11514","geometry":{"type":"Point","coordinates":[-55.08369608,-27.5347603]},"geometry_name":"geom","properties":{"gid":11514,"entidad":0,"fna":"Posta Bayo Troncho","gna":"Posta","nam":"Posta Bayo Troncho","fdc":"IGN/SISA","sag":"IGN"},"bbox":[-55.08369608,-27.5347603,-55.08369608,-27.5347603]},{"type":"Feature","id":"salud_020801.11515","geometry":{"type":"Point","coordinates":[-54.93233495,-26.89462353]},"geometry_name":"geom","properties":{"gid":11515,"entidad":0,"fna":"Centro de Atención Primaria de la Salud El Ombú","gna":"Centro de Atención Primaria de la Salud","nam":"El Ombú","fdc":"IGN/SISA","sag":"IGN"},"bbox":[-54.93233495,-26.89462353,-54.93233495,-26.89462353]},{"type":"Feature","id":"salud_020801.11516","geometry":{"type":"Point","coordinates":[-55.28570938,-27.35524615]},"geometry_name":"geom","properties":{"gid":11516,"entidad":0,"fna":"Centro de Atención Primaria de la Salud Colonia Isolina","gna":"Centro de Atención Primaria de la Salud","nam":"Colonia Isolina","fdc":"IGN/SISA","sag":"IGN"},"bbox":[-55.28570938,-27.35524615,-55.28570938,-27.35524615]},{"type":"Feature","id":"salud_020801.11517","geometry":{"type":"Point","coordinates":[-54.58847203,-26.49681841]},"geometry_name":"geom","properties":{"gid":11517,"entidad":0,"fna":"Centro de Atención Primaria de la Salud Santa Teresa","gna":"Centro de Atención Primaria de la Salud","nam":"Santa Teresa","fdc":"IGN/SISA","sag":"IGN"},"bbox":[-54.58847203,-26.49681841,-54.58847203,-26.49681841]},{"type":"Feature","id":"salud_020801.11518","geometry":{"type":"Point","coordinates":[-54.96486327,-27.48314637]},"geometry_name":"geom","properties":{"gid":11518,"entidad":0,"fna":"Centro de Atención Primaria de la Salud N° 2 Villa Bonita","gna":"Centro de Atención Primaria de la Salud","nam":"N° 2 Villa Bonita","fdc":"IGN/SISA","sag":"IGN"},"bbox":[-54.96486327,-27.48314637,-54.96486327,-27.48314637]},{"type":"Feature","id":"salud_020801.11519","geometry":{"type":"Point","coordinates":[-55.13313787,-27.48450497]},"geometry_name":"geom","properties":{"gid":11519,"entidad":0,"fna":"Centro de Atención Primaria de la Salud Nº 8 Villa Falk","gna":"Centro de Atención Primaria de la Salud","nam":"Nº 8 Villa Falk","fdc":"IGN/SISA","sag":"IGN"},"bbox":[-55.13313787,-27.48450497,-55.13313787,-27.48450497]},{"type":"Feature","id":"salud_020801.11520","geometry":{"type":"Point","coordinates":[-55.12754738,-27.50380674]},"geometry_name":"geom","properties":{"gid":11520,"entidad":0,"fna":"Centro de Atención Primaria de la Salud Tres Esquinas","gna":"Centro de Atención Primaria de la Salud","nam":"Tres Esquinas","fdc":"IGN/SISA","sag":"IGN"},"bbox":[-55.12754738,-27.50380674,-55.12754738,-27.50380674]},{"type":"Feature","id":"salud_020801.11522","geometry":{"type":"Point","coordinates":[-58.8434673,-27.48992777]},"geometry_name":"geom","properties":{"gid":11522,"entidad":0,"fna":"Centro de Atención Primaria de la Salud Barrio Juan de Vera XIV","gna":"Centro de Atención Primaria de la Salud","nam":"Barrio Juan de Vera XIV","fdc":"IGN/SISA","sag":"IGN"},"bbox":[-58.8434673,-27.48992777,-58.8434673,-27.48992777]},{"type":"Feature","id":"salud_020801.11523","geometry":{"type":"Point","coordinates":[-58.73994195,-27.58163703]},"geometry_name":"geom","properties":{"gid":11523,"entidad":0,"fna":"Hospital Presidente Raúl Alfonsín","gna":"Hospital","nam":"Presidente Raúl Alfonsín","fdc":"IGN/SISA","sag":"IGN"},"bbox":[-58.73994195,-27.58163703,-58.73994195,-27.58163703]},{"type":"Feature","id":"salud_020801.11524","geometry":{"type":"Point","coordinates":[-57.79347991,-27.87001264]},"geometry_name":"geom","properties":{"gid":11524,"entidad":0,"fna":"Salita Municipal Tacuaral","gna":"Salita Municipal","nam":"Tacuaral","fdc":"IGN/SISA","sag":"IGN"},"bbox":[-57.79347991,-27.87001264,-57.79347991,-27.87001264]},{"type":"Feature","id":"salud_020801.11525","geometry":{"type":"Point","coordinates":[-57.8866785,-28.39497896]},"geometry_name":"geom","properties":{"gid":11525,"entidad":0,"fna":"Sala de Atención Primaria de la Salud Flores Durán","gna":"Sala de Atención Primaria de la Salud","nam":"Flores Durán","fdc":"IGN/SISA","sag":"IGN"},"bbox":[-57.8866785,-28.39497896,-57.8866785,-28.39497896]},{"type":"Feature","id":"salud_020801.11526","geometry":{"type":"Point","coordinates":[-58.29974583,-29.98058514]},"geometry_name":"geom","properties":{"gid":11526,"entidad":0,"fna":"Centro de Salud Rural Cazadores Correntinos","gna":"Centro de Salud Rural","nam":"Cazadores Correntinos","fdc":"IGN/SISA","sag":"IGN"},"bbox":[-58.29974583,-29.98058514,-58.29974583,-29.98058514]},{"type":"Feature","id":"salud_020801.11527","geometry":{"type":"Point","coordinates":[-58.79644322,-27.9483125]},"geometry_name":"geom","properties":{"gid":11527,"entidad":0,"fna":"Centro de Atención Primaria de la Salud Atanacio Godoy","gna":"Centro de Atención Primaria de la Salud","nam":"Atanacio Godoy","fdc":"IGN/SISA","sag":"IGN"},"bbox":[-58.79644322,-27.9483125,-58.79644322,-27.9483125]},{"type":"Feature","id":"salud_020801.11528","geometry":{"type":"Point","coordinates":[-58.22694937,-28.04719532]},"geometry_name":"geom","properties":{"gid":11528,"entidad":0,"fna":"Sala de Primeros Auxilios Diego Mezzorana","gna":"Sala de Primeros Auxilios","nam":"Diego Mezzorana","fdc":"IGN/SISA","sag":"IGN"},"bbox":[-58.22694937,-28.04719532,-58.22694937,-28.04719532]},{"type":"Feature","id":"salud_020801.11529","geometry":{"type":"Point","coordinates":[-58.09810638,-29.17500078]},"geometry_name":"geom","properties":{"gid":11529,"entidad":0,"fna":"Sala Pompeya","gna":"Sala","nam":"Pompeya","fdc":"IGN/SISA","sag":"IGN"},"bbox":[-58.09810638,-29.17500078,-58.09810638,-29.17500078]},{"type":"Feature","id":"salud_020801.11530","geometry":{"type":"Point","coordinates":[-58.0880187,-29.18161828]},"geometry_name":"geom","properties":{"gid":11530,"entidad":0,"fna":"Sala Solidagro","gna":"Sala","nam":"Solidagro","fdc":"IGN/SISA","sag":"IGN"},"bbox":[-58.0880187,-29.18161828,-58.0880187,-29.18161828]},{"type":"Feature","id":"salud_020801.11531","geometry":{"type":"Point","coordinates":[-58.62545662,-28.25300452]},"geometry_name":"geom","properties":{"gid":11531,"entidad":0,"fna":"Sala de Atención Primaria de la Salud Pago Alegre","gna":"Sala de Atención Primaria de la Salud","nam":"Pago Alegre","fdc":"IGN/SISA","sag":"IGN"},"bbox":[-58.62545662,-28.25300452,-58.62545662,-28.25300452]},{"type":"Feature","id":"salud_020801.11532","geometry":{"type":"Point","coordinates":[-58.98217462,-28.55806185]},"geometry_name":"geom","properties":{"gid":11532,"entidad":0,"fna":"Sala Lomas Sur","gna":"Sala","nam":"Lomas Sur","fdc":"IGN/SISA","sag":"IGN"},"bbox":[-58.98217462,-28.55806185,-58.98217462,-28.55806185]},{"type":"Feature","id":"salud_020801.11533","geometry":{"type":"Point","coordinates":[-58.82529596,-27.49452125]},"geometry_name":"geom","properties":{"gid":11533,"entidad":0,"fna":"Centro de Atención Primaria de la Salud III Doctor Taglialegne","gna":"Centro de Atención Primaria de la Salud","nam":"III Doctor Taglialegne","fdc":"IGN/SISA","sag":"IGN"},"bbox":[-58.82529596,-27.49452125,-58.82529596,-27.49452125]},{"type":"Feature","id":"salud_020801.11534","geometry":{"type":"Point","coordinates":[-58.78391125,-27.4904368]},"geometry_name":"geom","properties":{"gid":11534,"entidad":0,"fna":"Centro de Atención Primaria de la Salud Nº 9 17 de Agosto","gna":"Centro de Atención Primaria de la Salud","nam":"Nº 9 17 de Agosto","fdc":"IGN/SISA","sag":"IGN"},"bbox":[-58.78391125,-27.4904368,-58.78391125,-27.4904368]},{"type":"Feature","id":"salud_020801.11535","geometry":{"type":"Point","coordinates":[-58.78961216,-27.49025175]},"geometry_name":"geom","properties":{"gid":11535,"entidad":0,"fna":"Sala de Atención Primaria de la Salud Barrio Quinta Ferré","gna":"Sala de Atención Primaria de la Salud","nam":"Barrio Quinta Ferré","fdc":"IGN/SISA","sag":"IGN"},"bbox":[-58.78961216,-27.49025175,-58.78961216,-27.49025175]},{"type":"Feature","id":"salud_020801.11536","geometry":{"type":"Point","coordinates":[-58.80927991,-27.46464303]},"geometry_name":"geom","properties":{"gid":11536,"entidad":0,"fna":"Sala de Atención Primaria de la Salud Barrio Itatí","gna":"Sala de Atención Primaria de la Salud","nam":"Barrio Itatí","fdc":"IGN/SISA","sag":"IGN"},"bbox":[-58.80927991,-27.46464303,-58.80927991,-27.46464303]},{"type":"Feature","id":"salud_020801.11537","geometry":{"type":"Point","coordinates":[-58.77915421,-27.52089963]},"geometry_name":"geom","properties":{"gid":11537,"entidad":0,"fna":"Centro de Atención Primaria de la Salud XV Presidente Arturo Illia","gna":"Centro de Atención Primaria de la Salud","nam":"XV Presidente Arturo Illia","fdc":"IGN/SISA","sag":"IGN"},"bbox":[-58.77915421,-27.52089963,-58.77915421,-27.52089963]},{"type":"Feature","id":"salud_020801.11539","geometry":{"type":"Point","coordinates":[-56.6470666,-29.17289037]},"geometry_name":"geom","properties":{"gid":11539,"entidad":0,"fna":"Hospital San Antonio de Padua","gna":"Hospital","nam":"San Antonio de Padua","fdc":"IGN/SISA","sag":"IGN"},"bbox":[-56.6470666,-29.17289037,-56.6470666,-29.17289037]},{"type":"Feature","id":"salud_020801.11540","geometry":{"type":"Point","coordinates":[-58.06315983,-29.79015521]},"geometry_name":"geom","properties":{"gid":11540,"entidad":0,"fna":"Hospital Doctor Fernando Irastorza","gna":"Hospital","nam":"Doctor Fernando Irastorza","fdc":"IGN/SISA","sag":"IGN"},"bbox":[-58.06315983,-29.79015521,-58.06315983,-29.79015521]},{"type":"Feature","id":"salud_020801.11541","geometry":{"type":"Point","coordinates":[-57.96187013,-30.61680618]},"geometry_name":"geom","properties":{"gid":11541,"entidad":0,"fna":"Hospital Mocoretá","gna":"Hospital","nam":"Mocoretá","fdc":"IGN/SISA","sag":"IGN"},"bbox":[-57.96187013,-30.61680618,-57.96187013,-30.61680618]},{"type":"Feature","id":"salud_020801.11542","geometry":{"type":"Point","coordinates":[-57.10601137,-29.71180024]},"geometry_name":"geom","properties":{"gid":11542,"entidad":0,"fna":"Hospital San José","gna":"Hospital","nam":"San José","fdc":"IGN/OSM/SISA","sag":"IGN"},"bbox":[-57.10601137,-29.71180024,-57.10601137,-29.71180024]},{"type":"Feature","id":"salud_020801.11543","geometry":{"type":"Point","coordinates":[-58.62786812,-28.25881775]},"geometry_name":"geom","properties":{"gid":11543,"entidad":0,"fna":"Hospital María Auxiliadora","gna":"Hospital","nam":"María Auxiliadora","fdc":"IGN/OSM/SISA","sag":"IGN"},"bbox":[-58.62786812,-28.25881775,-58.62786812,-28.25881775]},{"type":"Feature","id":"salud_020801.11544","geometry":{"type":"Point","coordinates":[-58.54938253,-27.5046603]},"geometry_name":"geom","properties":{"gid":11544,"entidad":0,"fna":"Hospital Provincial San Luis del Palmar","gna":"Hospital Provincial","nam":"San Luis del Palmar","fdc":"IGN/SISA","sag":"IGN"},"bbox":[-58.54938253,-27.5046603,-58.54938253,-27.5046603]},{"type":"Feature","id":"salud_020801.11545","geometry":{"type":"Point","coordinates":[-57.17036556,-28.53803892]},"geometry_name":"geom","properties":{"gid":11545,"entidad":0,"fna":"Hospital Colonia Carlos Pellegrini","gna":"Hospital","nam":"Colonia Carlos Pellegrini","fdc":"IGN/SISA","sag":"IGN"},"bbox":[-57.17036556,-28.53803892,-57.17036556,-28.53803892]},{"type":"Feature","id":"salud_020801.11546","geometry":{"type":"Point","coordinates":[-59.04462515,-28.52272555]},"geometry_name":"geom","properties":{"gid":11546,"entidad":0,"fna":"Hospital El Salvador","gna":"Hospital","nam":"El Salvador","fdc":"IGN/SISA","sag":"IGN"},"bbox":[-59.04462515,-28.52272555,-59.04462515,-28.52272555]},{"type":"Feature","id":"salud_020801.11547","geometry":{"type":"Point","coordinates":[-57.52903663,-27.55082489]},"geometry_name":"geom","properties":{"gid":11547,"entidad":0,"fna":"Hospital Juan Ramón Vidal","gna":"Hospital","nam":"Juan Ramón Vidal","fdc":"IGN/OSM/SISA","sag":"IGN"},"bbox":[-57.52903663,-27.55082489,-57.52903663,-27.55082489]},{"type":"Feature","id":"salud_020801.11548","geometry":{"type":"Point","coordinates":[-55.58054969,-27.36892124]},"geometry_name":"geom","properties":{"gid":11548,"entidad":0,"fna":"Hospital Santa Ana","gna":"Hospital","nam":"Santa Ana","fdc":"IGN/OSM/SISA","sag":"IGN"},"bbox":[-55.58054969,-27.36892124,-55.58054969,-27.36892124]},{"type":"Feature","id":"salud_020801.11549","geometry":{"type":"Point","coordinates":[-54.52610486,-27.47510829]},"geometry_name":"geom","properties":{"gid":11549,"entidad":0,"fna":"Hospital Colonia Aurora","gna":"Hospital","nam":"Colonia Aurora","fdc":"IGN/OSM/SISA","sag":"IGN"},"bbox":[-54.52610486,-27.47510829,-54.52610486,-27.47510829]},{"type":"Feature","id":"salud_020801.11550","geometry":{"type":"Point","coordinates":[-54.74437338,-27.37918028]},"geometry_name":"geom","properties":{"gid":11550,"entidad":0,"fna":"Hospital Doctor Ricardo Alba Posse","gna":"Hospital","nam":"Doctor Ricardo Alba Posse","fdc":"IGN/OSM/SISA","sag":"IGN"},"bbox":[-54.74437338,-27.37918028,-54.74437338,-27.37918028]},{"type":"Feature","id":"salud_020801.11551","geometry":{"type":"Point","coordinates":[-53.73572947,-26.05630343]},"geometry_name":"geom","properties":{"gid":11551,"entidad":0,"fna":"Hospital San Antonio","gna":"Hospital","nam":"San Antonio","fdc":"IGN/SISA","sag":"IGN"},"bbox":[-53.73572947,-26.05630343,-53.73572947,-26.05630343]},{"type":"Feature","id":"salud_020801.11552","geometry":{"type":"Point","coordinates":[-54.60586701,-26.02185756]},"geometry_name":"geom","properties":{"gid":11552,"entidad":0,"fna":"Hospital Puerto Esperanza","gna":"Hospital","nam":"Puerto Esperanza","fdc":"IGN/OSM/SISA","sag":"IGN"},"bbox":[-54.60586701,-26.02185756,-54.60586701,-26.02185756]},{"type":"Feature","id":"salud_020801.11671","geometry":{"type":"Point","coordinates":[-59.85840437,-25.20940084]},"geometry_name":"geom","properties":{"gid":11671,"entidad":0,"fna":"Hospital Provincial Ibarreta","gna":"Hospital Provincial","nam":"Ibarreta","fdc":"IGN/SISA","sag":"IGN"},"bbox":[-59.85840437,-25.20940084,-59.85840437,-25.20940084]},{"type":"Feature","id":"salud_020801.11672","geometry":{"type":"Point","coordinates":[-58.27581335,-25.36292723]},"geometry_name":"geom","properties":{"gid":11672,"entidad":0,"fna":"Hospital Provincial Riacho He - Hé","gna":"Hospital Provincial","nam":"Riacho He - Hé","fdc":"IGN/SISA","sag":"IGN"},"bbox":[-58.27581335,-25.36292723,-58.27581335,-25.36292723]},{"type":"Feature","id":"salud_020801.11673","geometry":{"type":"Point","coordinates":[-62.0041366,-23.15774193]},"geometry_name":"geom","properties":{"gid":11673,"entidad":0,"fna":"Hospital Provincial El Potrillo","gna":"Hospital Provincial","nam":"El Potrillo","fdc":"IGN/SISA","sag":"IGN"},"bbox":[-62.0041366,-23.15774193,-62.0041366,-23.15774193]},{"type":"Feature","id":"salud_020801.11674","geometry":{"type":"Point","coordinates":[-62.30618553,-23.18591529]},"geometry_name":"geom","properties":{"gid":11674,"entidad":0,"fna":"Hospital General Mosconi","gna":"Hospital","nam":"General Mosconi","fdc":"IGN/SISA","sag":"IGN"},"bbox":[-62.30618553,-23.18591529,-62.30618553,-23.18591529]},{"type":"Feature","id":"salud_020801.11675","geometry":{"type":"Point","coordinates":[-61.24417067,-24.25098391]},"geometry_name":"geom","properties":{"gid":11675,"entidad":0,"fna":"Hospital Provincial Laguna Yema","gna":"Hospital Provincial","nam":"Laguna Yema","fdc":"IGN/OSM/SISA","sag":"IGN"},"bbox":[-61.24417067,-24.25098391,-61.24417067,-24.25098391]},{"type":"Feature","id":"salud_020801.11676","geometry":{"type":"Point","coordinates":[-58.18888481,-26.18130137]},"geometry_name":"geom","properties":{"gid":11676,"entidad":0,"fna":"Hospital de Alta Complejidad Presidente Juan Domingo Perón","gna":"Hospital de Alta Complejidad","nam":"Presidente Juan Domingo Perón","fdc":"IGN/SISA","sag":"IGN"},"bbox":[-58.18888481,-26.18130137,-58.18888481,-26.18130137]},{"type":"Feature","id":"salud_020801.11677","geometry":{"type":"Point","coordinates":[-58.8870554,-25.86159448]},"geometry_name":"geom","properties":{"gid":11677,"entidad":0,"fna":"Hospital Provincial Gran Guardia","gna":"Hospital Provincial","nam":"Gran Guardia","fdc":"IGN/SISA","sag":"IGN"},"bbox":[-58.8870554,-25.86159448,-58.8870554,-25.86159448]},{"type":"Feature","id":"salud_020801.11738","geometry":{"type":"Point","coordinates":[-59.22276354,-25.71233959]},"geometry_name":"geom","properties":{"gid":11738,"entidad":0,"fna":"Centro de Salud Centro Forestal Pirané","gna":"Centro de Salud","nam":"Centro Forestal Pirané","fdc":"IGN/SISA","sag":"IGN"},"bbox":[-59.22276354,-25.71233959,-59.22276354,-25.71233959]},{"type":"Feature","id":"salud_020801.11739","geometry":{"type":"Point","coordinates":[-59.05978915,-25.68828356]},"geometry_name":"geom","properties":{"gid":11739,"entidad":0,"fna":"Centro de Salud El Corralito","gna":"Centro de Salud","nam":"El Corralito","fdc":"IGN/SISA","sag":"IGN"},"bbox":[-59.05978915,-25.68828356,-59.05978915,-25.68828356]},{"type":"Feature","id":"salud_020801.11744","geometry":{"type":"Point","coordinates":[-60.96589677,-30.86403246]},"geometry_name":"geom","properties":{"gid":11744,"entidad":0,"fna":"Servicio para la Atención Médica de la Comunidad La Pelada","gna":"Servicio para la Atención Médica de la Comunidad","nam":"La Pelada","fdc":"IGN/SISA","sag":"IGN"},"bbox":[-60.96589677,-30.86403246,-60.96589677,-30.86403246]},{"type":"Feature","id":"salud_020801.11745","geometry":{"type":"Point","coordinates":[-61.76931614,-32.56582552]},"geometry_name":"geom","properties":{"gid":11745,"entidad":0,"fna":"Servicio para la Atención Médica de la Comunidad Montes de Oca","gna":"Servicio para la Atención Médica de la Comunidad","nam":"Montes de Oca","fdc":"IGN/SISA","sag":"IGN"},"bbox":[-61.76931614,-32.56582552,-61.76931614,-32.56582552]},{"type":"Feature","id":"salud_020801.11746","geometry":{"type":"Point","coordinates":[-61.58190684,-32.48030446]},"geometry_name":"geom","properties":{"gid":11746,"entidad":0,"fna":"Servicio para la Atención Médica de la Comunidad Las Rosas","gna":"Servicio para la Atención Médica de la Comunidad","nam":"Las Rosas","fdc":"IGN/SISA","sag":"IGN"},"bbox":[-61.58190684,-32.48030446,-61.58190684,-32.48030446]},{"type":"Feature","id":"salud_020801.11771","geometry":{"type":"Point","coordinates":[-55.35405065,-27.89338277]},"geometry_name":"geom","properties":{"gid":11771,"entidad":0,"fna":"Centro de Atención Primaria de la Salud La Corita","gna":"Centro de Atención Primaria de la Salud","nam":"La Corita","fdc":"IGN/SISA","sag":"IGN"},"bbox":[-55.35405065,-27.89338277,-55.35405065,-27.89338277]},{"type":"Feature","id":"salud_020801.11772","geometry":{"type":"Point","coordinates":[-55.93760502,-27.43690334]},"geometry_name":"geom","properties":{"gid":11772,"entidad":0,"fna":"Centro de Atención Primaria de la Salud Nº 33 San Isidro","gna":"Centro de Atención Primaria de la Salud","nam":"Nº 33 San Isidro","fdc":"IGN/SISA","sag":"IGN"},"bbox":[-55.93760502,-27.43690334,-55.93760502,-27.43690334]},{"type":"Feature","id":"salud_020801.11773","geometry":{"type":"Point","coordinates":[-54.59368811,-26.18382425]},"geometry_name":"geom","properties":{"gid":11773,"entidad":0,"fna":"Posta Nueva Delicia","gna":"Posta","nam":"Nueva Delicia","fdc":"IGN/SISA","sag":"IGN"},"bbox":[-54.59368811,-26.18382425,-54.59368811,-26.18382425]},{"type":"Feature","id":"salud_020801.11774","geometry":{"type":"Point","coordinates":[-54.44353355,-26.19286611]},"geometry_name":"geom","properties":{"gid":11774,"entidad":0,"fna":"Posta Colonia Delicia","gna":"Posta","nam":"Colonia Delicia","fdc":"IGN/SISA","sag":"IGN"},"bbox":[-54.44353355,-26.19286611,-54.44353355,-26.19286611]},{"type":"Feature","id":"salud_020801.11775","geometry":{"type":"Point","coordinates":[-55.16019,-27.52526]},"geometry_name":"geom","properties":{"gid":11775,"entidad":0,"fna":"Centro de Atención Primaria de la Salud Guaraní","gna":"Centro de Atención Primaria de la Salud","nam":"Guaraní","fdc":"IGN/SISA","sag":"IGN"},"bbox":[-55.16019,-27.52526,-55.16019,-27.52526]},{"type":"Feature","id":"salud_020801.11776","geometry":{"type":"Point","coordinates":[-54.57843947,-25.60771602]},"geometry_name":"geom","properties":{"gid":11776,"entidad":0,"fna":"Centro de Atención Primaria de la Salud Villa Alta","gna":"Centro de Atención Primaria de la Salud","nam":"Villa Alta","fdc":"IGN/SISA","sag":"IGN"},"bbox":[-54.57843947,-25.60771602,-54.57843947,-25.60771602]},{"type":"Feature","id":"salud_020801.11777","geometry":{"type":"Point","coordinates":[-55.09535275,-26.94589816]},"geometry_name":"geom","properties":{"gid":11777,"entidad":0,"fna":"Centro de Atención Primaria de la Salud Villa Akerman","gna":"Centro de Atención Primaria de la Salud","nam":"Villa Akerman","fdc":"IGN/SISA","sag":"IGN"},"bbox":[-55.09535275,-26.94589816,-55.09535275,-26.94589816]},{"type":"Feature","id":"salud_020801.11778","geometry":{"type":"Point","coordinates":[-54.69640595,-26.47050158]},"geometry_name":"geom","properties":{"gid":11778,"entidad":0,"fna":"Centro de Atención Primaria de la Salud Gallo Montaraz","gna":"Centro de Atención Primaria de la Salud","nam":"Gallo Montaraz","fdc":"IGN/SISA","sag":"IGN"},"bbox":[-54.69640595,-26.47050158,-54.69640595,-26.47050158]},{"type":"Feature","id":"salud_020801.11779","geometry":{"type":"Point","coordinates":[-54.59471178,-26.51924839]},"geometry_name":"geom","properties":{"gid":11779,"entidad":0,"fna":"Centro de Atención Primaria de la Salud Piray Kilómetro 18","gna":"Centro de Atención Primaria de la Salud","nam":"Piray Kilómetro 18","fdc":"IGN/SISA","sag":"IGN"},"bbox":[-54.59471178,-26.51924839,-54.59471178,-26.51924839]},{"type":"Feature","id":"salud_020801.11797","geometry":{"type":"Point","coordinates":[-58.80505586,-27.48978051]},"geometry_name":"geom","properties":{"gid":11797,"entidad":0,"fna":"Centro de Atención Primaria de la Salud Nº IV Doctor Graciano Lugo","gna":"Centro de Atención Primaria de la Salud","nam":"Nº IV Doctor Graciano Lugo","fdc":"IGN/SISA","sag":"IGN"},"bbox":[-58.80505586,-27.48978051,-58.80505586,-27.48978051]},{"type":"Feature","id":"salud_020801.11798","geometry":{"type":"Point","coordinates":[-59.20709127,-32.66762523]},"geometry_name":"geom","properties":{"gid":11798,"entidad":0,"fna":"Centro de Salud Aniceto Galante","gna":"Centro de Salud","nam":"Anicento Galante","fdc":"IGN/SISA","sag":"IGN"},"bbox":[-59.20709127,-32.66762523,-59.20709127,-32.66762523]},{"type":"Feature","id":"salud_020801.11799","geometry":{"type":"Point","coordinates":[-60.09393855,-31.70094384]},"geometry_name":"geom","properties":{"gid":11799,"entidad":0,"fna":"Centro de Salud Paso de las Piedras","gna":"Centro de Salud","nam":"Paso de las Piedras","fdc":"IGN/SISA","sag":"IGN"},"bbox":[-60.09393855,-31.70094384,-60.09393855,-31.70094384]},{"type":"Feature","id":"salud_020801.11800","geometry":{"type":"Point","coordinates":[-60.56295041,-30.0803566]},"geometry_name":"geom","properties":{"gid":11800,"entidad":0,"fna":"Centro de Salud La Camila","gna":"Centro de Salud","nam":"La Camila","fdc":"IGN/SISA","sag":"IGN"},"bbox":[-60.56295041,-30.0803566,-60.56295041,-30.0803566]},{"type":"Feature","id":"salud_020801.11801","geometry":{"type":"Point","coordinates":[-60.74943413,-32.73156711]},"geometry_name":"geom","properties":{"gid":11801,"entidad":0,"fna":"Centro de Salud Barrio 3 de Febrero","gna":"Centro de Salud","nam":"Barrio 3 de Febrero","fdc":"IGN/SISA","sag":"IGN"},"bbox":[-60.74943413,-32.73156711,-60.74943413,-32.73156711]},{"type":"Feature","id":"salud_020801.11802","geometry":{"type":"Point","coordinates":[-61.44466396,-33.65104288]},"geometry_name":"geom","properties":{"gid":11802,"entidad":0,"fna":"Centro de Salud San José Urbano","gna":"Centro de Salud","nam":"San José Urbano","fdc":"IGN/SISA","sag":"IGN"},"bbox":[-61.44466396,-33.65104288,-61.44466396,-33.65104288]},{"type":"Feature","id":"salud_020801.11803","geometry":{"type":"Point","coordinates":[-61.86018843,-33.64636476]},"geometry_name":"geom","properties":{"gid":11803,"entidad":0,"fna":"Centro de Salud Doctora Carmen Castilla","gna":"Centro de Salud","nam":"Doctora Carmen Castilla","fdc":"IGN/SISA","sag":"IGN"},"bbox":[-61.86018843,-33.64636476,-61.86018843,-33.64636476]},{"type":"Feature","id":"salud_020801.11804","geometry":{"type":"Point","coordinates":[-62.12321579,-33.58887366]},"geometry_name":"geom","properties":{"gid":11804,"entidad":0,"fna":"Centro de Salud San Francisco de Santa Fe","gna":"Centro de Salud","nam":"San Francisco de Santa Fe","fdc":"IGN/SISA","sag":"IGN"},"bbox":[-62.12321579,-33.58887366,-62.12321579,-33.58887366]},{"type":"Feature","id":"salud_020801.11805","geometry":{"type":"Point","coordinates":[-62.37221567,-34.33209486]},"geometry_name":"geom","properties":{"gid":11805,"entidad":0,"fna":"Centro de Salud Aarón Castellanos","gna":"Centro de Salud","nam":"Aarón Castellanos","fdc":"IGN/SISA","sag":"IGN"},"bbox":[-62.37221567,-34.33209486,-62.37221567,-34.33209486]},{"type":"Feature","id":"salud_020801.11806","geometry":{"type":"Point","coordinates":[-60.74423546,-31.57998659]},"geometry_name":"geom","properties":{"gid":11806,"entidad":0,"fna":"Centro de Salud Los Troncos","gna":"Centro de Salud","nam":"Los Troncos","fdc":"IGN/SISA/Sitio web de la Municipalidad","sag":"IGN"},"bbox":[-60.74423546,-31.57998659,-60.74423546,-31.57998659]},{"type":"Feature","id":"salud_020801.11807","geometry":{"type":"Point","coordinates":[-60.7307815,-31.59235959]},"geometry_name":"geom","properties":{"gid":11807,"entidad":0,"fna":"Centro de Salud Juventud del Norte","gna":"Centro de Salud","nam":"Juventud del Norte","fdc":"IGN/SISA","sag":"IGN"},"bbox":[-60.7307815,-31.59235959,-60.7307815,-31.59235959]},{"type":"Feature","id":"salud_020801.11808","geometry":{"type":"Point","coordinates":[-60.47040162,-33.19355564]},"geometry_name":"geom","properties":{"gid":11808,"entidad":0,"fna":"Centro de Salud Fighiera","gna":"Centro de Salud","nam":"Fighiera","fdc":"IGN/SISA","sag":"IGN"},"bbox":[-60.47040162,-33.19355564,-60.47040162,-33.19355564]},{"type":"Feature","id":"salud_020801.11809","geometry":{"type":"Point","coordinates":[-60.72150801,-33.18452759]},"geometry_name":"geom","properties":{"gid":11809,"entidad":0,"fna":"Centro de Salud Coronel Domínguez","gna":"Centro de Salud","nam":"Coronel Domínguez","fdc":"IGN/SISA","sag":"IGN"},"bbox":[-60.72150801,-33.18452759,-60.72150801,-33.18452759]},{"type":"Feature","id":"salud_020801.11810","geometry":{"type":"Point","coordinates":[-60.69572187,-32.92697691]},"geometry_name":"geom","properties":{"gid":11810,"entidad":0,"fna":"Centro de Salud Ludueña Norte y Moreno","gna":"Centro de Salud","nam":"Ludueña Norte y Moreno","fdc":"IGN/SISA","sag":"IGN"},"bbox":[-60.69572187,-32.92697691,-60.69572187,-32.92697691]},{"type":"Feature","id":"salud_020801.11811","geometry":{"type":"Point","coordinates":[-60.73418005,-32.88737173]},"geometry_name":"geom","properties":{"gid":11811,"entidad":0,"fna":"Centro de Salud Doctor Salvador Mazza","gna":"Centro de Salud","nam":"Doctor Salvador Mazza","fdc":"IGN/SISA","sag":"IGN"},"bbox":[-60.73418005,-32.88737173,-60.73418005,-32.88737173]},{"type":"Feature","id":"salud_020801.11812","geometry":{"type":"Point","coordinates":[-60.75551901,-33.02344592]},"geometry_name":"geom","properties":{"gid":11812,"entidad":0,"fna":"Centro de Salud Soldini","gna":"Centro de Salud","nam":"Soldini","fdc":"IGN/SISA","sag":"IGN"},"bbox":[-60.75551901,-33.02344592,-60.75551901,-33.02344592]},{"type":"Feature","id":"salud_020801.11813","geometry":{"type":"Point","coordinates":[-60.92271247,-32.24329869]},"geometry_name":"geom","properties":{"gid":11813,"entidad":0,"fna":"Centro de Salud Puerto Aragón","gna":"Centro de Salud","nam":"Puerto Aragón","fdc":"IGN/SISA","sag":"IGN"},"bbox":[-60.92271247,-32.24329869,-60.92271247,-32.24329869]},{"type":"Feature","id":"salud_020801.11840","geometry":{"type":"Point","coordinates":[-59.02617883,-24.93954519]},"geometry_name":"geom","properties":{"gid":11840,"entidad":0,"fna":"Hospital Provincial Villa General Manuel Belgrano","gna":"Hospital Provincial","nam":"Villa General Manuel Belgrano","fdc":"IGN/SISA","sag":"IGN"},"bbox":[-59.02617883,-24.93954519,-59.02617883,-24.93954519]},{"type":"Feature","id":"salud_020801.11842","geometry":{"type":"Point","coordinates":[-60.83625855,-26.80169287]},"geometry_name":"geom","properties":{"gid":11842,"entidad":0,"fna":"Hospital Doctor Enrique M. A. Sagarduy","gna":"Hospital","nam":"Doctor Enrique M. A. Sagarduy","fdc":"IGN/SISA","sag":"IGN"},"bbox":[-60.83625855,-26.80169287,-60.83625855,-26.80169287]},{"type":"Feature","id":"salud_020801.11843","geometry":{"type":"Point","coordinates":[-60.72962258,-26.68819607]},"geometry_name":"geom","properties":{"gid":11843,"entidad":0,"fna":"Hospital Doctor E. P. Morante","gna":"Hospital","nam":"Doctor E. P. Morante","fdc":"IGN/SISA","sag":"IGN"},"bbox":[-60.72962258,-26.68819607,-60.72962258,-26.68819607]},{"type":"Feature","id":"salud_020801.11844","geometry":{"type":"Point","coordinates":[-63.2642328,-25.61687795]},"geometry_name":"geom","properties":{"gid":11844,"entidad":0,"fna":"Hospital Rural Santa Rosa de Lima","gna":"Hospital Rural","nam":"Santa Rosa de Lima","fdc":"IGN/SISA","sag":"IGN"},"bbox":[-63.2642328,-25.61687795,-63.2642328,-25.61687795]},{"type":"Feature","id":"salud_020801.11851","geometry":{"type":"Point","coordinates":[-58.96304872,-26.05679746]},"geometry_name":"geom","properties":{"gid":11851,"entidad":0,"fna":"Centro de Salud Colonia El Olvido","gna":"Centro de Salud","nam":"Colonia El Olvido","fdc":"IGN/SISA","sag":"IGN"},"bbox":[-58.96304872,-26.05679746,-58.96304872,-26.05679746]},{"type":"Feature","id":"salud_020801.11852","geometry":{"type":"Point","coordinates":[-61.21086259,-31.24763886]},"geometry_name":"geom","properties":{"gid":11852,"entidad":0,"fna":"Servicio para la Atención Médica de la Comunidad Felicia","gna":"Servicio para la Atención Médica de la Comunidad","nam":"Felicia","fdc":"IGN/SISA","sag":"IGN"},"bbox":[-61.21086259,-31.24763886,-61.21086259,-31.24763886]},{"type":"Feature","id":"salud_020801.11853","geometry":{"type":"Point","coordinates":[-60.59813171,-30.79192615]},"geometry_name":"geom","properties":{"gid":11853,"entidad":0,"fna":"Hospital Doctor Juan Oscar Lanza","gna":"Hospital","nam":"Doctor Juan Oscar Lanza","fdc":"IGN/SISA/Sitio web Pcial.","sag":"IGN"},"bbox":[-60.59813171,-30.79192615,-60.59813171,-30.79192615]},{"type":"Feature","id":"salud_020801.11992","geometry":{"type":"Point","coordinates":[-59.02863876,-28.51101673]},"geometry_name":"geom","properties":{"gid":11992,"entidad":0,"fna":"Centro de Atención Primaria de la Salud Florida","gna":"Centro de Atención Primaria de la Salud","nam":"Florida","fdc":"IGN/SISA","sag":"IGN"},"bbox":[-59.02863876,-28.51101673,-59.02863876,-28.51101673]},{"type":"Feature","id":"salud_020801.11993","geometry":{"type":"Point","coordinates":[-58.71788452,-27.49212173]},"geometry_name":"geom","properties":{"gid":11993,"entidad":0,"fna":"Centro de Atención Primaria de la Salud VII Laguna Brava","gna":"Centro de Atención Primaria de la Salud","nam":"VII Laguna Brava","fdc":"IGN/SISA","sag":"IGN"},"bbox":[-58.71788452,-27.49212173,-58.71788452,-27.49212173]},{"type":"Feature","id":"salud_020801.11994","geometry":{"type":"Point","coordinates":[-58.78660338,-27.5431914]},"geometry_name":"geom","properties":{"gid":11994,"entidad":0,"fna":"Sala de Atención Primaria de la Salud Barrio Esperanza","gna":"Sala de Atención Primaria de la Salud","nam":"Barrio Esperanza","fdc":"IGN/SISA","sag":"IGN"},"bbox":[-58.78660338,-27.5431914,-58.78660338,-27.5431914]},{"type":"Feature","id":"salud_020801.11995","geometry":{"type":"Point","coordinates":[-58.74953433,-27.49112697]},"geometry_name":"geom","properties":{"gid":11995,"entidad":0,"fna":"Sala de Atención Primaria de la Salud Doctor José de los Reyes Vidal","gna":"Sala de Atención Primaria de la Salud","nam":"Doctor José de los Reyes Vidal","fdc":"IGN/SISA","sag":"IGN"},"bbox":[-58.74953433,-27.49112697,-58.74953433,-27.49112697]},{"type":"Feature","id":"salud_020801.11996","geometry":{"type":"Point","coordinates":[-58.74995938,-27.48756172]},"geometry_name":"geom","properties":{"gid":11996,"entidad":0,"fna":"Sala de Atención Primaria de la Salud Lomas","gna":"Sala de Atención Primaria de la Salud","nam":"Lomas","fdc":"IGN/SISA","sag":"IGN"},"bbox":[-58.74995938,-27.48756172,-58.74995938,-27.48756172]},{"type":"Feature","id":"salud_020801.11997","geometry":{"type":"Point","coordinates":[-58.78978177,-27.46376172]},"geometry_name":"geom","properties":{"gid":11997,"entidad":0,"fna":"Centro de Atención Primaria de la Salud VI Tiburcio Fonseca","gna":"Centro de Atención Primaria de la Salud","nam":"VI Tiburcio Fonseca","fdc":"IGN/SISA","sag":"IGN"},"bbox":[-58.78978177,-27.46376172,-58.78978177,-27.46376172]},{"type":"Feature","id":"salud_020801.11998","geometry":{"type":"Point","coordinates":[-58.06153485,-29.78665324]},"geometry_name":"geom","properties":{"gid":11998,"entidad":0,"fna":"Sala de Atención Primaria de la Salud Doctor Carlos Rodríguez","gna":"Sala de Atención Primaria de la Salud","nam":"Doctor Carlos Rodríguez","fdc":"IGN/SISA","sag":"IGN"},"bbox":[-58.06153485,-29.78665324,-58.06153485,-29.78665324]},{"type":"Feature","id":"salud_020801.11999","geometry":{"type":"Point","coordinates":[-58.07250077,-29.78210264]},"geometry_name":"geom","properties":{"gid":11999,"entidad":0,"fna":"Sala de Atención Primaria de la Salud San Ramón","gna":"Sala de Atención Primaria de la Salud","nam":"San Ramón","fdc":"IGN/SISA","sag":"IGN"},"bbox":[-58.07250077,-29.78210264,-58.07250077,-29.78210264]},{"type":"Feature","id":"salud_020801.12000","geometry":{"type":"Point","coordinates":[-58.07249928,-29.78889522]},"geometry_name":"geom","properties":{"gid":12000,"entidad":0,"fna":"Hospital Militar Curuzú Cuatiá","gna":"Hospital Militar","nam":"Curuzú Cuatiá","fdc":"IGN/SISA","sag":"IGN"},"bbox":[-58.07249928,-29.78889522,-58.07249928,-29.78889522]},{"type":"Feature","id":"salud_020801.12001","geometry":{"type":"Point","coordinates":[-58.69629251,-27.88135343]},"geometry_name":"geom","properties":{"gid":12001,"entidad":0,"fna":"Sala de Atención Primaria de la Salud Juancito","gna":"Sala de Atención Primaria de la Salud","nam":"Juancito","fdc":"IGN/SISA","sag":"IGN"},"bbox":[-58.69629251,-27.88135343,-58.69629251,-27.88135343]},{"type":"Feature","id":"salud_020801.12002","geometry":{"type":"Point","coordinates":[-58.76381933,-27.7026126]},"geometry_name":"geom","properties":{"gid":12002,"entidad":0,"fna":"Sala de Atención Primaria de la Salud El Sombrero","gna":"Sala de Atención Primaria de la Salud","nam":"El Sombrero","fdc":"IGN/SISA","sag":"IGN"},"bbox":[-58.76381933,-27.7026126,-58.76381933,-27.7026126]},{"type":"Feature","id":"salud_020801.12003","geometry":{"type":"Point","coordinates":[-58.24264454,-27.27407424]},"geometry_name":"geom","properties":{"gid":12003,"entidad":0,"fna":"Sala de Atención Primaria Sanitaria Papa Francisco","gna":"Sala de Atención Primaria Sanitaria","nam":"Papa Francisco","fdc":"IGN/SISA","sag":"IGN"},"bbox":[-58.24264454,-27.27407424,-58.24264454,-27.27407424]},{"type":"Feature","id":"salud_020801.12004","geometry":{"type":"Point","coordinates":[-55.83320911,-27.90597584]},"geometry_name":"geom","properties":{"gid":12004,"entidad":0,"fna":"Sala de Primeros Auxilios Don Roberto Mur","gna":"Sala de Primeros Auxilios","nam":"Don Roberto Mur","fdc":"IGN/SISA","sag":"IGN"},"bbox":[-55.83320911,-27.90597584,-55.83320911,-27.90597584]},{"type":"Feature","id":"salud_020801.12005","geometry":{"type":"Point","coordinates":[-57.08069146,-29.7118158]},"geometry_name":"geom","properties":{"gid":12005,"entidad":0,"fna":"Centro de Atención Primaria de la Salud Nº 11 Alisio Chiappano","gna":"Centro de Atención Primaria de la Salud","nam":"Nº 11 Alisio Chiappano","fdc":"IGN/SISA","sag":"IGN"},"bbox":[-57.08069146,-29.7118158,-57.08069146,-29.7118158]},{"type":"Feature","id":"salud_020801.12006","geometry":{"type":"Point","coordinates":[-58.61947253,-28.26153908]},"geometry_name":"geom","properties":{"gid":12006,"entidad":0,"fna":"Sala Vélez Sarsfield","gna":"Sala","nam":"Vélez Sarsfield","fdc":"IGN/SISA","sag":"IGN"},"bbox":[-58.61947253,-28.26153908,-58.61947253,-28.26153908]},{"type":"Feature","id":"salud_020801.12007","geometry":{"type":"Point","coordinates":[-58.39344723,-28.12413111]},"geometry_name":"geom","properties":{"gid":12007,"entidad":0,"fna":"Sala de Auxilios Pago Alegre","gna":"Sala de Auxilios","nam":"Pago Alegre","fdc":"IGN/SISA","sag":"IGN"},"bbox":[-58.39344723,-28.12413111,-58.39344723,-28.12413111]},{"type":"Feature","id":"salud_020801.12008","geometry":{"type":"Point","coordinates":[-58.32186303,-28.37333369]},"geometry_name":"geom","properties":{"gid":12008,"entidad":0,"fna":"Centro de Salud Tatacuá","gna":"Centro de Salud","nam":"Tatacuá","fdc":"IGN/SISA","sag":"IGN"},"bbox":[-58.32186303,-28.37333369,-58.32186303,-28.37333369]},{"type":"Feature","id":"salud_020801.12009","geometry":{"type":"Point","coordinates":[-61.67902628,-27.48701533]},"geometry_name":"geom","properties":{"gid":12009,"entidad":0,"fna":"Centro de Salud Gancedo","gna":"Centro de Salud","nam":"Gancedo","fdc":"IGN/SISA","sag":"IGN"},"bbox":[-61.67902628,-27.48701533,-61.67902628,-27.48701533]},{"type":"Feature","id":"salud_020801.12010","geometry":{"type":"Point","coordinates":[-61.47768946,-27.42342627]},"geometry_name":"geom","properties":{"gid":12010,"entidad":0,"fna":"Centro de Salud Enrique Acerbo","gna":"Centro de Salud","nam":"Enrique Acerbo","fdc":"IGN/SISA","sag":"IGN"},"bbox":[-61.47768946,-27.42342627,-61.47768946,-27.42342627]},{"type":"Feature","id":"salud_020801.12011","geometry":{"type":"Point","coordinates":[-61.71006452,-27.0419788]},"geometry_name":"geom","properties":{"gid":12011,"entidad":0,"fna":"Centro de Salud Las Leonas","gna":"Centro de Salud","nam":"Las Leonas","fdc":"IGN/SISA","sag":"IGN"},"bbox":[-61.71006452,-27.0419788,-61.71006452,-27.0419788]},{"type":"Feature","id":"salud_020801.12012","geometry":{"type":"Point","coordinates":[-61.29103994,-27.32507525]},"geometry_name":"geom","properties":{"gid":12012,"entidad":0,"fna":"Centro de Salud Barrio Atalaya","gna":"Centro de Salud","nam":"Barrio Atalaya","fdc":"IGN/SISA","sag":"IGN"},"bbox":[-61.29103994,-27.32507525,-61.29103994,-27.32507525]},{"type":"Feature","id":"salud_020801.12013","geometry":{"type":"Point","coordinates":[-61.28458004,-27.32190522]},"geometry_name":"geom","properties":{"gid":12013,"entidad":0,"fna":"Centro de Salud Barrio Pinedo Viejo","gna":"Centro de Salud","nam":"Barrio Pinedo Viejo","fdc":"IGN/SISA","sag":"IGN"},"bbox":[-61.28458004,-27.32190522,-61.28458004,-27.32190522]},{"type":"Feature","id":"salud_020801.12014","geometry":{"type":"Point","coordinates":[-58.94279436,-27.33045149]},"geometry_name":"geom","properties":{"gid":12014,"entidad":0,"fna":"Puesto Sanitario Colonia Benítez","gna":"Puesto Sanitario","nam":"Colonia Benítez","fdc":"IGN/SISA","sag":"IGN"},"bbox":[-58.94279436,-27.33045149,-58.94279436,-27.33045149]},{"type":"Feature","id":"salud_020801.12015","geometry":{"type":"Point","coordinates":[-58.86716983,-27.46039235]},"geometry_name":"geom","properties":{"gid":12015,"entidad":0,"fna":"Centro de Salud Barrio de los Pescadores","gna":"Centro de Salud","nam":"Barrio de los Pescadores","fdc":"IGN/SISA","sag":"IGN"},"bbox":[-58.86716983,-27.46039235,-58.86716983,-27.46039235]},{"type":"Feature","id":"salud_020801.12016","geometry":{"type":"Point","coordinates":[-60.15505624,-26.97724751]},"geometry_name":"geom","properties":{"gid":12016,"entidad":0,"fna":"Centro de Salud Puesto Nº 2 La Matanza","gna":"Centro de Salud","nam":"Nº 2 La Matanza","fdc":"IGN/SISA","sag":"IGN"},"bbox":[-60.15505624,-26.97724751,-60.15505624,-26.97724751]},{"type":"Feature","id":"salud_020801.12017","geometry":{"type":"Point","coordinates":[-61.19712854,-27.21438126]},"geometry_name":"geom","properties":{"gid":12017,"entidad":0,"fna":"Centro de Salud Barrio Juventud","gna":"Centro de Salud","nam":"Barrio Juventud","fdc":"IGN/SISA","sag":"IGN"},"bbox":[-61.19712854,-27.21438126,-61.19712854,-27.21438126]},{"type":"Feature","id":"salud_020801.12018","geometry":{"type":"Point","coordinates":[-61.45560343,-26.70139912]},"geometry_name":"geom","properties":{"gid":12018,"entidad":0,"fna":"Centro de Salud Los Arenales","gna":"Centro de Salud","nam":"Los Arenales","fdc":"IGN/SISA","sag":"IGN"},"bbox":[-61.45560343,-26.70139912,-61.45560343,-26.70139912]},{"type":"Feature","id":"salud_020801.12019","geometry":{"type":"Point","coordinates":[-61.42004771,-26.84042051]},"geometry_name":"geom","properties":{"gid":12019,"entidad":0,"fna":"Centro de Salud El Recoveco","gna":"Centro de Salud","nam":"El Recoveco","fdc":"IGN/SISA","sag":"IGN"},"bbox":[-61.42004771,-26.84042051,-61.42004771,-26.84042051]},{"type":"Feature","id":"salud_020801.12020","geometry":{"type":"Point","coordinates":[-61.08609258,-27.08854454]},"geometry_name":"geom","properties":{"gid":12020,"entidad":0,"fna":"Centro de Salud Pampa Las Piedritas","gna":"Centro de Salud","nam":"Las Piedritas","fdc":"IGN/SISA","sag":"IGN"},"bbox":[-61.08609258,-27.08854454,-61.08609258,-27.08854454]},{"type":"Feature","id":"salud_020801.12021","geometry":{"type":"Point","coordinates":[-58.97762031,-27.35432018]},"geometry_name":"geom","properties":{"gid":12021,"entidad":0,"fna":"Centro de Salud Tres Horquetas","gna":"Centro de Salud","nam":"Tres Horquetas","fdc":"IGN/SISA","sag":"IGN"},"bbox":[-58.97762031,-27.35432018,-58.97762031,-27.35432018]},{"type":"Feature","id":"salud_020801.12022","geometry":{"type":"Point","coordinates":[-61.3055424,-27.76077515]},"geometry_name":"geom","properties":{"gid":12022,"entidad":0,"fna":"Centro de Salud Colonia Jacarandá","gna":"Centro de Salud","nam":"Colonia Jacarandá","fdc":"IGN/SISA","sag":"IGN"},"bbox":[-61.3055424,-27.76077515,-61.3055424,-27.76077515]},{"type":"Feature","id":"salud_020801.12023","geometry":{"type":"Point","coordinates":[-61.37178858,-27.54740566]},"geometry_name":"geom","properties":{"gid":12023,"entidad":0,"fna":"Centro de Salud Colonia Tañigo II","gna":"Centro de Salud","nam":"Colonia Tañigo II","fdc":"IGN/SISA","sag":"IGN"},"bbox":[-61.37178858,-27.54740566,-61.37178858,-27.54740566]},{"type":"Feature","id":"salud_020801.12024","geometry":{"type":"Point","coordinates":[-60.20184087,-26.95299513]},"geometry_name":"geom","properties":{"gid":12024,"entidad":0,"fna":"Centro de Salud Puesto Nº 4","gna":"Centro de Salud","nam":"Puesto Nº 4","fdc":"IGN/SISA","sag":"IGN"},"bbox":[-60.20184087,-26.95299513,-60.20184087,-26.95299513]},{"type":"Feature","id":"salud_020801.12025","geometry":{"type":"Point","coordinates":[-61.29472915,-27.67843533]},"geometry_name":"geom","properties":{"gid":12025,"entidad":0,"fna":"Centro de Salud Lote 40","gna":"Centro de Salud","nam":"Lote 40","fdc":"IGN/SISA","sag":"IGN"},"bbox":[-61.29472915,-27.67843533,-61.29472915,-27.67843533]},{"type":"Feature","id":"salud_020801.12026","geometry":{"type":"Point","coordinates":[-61.03018263,-26.23389352]},"geometry_name":"geom","properties":{"gid":12026,"entidad":0,"fna":"Centro de Salud Pampa Guanaco","gna":"Centro de Salud","nam":"Pampa Guanaco","fdc":"IGN/SISA","sag":"IGN"},"bbox":[-61.03018263,-26.23389352,-61.03018263,-26.23389352]},{"type":"Feature","id":"salud_020801.12027","geometry":{"type":"Point","coordinates":[-61.18824114,-26.63754209]},"geometry_name":"geom","properties":{"gid":12027,"entidad":0,"fna":"Centro de Salud Pampa Grande","gna":"Centro de Salud","nam":"Pampa Grande","fdc":"IGN/SISA","sag":"IGN"},"bbox":[-61.18824114,-26.63754209,-61.18824114,-26.63754209]},{"type":"Feature","id":"salud_020801.12028","geometry":{"type":"Point","coordinates":[-61.65995987,-26.30733755]},"geometry_name":"geom","properties":{"gid":12028,"entidad":0,"fna":"Centro de Salud Río Muerto","gna":"Centro de Salud","nam":"Río Muerto","fdc":"IGN/SISA","sag":"IGN"},"bbox":[-61.65995987,-26.30733755,-61.65995987,-26.30733755]},{"type":"Feature","id":"salud_020801.12029","geometry":{"type":"Point","coordinates":[-62.28487429,-25.39782284]},"geometry_name":"geom","properties":{"gid":12029,"entidad":0,"fna":"Centro de Salud Alta Esperanza","gna":"Centro de Salud","nam":"Alta Esperanza","fdc":"IGN/SISA","sag":"IGN"},"bbox":[-62.28487429,-25.39782284,-62.28487429,-25.39782284]},{"type":"Feature","id":"salud_020801.12030","geometry":{"type":"Point","coordinates":[-63.02208026,-25.29699012]},"geometry_name":"geom","properties":{"gid":12030,"entidad":0,"fna":"Centro de Salud El Pintado","gna":"Centro de Salud","nam":"El Pintado","fdc":"IGN/SISA","sag":"IGN"},"bbox":[-63.02208026,-25.29699012,-63.02208026,-25.29699012]},{"type":"Feature","id":"salud_020801.12031","geometry":{"type":"Point","coordinates":[-62.56920984,-25.53168537]},"geometry_name":"geom","properties":{"gid":12031,"entidad":0,"fna":"Centro de Salud La Sara","gna":"Centro de Salud","nam":"La Sara","fdc":"IGN/SISA","sag":"IGN"},"bbox":[-62.56920984,-25.53168537,-62.56920984,-25.53168537]},{"type":"Feature","id":"salud_020801.12032","geometry":{"type":"Point","coordinates":[-62.78836629,-25.48942788]},"geometry_name":"geom","properties":{"gid":12032,"entidad":0,"fna":"Centro de Salud El Cañón","gna":"Centro de Salud","nam":"El Cañón","fdc":"IGN/SISA","sag":"IGN"},"bbox":[-62.78836629,-25.48942788,-62.78836629,-25.48942788]},{"type":"Feature","id":"salud_020801.12033","geometry":{"type":"Point","coordinates":[-63.13675716,-25.42894894]},"geometry_name":"geom","properties":{"gid":12033,"entidad":0,"fna":"Centro de Salud Puesto Santa Cruz Norte","gna":"Centro de Salud","nam":"Puesto Santa Cruz Norte","fdc":"IGN/SISA","sag":"IGN"},"bbox":[-63.13675716,-25.42894894,-63.13675716,-25.42894894]},{"type":"Feature","id":"salud_020801.12034","geometry":{"type":"Point","coordinates":[-62.60635956,-25.1755199]},"geometry_name":"geom","properties":{"gid":12034,"entidad":0,"fna":"Centro de Salud El Quinto","gna":"Centro de Salud","nam":"El Quinto","fdc":"IGN/SISA","sag":"IGN"},"bbox":[-62.60635956,-25.1755199,-62.60635956,-25.1755199]},{"type":"Feature","id":"salud_020801.12035","geometry":{"type":"Point","coordinates":[-58.92960192,-26.95709975]},"geometry_name":"geom","properties":{"gid":12035,"entidad":0,"fna":"Centro de Salud Quia","gna":"Centro de Salud","nam":"Quia","fdc":"IGN/SISA","sag":"IGN"},"bbox":[-58.92960192,-26.95709975,-58.92960192,-26.95709975]},{"type":"Feature","id":"salud_020801.12036","geometry":{"type":"Point","coordinates":[-58.73931604,-27.17162516]},"geometry_name":"geom","properties":{"gid":12036,"entidad":0,"fna":"Centro de Salud El Palmar","gna":"Centro de Salud","nam":"El Palmar","fdc":"IGN/SISA","sag":"IGN"},"bbox":[-58.73931604,-27.17162516,-58.73931604,-27.17162516]},{"type":"Feature","id":"salud_020801.12037","geometry":{"type":"Point","coordinates":[-58.64532373,-27.11879756]},"geometry_name":"geom","properties":{"gid":12037,"entidad":0,"fna":"Centro de Salud Puerto Las Palmas","gna":"Centro de Salud","nam":"Puerto Las Palmas","fdc":"IGN/SISA","sag":"IGN"},"bbox":[-58.64532373,-27.11879756,-58.64532373,-27.11879756]},{"type":"Feature","id":"salud_020801.12038","geometry":{"type":"Point","coordinates":[-58.82160459,-27.089959]},"geometry_name":"geom","properties":{"gid":12038,"entidad":0,"fna":"Centro de Salud Laguna Pato","gna":"Centro de Salud","nam":"Laguna Pato","fdc":"IGN/SISA","sag":"IGN"},"bbox":[-58.82160459,-27.089959,-58.82160459,-27.089959]},{"type":"Feature","id":"salud_020801.12039","geometry":{"type":"Point","coordinates":[-58.59842055,-26.96579739]},"geometry_name":"geom","properties":{"gid":12039,"entidad":0,"fna":"Centro de Salud Tres Horquetas","gna":"Centro de Salud","nam":"Tres Horquetas","fdc":"IGN/SISA","sag":"IGN"},"bbox":[-58.59842055,-26.96579739,-58.59842055,-26.96579739]},{"type":"Feature","id":"salud_020801.12040","geometry":{"type":"Point","coordinates":[-58.67826125,-27.05375613]},"geometry_name":"geom","properties":{"gid":12040,"entidad":0,"fna":"Centro de Salud Florodora","gna":"Centro de Salud","nam":"Florodora","fdc":"IGN/SISA","sag":"IGN"},"bbox":[-58.67826125,-27.05375613,-58.67826125,-27.05375613]},{"type":"Feature","id":"salud_020801.12041","geometry":{"type":"Point","coordinates":[-58.67569609,-27.06166858]},"geometry_name":"geom","properties":{"gid":12041,"entidad":0,"fna":"Centro de Salud Solalinde","gna":"Centro de Salud","nam":"Solalinde","fdc":"IGN/SISA","sag":"IGN"},"bbox":[-58.67569609,-27.06166858,-58.67569609,-27.06166858]},{"type":"Feature","id":"salud_020801.12042","geometry":{"type":"Point","coordinates":[-58.50907842,-26.92791277]},"geometry_name":"geom","properties":{"gid":12042,"entidad":0,"fna":"Centro de Salud Puerto Bermejo Viejo","gna":"Centro de Salud","nam":"Puerto Bermejo Viejo","fdc":"IGN/SISA","sag":"IGN"},"bbox":[-58.50907842,-26.92791277,-58.50907842,-26.92791277]},{"type":"Feature","id":"salud_020801.12043","geometry":{"type":"Point","coordinates":[-58.78845212,-26.63796749]},"geometry_name":"geom","properties":{"gid":12043,"entidad":0,"fna":"Centro de Salud Colonia El Fiscal","gna":"Centro de Salud","nam":"Colonia El Fiscal","fdc":"IGN/SISA","sag":"IGN"},"bbox":[-58.78845212,-26.63796749,-58.78845212,-26.63796749]},{"type":"Feature","id":"salud_020801.12044","geometry":{"type":"Point","coordinates":[-60.41950837,-26.9098524]},"geometry_name":"geom","properties":{"gid":12044,"entidad":0,"fna":"Centro de Salud Bajo Hondo Chico","gna":"Centro de Salud","nam":"Bajo Hondo Chico","fdc":"IGN/SISA","sag":"IGN"},"bbox":[-60.41950837,-26.9098524,-60.41950837,-26.9098524]},{"type":"Feature","id":"salud_020801.12045","geometry":{"type":"Point","coordinates":[-60.20670902,-26.95322508]},"geometry_name":"geom","properties":{"gid":12045,"entidad":0,"fna":"Hospital Colonia Aborigen","gna":"Hospital","nam":"Colonia Aborigen","fdc":"IGN/SISA","sag":"IGN"},"bbox":[-60.20670902,-26.95322508,-60.20670902,-26.95322508]},{"type":"Feature","id":"salud_020801.12046","geometry":{"type":"Point","coordinates":[-60.6048926,-26.84304025]},"geometry_name":"geom","properties":{"gid":12046,"entidad":0,"fna":"Centro de Salud Colonia Napenay","gna":"Centro de Salud","nam":"Colonia Napenay","fdc":"IGN/SISA","sag":"IGN"},"bbox":[-60.6048926,-26.84304025,-60.6048926,-26.84304025]},{"type":"Feature","id":"salud_020801.12047","geometry":{"type":"Point","coordinates":[-60.45869048,-26.78324984]},"geometry_name":"geom","properties":{"gid":12047,"entidad":0,"fna":"Centro de Salud Doctor Poccard","gna":"Centro de Salud","nam":"Doctor Poccard","fdc":"IGN/SISA","sag":"IGN"},"bbox":[-60.45869048,-26.78324984,-60.45869048,-26.78324984]},{"type":"Feature","id":"salud_020801.12048","geometry":{"type":"Point","coordinates":[-60.42709431,-26.79434226]},"geometry_name":"geom","properties":{"gid":12048,"entidad":0,"fna":"Centro de Salud Victoria Waks","gna":"Centro de Salud","nam":"Victoria Waks","fdc":"IGN/SISA","sag":"IGN"},"bbox":[-60.42709431,-26.79434226,-60.42709431,-26.79434226]},{"type":"Feature","id":"salud_020801.12049","geometry":{"type":"Point","coordinates":[-60.34532481,-26.82747698]},"geometry_name":"geom","properties":{"gid":12049,"entidad":0,"fna":"Centro de Salud Colonia Rivadavia","gna":"Centro de Salud","nam":"Colonia Rivadavia","fdc":"IGN/SISA","sag":"IGN"},"bbox":[-60.34532481,-26.82747698,-60.34532481,-26.82747698]},{"type":"Feature","id":"salud_020801.12050","geometry":{"type":"Point","coordinates":[-61.38677725,-27.81560817]},"geometry_name":"geom","properties":{"gid":12050,"entidad":0,"fna":"Centro de Salud Venados Grandes","gna":"Centro de Salud","nam":"Venados Grandes","fdc":"IGN/SISA","sag":"IGN"},"bbox":[-61.38677725,-27.81560817,-61.38677725,-27.81560817]},{"type":"Feature","id":"salud_020801.12051","geometry":{"type":"Point","coordinates":[-61.69419773,-27.96832308]},"geometry_name":"geom","properties":{"gid":12051,"entidad":0,"fna":"Centro de Salud Tres Mojones Oeste","gna":"Centro de Salud","nam":"Tres Mojones Oeste","fdc":"IGN/SISA","sag":"IGN"},"bbox":[-61.69419773,-27.96832308,-61.69419773,-27.96832308]},{"type":"Feature","id":"salud_020801.12052","geometry":{"type":"Point","coordinates":[-61.07273605,-26.95924493]},"geometry_name":"geom","properties":{"gid":12052,"entidad":0,"fna":"Centro de Salud Pampa Zappa","gna":"Centro de Salud","nam":"Pampa Zappa","fdc":"IGN/SISA","sag":"IGN"},"bbox":[-61.07273605,-26.95924493,-61.07273605,-26.95924493]},{"type":"Feature","id":"salud_020801.12053","geometry":{"type":"Point","coordinates":[-60.25551071,-26.63605838]},"geometry_name":"geom","properties":{"gid":12053,"entidad":0,"fna":"Centro de Salud Colonia Sarmiento","gna":"Centro de Salud","nam":"Colonia Sarmiento","fdc":"IGN/SISA","sag":"IGN"},"bbox":[-60.25551071,-26.63605838,-60.25551071,-26.63605838]},{"type":"Feature","id":"salud_020801.12054","geometry":{"type":"Point","coordinates":[-59.22819736,-27.20998421]},"geometry_name":"geom","properties":{"gid":12054,"entidad":0,"fna":"Centro de Salud Colonia Suriz","gna":"Centro de Salud","nam":"Colonia Suriz","fdc":"IGN/SISA","sag":"IGN"},"bbox":[-59.22819736,-27.20998421,-59.22819736,-27.20998421]},{"type":"Feature","id":"salud_020801.12055","geometry":{"type":"Point","coordinates":[-59.38639508,-27.08113267]},"geometry_name":"geom","properties":{"gid":12055,"entidad":0,"fna":"Centro de Salud Legua 41","gna":"Centro de Salud","nam":"Legua 41","fdc":"IGN/SISA","sag":"IGN"},"bbox":[-59.38639508,-27.08113267,-59.38639508,-27.08113267]},{"type":"Feature","id":"salud_020801.12056","geometry":{"type":"Point","coordinates":[-60.71565281,-25.88270966]},"geometry_name":"geom","properties":{"gid":12056,"entidad":0,"fna":"Centro de Salud Colonia Florida Chica","gna":"Centro de Salud","nam":"Colonia Florida Chica","fdc":"IGN/SISA","sag":"IGN"},"bbox":[-60.71565281,-25.88270966,-60.71565281,-25.88270966]},{"type":"Feature","id":"salud_020801.12057","geometry":{"type":"Point","coordinates":[-60.64950797,-26.02810974]},"geometry_name":"geom","properties":{"gid":12057,"entidad":0,"fna":"Centro de Salud El Paraisal","gna":"Centro de Salud","nam":"El Paraisal","fdc":"IGN/SISA","sag":"IGN"},"bbox":[-60.64950797,-26.02810974,-60.64950797,-26.02810974]},{"type":"Feature","id":"salud_020801.12058","geometry":{"type":"Point","coordinates":[-60.61911394,-25.95986061]},"geometry_name":"geom","properties":{"gid":12058,"entidad":0,"fna":"Centro de Salud Chacra 108","gna":"Centro de Salud","nam":"Chacra 108","fdc":"IGN/SISA","sag":"IGN"},"bbox":[-60.61911394,-25.95986061,-60.61911394,-25.95986061]},{"type":"Feature","id":"salud_020801.12059","geometry":{"type":"Point","coordinates":[-60.63268262,-25.94343493]},"geometry_name":"geom","properties":{"gid":12059,"entidad":0,"fna":"Centro de Salud Barrio San Antonio","gna":"Centro de Salud","nam":"Barrio San Antonio","fdc":"IGN/SISA","sag":"IGN"},"bbox":[-60.63268262,-25.94343493,-60.63268262,-25.94343493]},{"type":"Feature","id":"salud_020801.12060","geometry":{"type":"Point","coordinates":[-60.33756905,-26.07372243]},"geometry_name":"geom","properties":{"gid":12060,"entidad":0,"fna":"Centro de Salud La Gerónima","gna":"Centro de Salud","nam":"La Gerónima","fdc":"IGN/SISA","sag":"IGN"},"bbox":[-60.33756905,-26.07372243,-60.33756905,-26.07372243]},{"type":"Feature","id":"salud_020801.12061","geometry":{"type":"Point","coordinates":[-60.85731576,-25.87735993]},"geometry_name":"geom","properties":{"gid":12061,"entidad":0,"fna":"Centro de Salud Campo Bedogni","gna":"Centro de Salud","nam":"Campo Bedogni","fdc":"IGN/SISA","sag":"IGN"},"bbox":[-60.85731576,-25.87735993,-60.85731576,-25.87735993]},{"type":"Feature","id":"salud_020801.12062","geometry":{"type":"Point","coordinates":[-60.45267019,-25.81798096]},"geometry_name":"geom","properties":{"gid":12062,"entidad":0,"fna":"Centro de Salud San Agustín","gna":"Centro de Salud","nam":"San Agustín","fdc":"IGN/SISA","sag":"IGN"},"bbox":[-60.45267019,-25.81798096,-60.45267019,-25.81798096]},{"type":"Feature","id":"salud_020801.12063","geometry":{"type":"Point","coordinates":[-60.39567282,-25.75476844]},"geometry_name":"geom","properties":{"gid":12063,"entidad":0,"fna":"Centro de Salud El Corredero","gna":"Centro de Salud","nam":"El Corredero","fdc":"IGN/SISA","sag":"IGN"},"bbox":[-60.39567282,-25.75476844,-60.39567282,-25.75476844]},{"type":"Feature","id":"salud_020801.12064","geometry":{"type":"Point","coordinates":[-60.69633403,-25.59759129]},"geometry_name":"geom","properties":{"gid":12064,"entidad":0,"fna":"Centro de Salud Costa Rica","gna":"Centro de Salud","nam":"Costa Rica","fdc":"IGN/SISA","sag":"IGN"},"bbox":[-60.69633403,-25.59759129,-60.69633403,-25.59759129]},{"type":"Feature","id":"salud_020801.12065","geometry":{"type":"Point","coordinates":[-60.79084537,-25.5743733]},"geometry_name":"geom","properties":{"gid":12065,"entidad":0,"fna":"Centro de Salud 4 de Febrero","gna":"Centro de Salud","nam":"4 de Febrero","fdc":"IGN/SISA","sag":"IGN"},"bbox":[-60.79084537,-25.5743733,-60.79084537,-25.5743733]},{"type":"Feature","id":"salud_020801.12066","geometry":{"type":"Point","coordinates":[-60.77464322,-25.71719928]},"geometry_name":"geom","properties":{"gid":12066,"entidad":0,"fna":"Centro de Salud Monte Redondo","gna":"Centro de Salud","nam":"Monte Redondo","fdc":"IGN/SISA","sag":"IGN"},"bbox":[-60.77464322,-25.71719928,-60.77464322,-25.71719928]},{"type":"Feature","id":"salud_020801.12067","geometry":{"type":"Point","coordinates":[-61.09587065,-25.58845838]},"geometry_name":"geom","properties":{"gid":12067,"entidad":0,"fna":"Centro de Salud Monte Caseros","gna":"Centro de Salud","nam":"Monte Caseros","fdc":"IGN/SISA","sag":"IGN"},"bbox":[-61.09587065,-25.58845838,-61.09587065,-25.58845838]},{"type":"Feature","id":"salud_020801.12068","geometry":{"type":"Point","coordinates":[-61.022338,-25.49750672]},"geometry_name":"geom","properties":{"gid":12068,"entidad":0,"fna":"Centro de Salud El Milagro","gna":"Centro de Salud","nam":"El Milagro","fdc":"IGN/SISA","sag":"IGN"},"bbox":[-61.022338,-25.49750672,-61.022338,-25.49750672]},{"type":"Feature","id":"salud_020801.12069","geometry":{"type":"Point","coordinates":[-60.5460558,-25.30095634]},"geometry_name":"geom","properties":{"gid":12069,"entidad":0,"fna":"Centro de Salud El Algarrobal","gna":"Centro de Salud","nam":"El Algarrobal","fdc":"IGN/SISA","sag":"IGN"},"bbox":[-60.5460558,-25.30095634,-60.5460558,-25.30095634]},{"type":"Feature","id":"salud_020801.12070","geometry":{"type":"Point","coordinates":[-60.89400243,-25.54646446]},"geometry_name":"geom","properties":{"gid":12070,"entidad":0,"fna":"Centro de Salud Techat","gna":"Centro de Salud","nam":"Techat","fdc":"IGN/SISA","sag":"IGN"},"bbox":[-60.89400243,-25.54646446,-60.89400243,-25.54646446]},{"type":"Feature","id":"salud_020801.12071","geometry":{"type":"Point","coordinates":[-60.86571648,-25.70837045]},"geometry_name":"geom","properties":{"gid":12071,"entidad":0,"fna":"Centro de Salud Yapeyú","gna":"Centro de Salud","nam":"Yapeyú","fdc":"IGN/SISA","sag":"IGN"},"bbox":[-60.86571648,-25.70837045,-60.86571648,-25.70837045]},{"type":"Feature","id":"salud_020801.12072","geometry":{"type":"Point","coordinates":[-60.87634086,-25.7539249]},"geometry_name":"geom","properties":{"gid":12072,"entidad":0,"fna":"Centro de Salud Las Cuatro Bocas","gna":"Centro de Salud","nam":"Las Cuatro Bocas","fdc":"IGN/SISA","sag":"IGN"},"bbox":[-60.87634086,-25.7539249,-60.87634086,-25.7539249]},{"type":"Feature","id":"salud_020801.12073","geometry":{"type":"Point","coordinates":[-61.44885857,-25.58888074]},"geometry_name":"geom","properties":{"gid":12073,"entidad":0,"fna":"Centro de Salud Kilómetro 77","gna":"Centro de Salud","nam":"Kilómetro 77","fdc":"IGN/SISA","sag":"IGN"},"bbox":[-61.44885857,-25.58888074,-61.44885857,-25.58888074]},{"type":"Feature","id":"salud_020801.12074","geometry":{"type":"Point","coordinates":[-61.93571557,-24.73149178]},"geometry_name":"geom","properties":{"gid":12074,"entidad":0,"fna":"Centro de Salud Campo Grande","gna":"Centro de Salud","nam":"Campo Grande","fdc":"IGN/SISA","sag":"IGN"},"bbox":[-61.93571557,-24.73149178,-61.93571557,-24.73149178]},{"type":"Feature","id":"salud_020801.12075","geometry":{"type":"Point","coordinates":[-62.42639969,-24.65558095]},"geometry_name":"geom","properties":{"gid":12075,"entidad":0,"fna":"Centro de Salud El Triunfo","gna":"Centro de Salud","nam":"El Triunfo","fdc":"IGN/SISA","sag":"IGN"},"bbox":[-62.42639969,-24.65558095,-62.42639969,-24.65558095]},{"type":"Feature","id":"salud_020801.12076","geometry":{"type":"Point","coordinates":[-61.82341655,-24.77087224]},"geometry_name":"geom","properties":{"gid":12076,"entidad":0,"fna":"Centro de Salud Pozo del Gato","gna":"Centro de Salud","nam":"Pozo del Gato","fdc":"IGN/SISA","sag":"IGN"},"bbox":[-61.82341655,-24.77087224,-61.82341655,-24.77087224]},{"type":"Feature","id":"salud_020801.12077","geometry":{"type":"Point","coordinates":[-61.37218702,-25.11341954]},"geometry_name":"geom","properties":{"gid":12077,"entidad":0,"fna":"Centro de Salud El Quirquincho","gna":"Centro de Salud","nam":"El Quirquincho","fdc":"IGN/SISA","sag":"IGN"},"bbox":[-61.37218702,-25.11341954,-61.37218702,-25.11341954]},{"type":"Feature","id":"salud_020801.12078","geometry":{"type":"Point","coordinates":[-61.62080398,-24.84822742]},"geometry_name":"geom","properties":{"gid":12078,"entidad":0,"fna":"Centro de Salud La Mesada","gna":"Centro de Salud","nam":"La Mesada","fdc":"IGN/SISA","sag":"IGN"},"bbox":[-61.62080398,-24.84822742,-61.62080398,-24.84822742]},{"type":"Feature","id":"salud_020801.12079","geometry":{"type":"Point","coordinates":[-61.36619849,-24.96698174]},"geometry_name":"geom","properties":{"gid":12079,"entidad":0,"fna":"Centro de Salud Nueva Población","gna":"Centro de Salud","nam":"Nueva Población","fdc":"IGN/SISA","sag":"IGN"},"bbox":[-61.36619849,-24.96698174,-61.36619849,-24.96698174]},{"type":"Feature","id":"salud_020801.12080","geometry":{"type":"Point","coordinates":[-61.53215014,-24.57828926]},"geometry_name":"geom","properties":{"gid":12080,"entidad":0,"fna":"Centro de Salud El Sauzal","gna":"Centro de Salud","nam":"El Sauzal","fdc":"IGN/SISA","sag":"IGN"},"bbox":[-61.53215014,-24.57828926,-61.53215014,-24.57828926]},{"type":"Feature","id":"salud_020801.12081","geometry":{"type":"Point","coordinates":[-61.65415505,-24.50548415]},"geometry_name":"geom","properties":{"gid":12081,"entidad":0,"fna":"Centro de Salud El Quebrachal","gna":"Centro de Salud","nam":"El Quebrachal","fdc":"IGN/SISA","sag":"IGN"},"bbox":[-61.65415505,-24.50548415,-61.65415505,-24.50548415]},{"type":"Feature","id":"salud_020801.12082","geometry":{"type":"Point","coordinates":[-61.17685085,-25.47526776]},"geometry_name":"geom","properties":{"gid":12082,"entidad":0,"fna":"Centro de Salud Los Pereyra","gna":"Centro de Salud","nam":"Los Pereyra","fdc":"IGN/SISA","sag":"IGN"},"bbox":[-61.17685085,-25.47526776,-61.17685085,-25.47526776]},{"type":"Feature","id":"salud_020801.12083","geometry":{"type":"Point","coordinates":[-61.09480984,-25.18224107]},"geometry_name":"geom","properties":{"gid":12083,"entidad":0,"fna":"Centro de Salud La Armonía","gna":"Centro de Salud","nam":"La Armonía","fdc":"IGN/SISA","sag":"IGN"},"bbox":[-61.09480984,-25.18224107,-61.09480984,-25.18224107]},{"type":"Feature","id":"salud_020801.12084","geometry":{"type":"Point","coordinates":[-61.35246249,-25.17018481]},"geometry_name":"geom","properties":{"gid":12084,"entidad":0,"fna":"Centro de Salud La Fidelidad","gna":"Centro de Salud","nam":"La Fidelidad","fdc":"IGN/SISA","sag":"IGN"},"bbox":[-61.35246249,-25.17018481,-61.35246249,-25.17018481]},{"type":"Feature","id":"salud_020801.12085","geometry":{"type":"Point","coordinates":[-60.72950618,-25.14949209]},"geometry_name":"geom","properties":{"gid":12085,"entidad":0,"fna":"Centro de Salud Manantiales","gna":"Centro de Salud","nam":"Manantiales","fdc":"IGN/SISA","sag":"IGN"},"bbox":[-60.72950618,-25.14949209,-60.72950618,-25.14949209]},{"type":"Feature","id":"salud_020801.12086","geometry":{"type":"Point","coordinates":[-60.9900449,-25.38776858]},"geometry_name":"geom","properties":{"gid":12086,"entidad":0,"fna":"Centro de Salud Las Hacheras","gna":"Centro de Salud","nam":"Las Hacheras","fdc":"IGN/SISA","sag":"IGN"},"bbox":[-60.9900449,-25.38776858,-60.9900449,-25.38776858]},{"type":"Feature","id":"salud_020801.12087","geometry":{"type":"Point","coordinates":[-60.98440685,-25.31706864]},"geometry_name":"geom","properties":{"gid":12087,"entidad":0,"fna":"Centro de Salud Pozo La Gringa","gna":"Centro de Salud","nam":"Pozo La Gringa","fdc":"IGN/SISA","sag":"IGN"},"bbox":[-60.98440685,-25.31706864,-60.98440685,-25.31706864]},{"type":"Feature","id":"salud_020801.12088","geometry":{"type":"Point","coordinates":[-60.90769299,-26.88531439]},"geometry_name":"geom","properties":{"gid":12088,"entidad":0,"fna":"Centro de Salud Fortín Las Chuñas","gna":"Centro de Salud","nam":"Fortín Las Chuñas","fdc":"IGN/SISA","sag":"IGN"},"bbox":[-60.90769299,-26.88531439,-60.90769299,-26.88531439]},{"type":"Feature","id":"salud_020801.12089","geometry":{"type":"Point","coordinates":[-60.6151202,-26.7304473]},"geometry_name":"geom","properties":{"gid":12089,"entidad":0,"fna":"Centro de Salud Napenay","gna":"Centro de Salud","nam":"Napenay","fdc":"IGN/SISA","sag":"IGN"},"bbox":[-60.6151202,-26.7304473,-60.6151202,-26.7304473]},{"type":"Feature","id":"salud_020801.12090","geometry":{"type":"Point","coordinates":[-59.15255915,-27.27359042]},"geometry_name":"geom","properties":{"gid":12090,"entidad":0,"fna":"Puesto Sanitario Colonia Popular","gna":"Puesto Sanitario","nam":"Colonia Popular","fdc":"IGN/SISA","sag":"IGN"},"bbox":[-59.15255915,-27.27359042,-59.15255915,-27.27359042]},{"type":"Feature","id":"salud_020801.12091","geometry":{"type":"Point","coordinates":[-59.82003604,-26.1558036]},"geometry_name":"geom","properties":{"gid":12091,"entidad":0,"fna":"Centro de Salud Campo Medina","gna":"Centro de Salud","nam":"Campo Medina","fdc":"IGN/SISA","sag":"IGN"},"bbox":[-59.82003604,-26.1558036,-59.82003604,-26.1558036]},{"type":"Feature","id":"salud_020801.12092","geometry":{"type":"Point","coordinates":[-59.92123013,-26.06373004]},"geometry_name":"geom","properties":{"gid":12092,"entidad":0,"fna":"Centro de Salud Pueblo Viejo","gna":"Centro de Salud","nam":"Pueblo Viejo","fdc":"IGN/SISA","sag":"IGN"},"bbox":[-59.92123013,-26.06373004,-59.92123013,-26.06373004]},{"type":"Feature","id":"salud_020801.12093","geometry":{"type":"Point","coordinates":[-60.09357838,-25.91876951]},"geometry_name":"geom","properties":{"gid":12093,"entidad":0,"fna":"Centro de Salud Santos Lugares","gna":"Centro de Salud","nam":"Santos Lugares","fdc":"IGN/SISA","sag":"IGN"},"bbox":[-60.09357838,-25.91876951,-60.09357838,-25.91876951]},{"type":"Feature","id":"salud_020801.12094","geometry":{"type":"Point","coordinates":[-60.03701174,-25.82473245]},"geometry_name":"geom","properties":{"gid":12094,"entidad":0,"fna":"Centro de Salud La Loma","gna":"Centro de Salud","nam":"La Loma","fdc":"IGN/SISA","sag":"IGN"},"bbox":[-60.03701174,-25.82473245,-60.03701174,-25.82473245]},{"type":"Feature","id":"salud_020801.12095","geometry":{"type":"Point","coordinates":[-59.63145352,-26.58039924]},"geometry_name":"geom","properties":{"gid":12095,"entidad":0,"fna":"Centro de Salud Ciervo Petiso","gna":"Centro de Salud","nam":"Ciervo Petiso","fdc":"IGN/SISA","sag":"IGN"},"bbox":[-59.63145352,-26.58039924,-59.63145352,-26.58039924]},{"type":"Feature","id":"salud_020801.12096","geometry":{"type":"Point","coordinates":[-59.30616091,-26.47898823]},"geometry_name":"geom","properties":{"gid":12096,"entidad":0,"fna":"Centro de Salud Laguna El Lobo","gna":"Centro de Salud","nam":"Laguna El Lobo","fdc":"IGN/SISA","sag":"IGN"},"bbox":[-59.30616091,-26.47898823,-59.30616091,-26.47898823]},{"type":"Feature","id":"salud_020801.12097","geometry":{"type":"Point","coordinates":[-58.98961544,-26.91616537]},"geometry_name":"geom","properties":{"gid":12097,"entidad":0,"fna":"Centro de Salud San Miguel","gna":"Centro de Salud","nam":"San Miguel","fdc":"IGN/SISA","sag":"IGN"},"bbox":[-58.98961544,-26.91616537,-58.98961544,-26.91616537]},{"type":"Feature","id":"salud_020801.12098","geometry":{"type":"Point","coordinates":[-59.14660831,-26.68090243]},"geometry_name":"geom","properties":{"gid":12098,"entidad":0,"fna":"Centro de Salud Villa Jardín","gna":"Centro de Salud","nam":"Villa Jardín","fdc":"IGN/SISA","sag":"IGN"},"bbox":[-59.14660831,-26.68090243,-59.14660831,-26.68090243]},{"type":"Feature","id":"salud_020801.12099","geometry":{"type":"Point","coordinates":[-59.12372336,-26.70040731]},"geometry_name":"geom","properties":{"gid":12099,"entidad":0,"fna":"Centro de Salud Pampa Almirón","gna":"Centro de Salud","nam":"Pampa Almirón","fdc":"IGN/SISA","sag":"IGN"},"bbox":[-59.12372336,-26.70040731,-59.12372336,-26.70040731]},{"type":"Feature","id":"salud_020801.12100","geometry":{"type":"Point","coordinates":[-58.95803929,-26.80157099]},"geometry_name":"geom","properties":{"gid":12100,"entidad":0,"fna":"Centro de Salud Selvas del Río de Oro","gna":"Centro de Salud","nam":"Selvas del Río de Oro","fdc":"IGN/SISA","sag":"IGN"},"bbox":[-58.95803929,-26.80157099,-58.95803929,-26.80157099]},{"type":"Feature","id":"salud_020801.12101","geometry":{"type":"Point","coordinates":[-60.41448282,-27.19661442]},"geometry_name":"geom","properties":{"gid":12101,"entidad":0,"fna":"Centro de Salud Lote 15","gna":"Centro de Salud","nam":"Lote 15","fdc":"IGN/SISA","sag":"IGN"},"bbox":[-60.41448282,-27.19661442,-60.41448282,-27.19661442]},{"type":"Feature","id":"salud_020801.12102","geometry":{"type":"Point","coordinates":[-60.56668349,-26.2088338]},"geometry_name":"geom","properties":{"gid":12102,"entidad":0,"fna":"Centro de Salud Monte Quemado Chico","gna":"Centro de Salud","nam":"Monte Quemado Chico","fdc":"IGN/SISA","sag":"IGN"},"bbox":[-60.56668349,-26.2088338,-60.56668349,-26.2088338]},{"type":"Feature","id":"salud_020801.12103","geometry":{"type":"Point","coordinates":[-60.2495831,-26.2133363]},"geometry_name":"geom","properties":{"gid":12103,"entidad":0,"fna":"Centro de Salud El Boquerón","gna":"Centro de Salud","nam":"El Boquerón","fdc":"IGN/SISA","sag":"IGN"},"bbox":[-60.2495831,-26.2133363,-60.2495831,-26.2133363]},{"type":"Feature","id":"salud_020801.12104","geometry":{"type":"Point","coordinates":[-60.30210065,-26.30370336]},"geometry_name":"geom","properties":{"gid":12104,"entidad":0,"fna":"Centro de Salud Cabá Ñaró","gna":"Centro de Salud","nam":"Cabá Ñaró","fdc":"IGN/SISA","sag":"IGN"},"bbox":[-60.30210065,-26.30370336,-60.30210065,-26.30370336]},{"type":"Feature","id":"salud_020801.12105","geometry":{"type":"Point","coordinates":[-60.41244189,-26.43323971]},"geometry_name":"geom","properties":{"gid":12105,"entidad":0,"fna":"Centro de Salud Paraje El 42","gna":"Centro de Salud","nam":"Paraje El 42","fdc":"IGN/SISA","sag":"IGN"},"bbox":[-60.41244189,-26.43323971,-60.41244189,-26.43323971]},{"type":"Feature","id":"salud_020801.12106","geometry":{"type":"Point","coordinates":[-60.8756308,-27.49029184]},"geometry_name":"geom","properties":{"gid":12106,"entidad":0,"fna":"Centro de Salud Colonia Juan José Paso Norte","gna":"Centro de Salud","nam":"Colonia Juan José Paso Norte","fdc":"IGN/SISA","sag":"IGN"},"bbox":[-60.8756308,-27.49029184,-60.8756308,-27.49029184]},{"type":"Feature","id":"salud_020801.12107","geometry":{"type":"Point","coordinates":[-60.72377857,-27.57915077]},"geometry_name":"geom","properties":{"gid":12107,"entidad":0,"fna":"Centro de Atención Primaria de la Salud Braverman","gna":"Centro de Atención Primaria de la Salud","nam":"Braverman","fdc":"IGN/SISA","sag":"IGN"},"bbox":[-60.72377857,-27.57915077,-60.72377857,-27.57915077]},{"type":"Feature","id":"salud_020801.12108","geometry":{"type":"Point","coordinates":[-60.52666632,-27.5555252]},"geometry_name":"geom","properties":{"gid":12108,"entidad":0,"fna":"Centro de Salud Enrique Urien","gna":"Centro de Salud","nam":"Enrique Urien","fdc":"IGN/SISA","sag":"IGN"},"bbox":[-60.52666632,-27.5555252,-60.52666632,-27.5555252]},{"type":"Feature","id":"salud_020801.12109","geometry":{"type":"Point","coordinates":[-60.84453095,-27.42682744]},"geometry_name":"geom","properties":{"gid":12109,"entidad":0,"fna":"Centro de Salud Colonia Domingo Matheu","gna":"Centro de Salud","nam":"Colonia Domingo Matheu","fdc":"IGN/SISA","sag":"IGN"},"bbox":[-60.84453095,-27.42682744,-60.84453095,-27.42682744]},{"type":"Feature","id":"salud_020801.12110","geometry":{"type":"Point","coordinates":[-60.63342381,-27.17764512]},"geometry_name":"geom","properties":{"gid":12110,"entidad":0,"fna":"Centro de Salud La Clotilde","gna":"Centro de Salud","nam":"La Clotilde","fdc":"IGN/SISA","sag":"IGN"},"bbox":[-60.63342381,-27.17764512,-60.63342381,-27.17764512]},{"type":"Feature","id":"salud_020801.12111","geometry":{"type":"Point","coordinates":[-60.58756623,-27.11363075]},"geometry_name":"geom","properties":{"gid":12111,"entidad":0,"fna":"Centro de Salud La Tigra","gna":"Centro de Salud","nam":"La Tigra","fdc":"IGN/SISA","sag":"IGN"},"bbox":[-60.58756623,-27.11363075,-60.58756623,-27.11363075]},{"type":"Feature","id":"salud_020801.12112","geometry":{"type":"Point","coordinates":[-60.69353725,-27.41969181]},"geometry_name":"geom","properties":{"gid":12112,"entidad":0,"fna":"Centro de Salud Lote 10","gna":"Centro de Salud","nam":"Lote 10","fdc":"IGN/SISA","sag":"IGN"},"bbox":[-60.69353725,-27.41969181,-60.69353725,-27.41969181]},{"type":"Feature","id":"salud_020801.12113","geometry":{"type":"Point","coordinates":[-59.89959952,-26.90310955]},"geometry_name":"geom","properties":{"gid":12113,"entidad":0,"fna":"Centro de Salud Colonia Cuatro Árboles","gna":"Centro de Salud","nam":"Colonia Cuatro Árboles","fdc":"IGN/SISA","sag":"IGN"},"bbox":[-59.89959952,-26.90310955,-59.89959952,-26.90310955]},{"type":"Feature","id":"salud_020801.12114","geometry":{"type":"Point","coordinates":[-59.65346094,-26.93977898]},"geometry_name":"geom","properties":{"gid":12114,"entidad":0,"fna":"Centro de Salud Colonia El Curundú","gna":"Centro de Salud","nam":"Colonia El Curundú","fdc":"IGN/SISA","sag":"IGN"},"bbox":[-59.65346094,-26.93977898,-59.65346094,-26.93977898]},{"type":"Feature","id":"salud_020801.12115","geometry":{"type":"Point","coordinates":[-60.27842955,-27.04549129]},"geometry_name":"geom","properties":{"gid":12115,"entidad":0,"fna":"Centro de Salud Colonia Blas Parera","gna":"Centro de Salud","nam":"Colonia Blas Parera","fdc":"IGN/SISA","sag":"IGN"},"bbox":[-60.27842955,-27.04549129,-60.27842955,-27.04549129]},{"type":"Feature","id":"salud_020801.12116","geometry":{"type":"Point","coordinates":[-60.16504095,-26.57040348]},"geometry_name":"geom","properties":{"gid":12116,"entidad":0,"fna":"Centro de Salud La Pampita","gna":"Centro de Salud","nam":"La Pampita","fdc":"IGN/SISA","sag":"IGN"},"bbox":[-60.16504095,-26.57040348,-60.16504095,-26.57040348]},{"type":"Feature","id":"salud_020801.12117","geometry":{"type":"Point","coordinates":[-60.22591339,-26.58804181]},"geometry_name":"geom","properties":{"gid":12117,"entidad":0,"fna":"Centro de Salud Pato Real","gna":"Centro de Salud","nam":"Pato Real","fdc":"IGN/SISA","sag":"IGN"},"bbox":[-60.22591339,-26.58804181,-60.22591339,-26.58804181]},{"type":"Feature","id":"salud_020801.12118","geometry":{"type":"Point","coordinates":[-59.28060775,-27.88813858]},"geometry_name":"geom","properties":{"gid":12118,"entidad":0,"fna":"Centro de Salud Paralelo 28","gna":"Centro de Salud","nam":"Paralelo 28","fdc":"IGN/SISA","sag":"IGN"},"bbox":[-59.28060775,-27.88813858,-59.28060775,-27.88813858]},{"type":"Feature","id":"salud_020801.12119","geometry":{"type":"Point","coordinates":[-59.14851533,-27.52918343]},"geometry_name":"geom","properties":{"gid":12119,"entidad":0,"fna":"Centro de Salud El Salado","gna":"Centro de Salud","nam":"El Salado","fdc":"IGN/SISA","sag":"IGN"},"bbox":[-59.14851533,-27.52918343,-59.14851533,-27.52918343]},{"type":"Feature","id":"salud_020801.12120","geometry":{"type":"Point","coordinates":[-58.95172393,-27.49350209]},"geometry_name":"geom","properties":{"gid":12120,"entidad":0,"fna":"Centro de Salud Barrio 500 Viviendas Doctor Ramón Carrillo","gna":"Centro de Salud","nam":"Barrio 500 Viviendas Doctor Ramón Carrillo","fdc":"IGN/SISA","sag":"IGN"},"bbox":[-58.95172393,-27.49350209,-58.95172393,-27.49350209]},{"type":"Feature","id":"salud_020801.12121","geometry":{"type":"Point","coordinates":[-58.95390273,-27.49237969]},"geometry_name":"geom","properties":{"gid":12121,"entidad":0,"fna":"Centro de Salud 4 de Junio","gna":"Centro de Salud","nam":"4 de Junio","fdc":"IGN/SISA","sag":"IGN"},"bbox":[-58.95390273,-27.49237969,-58.95390273,-27.49237969]},{"type":"Feature","id":"salud_020801.12122","geometry":{"type":"Point","coordinates":[-58.92845359,-27.4784507]},"geometry_name":"geom","properties":{"gid":12122,"entidad":0,"fna":"Centro de Salud Mental La Lomita","gna":"Centro de Salud Mental","nam":"La Lomita","fdc":"IGN/SISA","sag":"IGN"},"bbox":[-58.92845359,-27.4784507,-58.92845359,-27.4784507]},{"type":"Feature","id":"salud_020801.12123","geometry":{"type":"Point","coordinates":[-58.94908165,-27.46324287]},"geometry_name":"geom","properties":{"gid":12123,"entidad":0,"fna":"Centro de Salud Doctora Cecilia Grierson","gna":"Centro de Salud","nam":"Doctora Cecilia Grierson","fdc":"IGN/SISA","sag":"IGN"},"bbox":[-58.94908165,-27.46324287,-58.94908165,-27.46324287]},{"type":"Feature","id":"salud_020801.12124","geometry":{"type":"Point","coordinates":[-58.97022594,-27.48448106]},"geometry_name":"geom","properties":{"gid":12124,"entidad":0,"fna":"Centro de Salud Doctora Micucci","gna":"Centro de Salud","nam":"Doctora Micucci","fdc":"IGN/SISA","sag":"IGN"},"bbox":[-58.97022594,-27.48448106,-58.97022594,-27.48448106]},{"type":"Feature","id":"salud_020801.12125","geometry":{"type":"Point","coordinates":[-58.98962707,-27.48262545]},"geometry_name":"geom","properties":{"gid":12125,"entidad":0,"fna":"Centro de Salud Barrio Güiraldes","gna":"Centro de Salud","nam":"Barrio Güiraldes","fdc":"IGN/SISA","sag":"IGN"},"bbox":[-58.98962707,-27.48262545,-58.98962707,-27.48262545]},{"type":"Feature","id":"salud_020801.12126","geometry":{"type":"Point","coordinates":[-58.98930269,-27.47560655]},"geometry_name":"geom","properties":{"gid":12126,"entidad":0,"fna":"Centro de Salud Villa Urquiza","gna":"Centro de Salud","nam":"Villa Urquiza","fdc":"IGN/SISA","sag":"IGN"},"bbox":[-58.98930269,-27.47560655,-58.98930269,-27.47560655]},{"type":"Feature","id":"salud_020801.12127","geometry":{"type":"Point","coordinates":[-58.98671769,-27.45684168]},"geometry_name":"geom","properties":{"gid":12127,"entidad":0,"fna":"Hospital Central de Odontología Leonor Soria","gna":"Hospital Central de Odontología","nam":"Leonor Soria","fdc":"IGN/SISA","sag":"IGN"},"bbox":[-58.98671769,-27.45684168,-58.98671769,-27.45684168]},{"type":"Feature","id":"salud_020801.12128","geometry":{"type":"Point","coordinates":[-58.97730079,-27.45685757]},"geometry_name":"geom","properties":{"gid":12128,"entidad":0,"fna":"Hospital Pediátrico Doctor Avelino Lorenzo Castelán","gna":"Hospital Pediátrico","nam":"Doctor Avelino Lorenzo Castelán","fdc":"IGN/OSM/SISA","sag":"IGN"},"bbox":[-58.97730079,-27.45685757,-58.97730079,-27.45685757]},{"type":"Feature","id":"salud_020801.12129","geometry":{"type":"Point","coordinates":[-59.00424853,-27.46038276]},"geometry_name":"geom","properties":{"gid":12129,"entidad":0,"fna":"Centro de Salud Villa General Belgrano","gna":"Centro de Salud","nam":"Villa General Belgrano","fdc":"IGN/SISA","sag":"IGN"},"bbox":[-59.00424853,-27.46038276,-59.00424853,-27.46038276]},{"type":"Feature","id":"salud_020801.12130","geometry":{"type":"Point","coordinates":[-58.98675387,-27.44652626]},"geometry_name":"geom","properties":{"gid":12130,"entidad":0,"fna":"Unidad Sanitaria Puerto Barranqueras","gna":"Unidad Sanitaria","nam":"Puerto Barranqueras","fdc":"IGN/SISA","sag":"IGN"},"bbox":[-58.98675387,-27.44652626,-58.98675387,-27.44652626]},{"type":"Feature","id":"salud_020801.12131","geometry":{"type":"Point","coordinates":[-59.00078052,-27.4476753]},"geometry_name":"geom","properties":{"gid":12131,"entidad":0,"fna":"Centro de Salud Villa Alvear","gna":"Centro de Salud","nam":"Villa Alvear","fdc":"IGN/SISA","sag":"IGN"},"bbox":[-59.00078052,-27.4476753,-59.00078052,-27.4476753]},{"type":"Feature","id":"salud_020801.12132","geometry":{"type":"Point","coordinates":[-59.01432047,-27.45180083]},"geometry_name":"geom","properties":{"gid":12132,"entidad":0,"fna":"Centro Odontológico Santa Apolonia","gna":"Centro Odontológico","nam":"Santa Apolonia","fdc":"IGN/SISA","sag":"IGN"},"bbox":[-59.01432047,-27.45180083,-59.01432047,-27.45180083]},{"type":"Feature","id":"salud_020801.12133","geometry":{"type":"Point","coordinates":[-59.02019896,-27.45782189]},"geometry_name":"geom","properties":{"gid":12133,"entidad":0,"fna":"Centro de Salud Barrio Santa Inés","gna":"Centro de Salud","nam":"Barrio Santa Inés","fdc":"IGN/SISA","sag":"IGN"},"bbox":[-59.02019896,-27.45782189,-59.02019896,-27.45782189]},{"type":"Feature","id":"salud_020801.12134","geometry":{"type":"Point","coordinates":[-59.02092799,-27.45171678]},"geometry_name":"geom","properties":{"gid":12134,"entidad":0,"fna":"Centro de Salud Villa Pegoraro","gna":"Centro de Salud","nam":"Villa Pegoraro","fdc":"IGN/SISA","sag":"IGN"},"bbox":[-59.02092799,-27.45171678,-59.02092799,-27.45171678]},{"type":"Feature","id":"salud_020801.12135","geometry":{"type":"Point","coordinates":[-59.00504771,-27.4313037]},"geometry_name":"geom","properties":{"gid":12135,"entidad":0,"fna":"Centro de Salud Barrio Toba","gna":"Centro de Salud","nam":"Barrio Toba","fdc":"IGN/SISA","sag":"IGN"},"bbox":[-59.00504771,-27.4313037,-59.00504771,-27.4313037]},{"type":"Feature","id":"salud_020801.12136","geometry":{"type":"Point","coordinates":[-58.98655705,-27.40354213]},"geometry_name":"geom","properties":{"gid":12136,"entidad":0,"fna":"Centro de Salud Barrio MAPIC","gna":"Centro de Salud","nam":"Barrio MAPIC","fdc":"IGN/SISA","sag":"IGN"},"bbox":[-58.98655705,-27.40354213,-58.98655705,-27.40354213]},{"type":"Feature","id":"salud_020801.12137","geometry":{"type":"Point","coordinates":[-60.39369797,-27.51891701]},"geometry_name":"geom","properties":{"gid":12137,"entidad":0,"fna":"Centro de Salud Samuhú","gna":"Centro de Salud","nam":"Samuhú","fdc":"IGN/SISA","sag":"IGN"},"bbox":[-60.39369797,-27.51891701,-60.39369797,-27.51891701]},{"type":"Feature","id":"salud_020801.12138","geometry":{"type":"Point","coordinates":[-59.80482673,-26.65917956]},"geometry_name":"geom","properties":{"gid":12138,"entidad":0,"fna":"Centro de Salud Lote 21","gna":"Centro de Salud","nam":"Lote 21","fdc":"IGN/SISA","sag":"IGN"},"bbox":[-59.80482673,-26.65917956,-59.80482673,-26.65917956]},{"type":"Feature","id":"salud_020801.12139","geometry":{"type":"Point","coordinates":[-59.95627316,-27.54228475]},"geometry_name":"geom","properties":{"gid":12139,"entidad":0,"fna":"Centro de Salud Horquilla","gna":"Centro de Salud","nam":"Horquilla","fdc":"IGN/SISA","sag":"IGN"},"bbox":[-59.95627316,-27.54228475,-59.95627316,-27.54228475]},{"type":"Feature","id":"salud_020801.12140","geometry":{"type":"Point","coordinates":[-59.65843677,-27.56536844]},"geometry_name":"geom","properties":{"gid":12140,"entidad":0,"fna":"Centro de Salud Río Tapenagá","gna":"Centro de Salud","nam":"Río Tapenagá","fdc":"IGN/SISA","sag":"IGN"},"bbox":[-59.65843677,-27.56536844,-59.65843677,-27.56536844]},{"type":"Feature","id":"salud_020801.12142","geometry":{"type":"Point","coordinates":[-58.15604331,-32.21932534]},"geometry_name":"geom","properties":{"gid":12142,"entidad":0,"fna":"Centro de Salud San Gabriel","gna":"Centro de Salud","nam":"San Gabriel","fdc":"IGN/SISA","sag":"IGN"},"bbox":[-58.15604331,-32.21932534,-58.15604331,-32.21932534]},{"type":"Feature","id":"salud_020801.12143","geometry":{"type":"Point","coordinates":[-58.1812142,-31.57621608]},"geometry_name":"geom","properties":{"gid":12143,"entidad":0,"fna":"Centro de Salud Clodomiro Ledesma","gna":"Centro de Salud","nam":"Clodomiro Ledesma","fdc":"IGN/SISA","sag":"IGN"},"bbox":[-58.1812142,-31.57621608,-58.1812142,-31.57621608]},{"type":"Feature","id":"salud_020801.12144","geometry":{"type":"Point","coordinates":[-58.01613621,-31.64711841]},"geometry_name":"geom","properties":{"gid":12144,"entidad":0,"fna":"Centro de Salud Doctor Carlos Carazzoni","gna":"Centro de Salud","nam":"Doctor Carlos Carazzoni","fdc":"IGN/SISA","sag":"IGN"},"bbox":[-58.01613621,-31.64711841,-58.01613621,-31.64711841]},{"type":"Feature","id":"salud_020801.12145","geometry":{"type":"Point","coordinates":[-60.56304386,-32.02797991]},"geometry_name":"geom","properties":{"gid":12145,"entidad":0,"fna":"Centro de Salud Doctor René Favaloro","gna":"Centro de Salud","nam":"Doctor René Favaloro","fdc":"IGN/SISA","sag":"IGN"},"bbox":[-60.56304386,-32.02797991,-60.56304386,-32.02797991]},{"type":"Feature","id":"salud_020801.12146","geometry":{"type":"Point","coordinates":[-60.59039725,-31.89081834]},"geometry_name":"geom","properties":{"gid":12146,"entidad":0,"fna":"Centro de Salud Gobernador Raúl Uranga","gna":"Centro de Salud","nam":"Gobernador Raúl Uranga","fdc":"IGN/SISA","sag":"IGN"},"bbox":[-60.59039725,-31.89081834,-60.59039725,-31.89081834]},{"type":"Feature","id":"salud_020801.12147","geometry":{"type":"Point","coordinates":[-60.4321843,-32.13879939]},"geometry_name":"geom","properties":{"gid":12147,"entidad":0,"fna":"Centro de Salud María Reina Inmaculada","gna":"Centro de Salud","nam":"María Reina Inmaculada","fdc":"IGN/SISA","sag":"IGN"},"bbox":[-60.4321843,-32.13879939,-60.4321843,-32.13879939]},{"type":"Feature","id":"salud_020801.12148","geometry":{"type":"Point","coordinates":[-58.02436794,-31.07484804]},"geometry_name":"geom","properties":{"gid":12148,"entidad":0,"fna":"Centro de Salud Colonia La Argentina","gna":"Centro de Salud","nam":"Colonia La Argentina","fdc":"IGN/SISA","sag":"IGN"},"bbox":[-58.02436794,-31.07484804,-58.02436794,-31.07484804]},{"type":"Feature","id":"salud_020801.12149","geometry":{"type":"Point","coordinates":[-58.60737644,-30.28155354]},"geometry_name":"geom","properties":{"gid":12149,"entidad":0,"fna":"Centro de Salud Raimundo Airosa","gna":"Centro de Salud","nam":"Raimundo Airosa","fdc":"IGN/SISA","sag":"IGN"},"bbox":[-58.60737644,-30.28155354,-58.60737644,-30.28155354]},{"type":"Feature","id":"salud_020801.12150","geometry":{"type":"Point","coordinates":[-61.70809584,-23.51561977]},"geometry_name":"geom","properties":{"gid":12150,"entidad":0,"fna":"Centro de Salud El Quimil","gna":"Centro de Salud","nam":"El Quimil","fdc":"IGN/SISA","sag":"IGN"},"bbox":[-61.70809584,-23.51561977,-61.70809584,-23.51561977]},{"type":"Feature","id":"salud_020801.12380","geometry":{"type":"Point","coordinates":[-57.72068712,-25.28689213]},"geometry_name":"geom","properties":{"gid":12380,"entidad":0,"fna":"Hospital Provincial Felipe Arnedo","gna":"Hospital Provincial","nam":"Felipe Arnedo","fdc":"IGN/SISA","sag":"IGN"},"bbox":[-57.72068712,-25.28689213,-57.72068712,-25.28689213]},{"type":"Feature","id":"salud_020801.12381","geometry":{"type":"Point","coordinates":[-59.68695006,-25.3359016]},"geometry_name":"geom","properties":{"gid":12381,"entidad":0,"fna":"Hospital Provincial Comandante Fontana","gna":"Hospital Provincial","nam":"Comandante Fontana","fdc":"IGN/OSM/SISA","sag":"IGN"},"bbox":[-59.68695006,-25.3359016,-59.68695006,-25.3359016]},{"type":"Feature","id":"salud_020801.12382","geometry":{"type":"Point","coordinates":[-58.25341627,-25.12093495]},"geometry_name":"geom","properties":{"gid":12382,"entidad":0,"fna":"Hospital Provincial Rural de Laguna Blanca","gna":"Hospital Provincial","nam":"Rural de Laguna Blanca","fdc":"IGN/OSM/SISA","sag":"IGN"},"bbox":[-58.25341627,-25.12093495,-58.25341627,-25.12093495]},{"type":"Feature","id":"salud_020801.12383","geometry":{"type":"Point","coordinates":[-59.36814492,-26.3086927]},"geometry_name":"geom","properties":{"gid":12383,"entidad":0,"fna":"Hospital Provincial Doctor Santiago Opizzo Traverso","gna":"Hospital Provincial","nam":"Doctor Santiago Opizzo Traverso","fdc":"IGN/SISA","sag":"IGN"},"bbox":[-59.36814492,-26.3086927,-59.36814492,-26.3086927]},{"type":"Feature","id":"salud_020801.12384","geometry":{"type":"Point","coordinates":[-61.46279235,-24.09355319]},"geometry_name":"geom","properties":{"gid":12384,"entidad":0,"fna":"Hospital Provincial Los Chiriguanos","gna":"Hospital Provincial","nam":"Los Chiriguanos","fdc":"IGN/OSM/SISA","sag":"IGN"},"bbox":[-61.46279235,-24.09355319,-61.46279235,-24.09355319]},{"type":"Feature","id":"salud_020801.12385","geometry":{"type":"Point","coordinates":[-58.67242679,-26.62405486]},"geometry_name":"geom","properties":{"gid":12385,"entidad":0,"fna":"Hospital Provincial Villa Escolar","gna":"Hospital Provincial","nam":"Villa Escolar","fdc":"IGN/OSM/SISA","sag":"IGN"},"bbox":[-58.67242679,-26.62405486,-58.67242679,-26.62405486]},{"type":"Feature","id":"salud_020801.12395","geometry":{"type":"Point","coordinates":[-58.94349406,-27.48991237]},"geometry_name":"geom","properties":{"gid":12395,"entidad":0,"fna":"Hospital Eva Perón","gna":"Hospital","nam":"Eva Perón","fdc":"IGN/SISA","sag":"IGN"},"bbox":[-58.94349406,-27.48991237,-58.94349406,-27.48991237]},{"type":"Feature","id":"salud_020801.12396","geometry":{"type":"Point","coordinates":[-58.97606296,-27.45883917]},"geometry_name":"geom","properties":{"gid":12396,"entidad":0,"fna":"Hospital Doctor Julio C. Perrando","gna":"Hospital","nam":"Doctor J. C. Perrando","fdc":"IGN/SISA","sag":"IGN"},"bbox":[-58.97606296,-27.45883917,-58.97606296,-27.45883917]},{"type":"Feature","id":"salud_020801.12397","geometry":{"type":"Point","coordinates":[-59.80124246,-26.61825505]},"geometry_name":"geom","properties":{"gid":12397,"entidad":0,"fna":"Hospital Doctor José Arce","gna":"Hospital","nam":"Doctor José Arce","fdc":"IGN/SISA","sag":"IGN"},"bbox":[-59.80124246,-26.61825505,-59.80124246,-26.61825505]},{"type":"Feature","id":"salud_020801.12398","geometry":{"type":"Point","coordinates":[-59.57147967,-27.528303]},"geometry_name":"geom","properties":{"gid":12398,"entidad":0,"fna":"Hospital Cote Lai","gna":"Hospital","nam":"Cote Lai","fdc":"IGN/SISA","sag":"IGN"},"bbox":[-59.57147967,-27.528303,-59.57147967,-27.528303]},{"type":"Feature","id":"salud_020801.12399","geometry":{"type":"Point","coordinates":[-58.69043413,-27.04261718]},"geometry_name":"geom","properties":{"gid":12399,"entidad":0,"fna":"Hospital de la Hermandad Argentino Paraguaya","gna":"Hospital","nam":"de la Hermandad Argentino Paraguaya","fdc":"IGN/OSM/SISA","sag":"IGN"},"bbox":[-58.69043413,-27.04261718,-58.69043413,-27.04261718]},{"type":"Feature","id":"salud_020801.12400","geometry":{"type":"Point","coordinates":[-61.14023914,-27.8307298]},"geometry_name":"geom","properties":{"gid":12400,"entidad":0,"fna":"Hospital Doctor Moreno D. Setuvi","gna":"Hospital","nam":"Doctor Moreno D. Setuvi","fdc":"IGN/SISA","sag":"IGN"},"bbox":[-61.14023914,-27.8307298,-61.14023914,-27.8307298]},{"type":"Feature","id":"salud_020801.12401","geometry":{"type":"Point","coordinates":[-60.97268624,-26.9545275]},"geometry_name":"geom","properties":{"gid":12401,"entidad":0,"fna":"Hospital General Manuel Belgrano","gna":"Hospital","nam":"General Manuel Belgrano","fdc":"IGN/SISA","sag":"IGN"},"bbox":[-60.97268624,-26.9545275,-60.97268624,-26.9545275]},{"type":"Feature","id":"salud_020801.12402","geometry":{"type":"Point","coordinates":[-59.44640294,-27.10330279]},"geometry_name":"geom","properties":{"gid":12402,"entidad":0,"fna":"Hospital Doctor Carlos A. Delgado","gna":"Hospital","nam":"Doctor Carlos A. Delgado","fdc":"IGN/SISA","sag":"IGN"},"bbox":[-59.44640294,-27.10330279,-59.44640294,-27.10330279]},{"type":"Feature","id":"salud_020801.12403","geometry":{"type":"Point","coordinates":[-61.84386922,-25.16150887]},"geometry_name":"geom","properties":{"gid":12403,"entidad":0,"fna":"Hospital Fuerte Esperanza","gna":"Hospital","nam":"Fuerte Esperanza","fdc":"IGN/SISA","sag":"IGN"},"bbox":[-61.84386922,-25.16150887,-61.84386922,-25.16150887]},{"type":"Feature","id":"salud_020801.12404","geometry":{"type":"Point","coordinates":[-61.48320276,-24.93194632]},"geometry_name":"geom","properties":{"gid":12404,"entidad":0,"fna":"Hospital Nueva Pompeya","gna":"Hospital","nam":"Nueva Pompeya","fdc":"IGN/OSM/SISA","sag":"IGN"},"bbox":[-61.48320276,-24.93194632,-61.48320276,-24.93194632]},{"type":"Feature","id":"salud_020801.12405","geometry":{"type":"Point","coordinates":[-60.44992023,-25.40616253]},"geometry_name":"geom","properties":{"gid":12405,"entidad":0,"fna":"Hospital El Espinillo","gna":"Hospital","nam":"El Espinillo","fdc":"IGN/SISA","sag":"IGN"},"bbox":[-60.44992023,-25.40616253,-60.44992023,-25.40616253]},{"type":"Feature","id":"salud_020801.12406","geometry":{"type":"Point","coordinates":[-59.59402779,-26.14465399]},"geometry_name":"geom","properties":{"gid":12406,"entidad":0,"fna":"Hospital Rural Presidencia Roca","gna":"Hospital Rural","nam":"Presidencia Roca","fdc":"IGN/SISA","sag":"IGN"},"bbox":[-59.59402779,-26.14465399,-59.59402779,-26.14465399]},{"type":"Feature","id":"salud_020801.12407","geometry":{"type":"Point","coordinates":[-61.27847423,-27.33010695]},"geometry_name":"geom","properties":{"gid":12407,"entidad":0,"fna":"Hospital Isaac Waisman","gna":"Hospital","nam":"Isaac Waisman","fdc":"IGN/SISA","sag":"IGN"},"bbox":[-61.27847423,-27.33010695,-61.27847423,-27.33010695]},{"type":"Feature","id":"salud_020801.12500","geometry":{"type":"Point","coordinates":[-61.95742427,-24.01196461]},"geometry_name":"geom","properties":{"gid":12500,"entidad":0,"fna":"Centro de Salud Vaca Perdida","gna":"Centro de Salud","nam":"Vaca Perdida","fdc":"IGN/SISA","sag":"IGN"},"bbox":[-61.95742427,-24.01196461,-61.95742427,-24.01196461]},{"type":"Feature","id":"salud_020801.12501","geometry":{"type":"Point","coordinates":[-58.74278742,-25.26781236]},"geometry_name":"geom","properties":{"gid":12501,"entidad":0,"fna":"Centro de Salud Laguna Gallo","gna":"Centro de Salud","nam":"Laguna Gallo","fdc":"IGN/SISA","sag":"IGN"},"bbox":[-58.74278742,-25.26781236,-58.74278742,-25.26781236]},{"type":"Feature","id":"salud_020801.12502","geometry":{"type":"Point","coordinates":[-58.12266241,-25.19278696]},"geometry_name":"geom","properties":{"gid":12502,"entidad":0,"fna":"Centro de Salud Isla Puén","gna":"Centro de Salud","nam":"Isla Puén","fdc":"IGN/SISA","sag":"IGN"},"bbox":[-58.12266241,-25.19278696,-58.12266241,-25.19278696]},{"type":"Feature","id":"salud_020801.12503","geometry":{"type":"Point","coordinates":[-59.96696968,-24.18901265]},"geometry_name":"geom","properties":{"gid":12503,"entidad":0,"fna":"Centro de Salud Chico Dowagan","gna":"Centro de Salud","nam":"Chico Dowagan","fdc":"IGN/SISA","sag":"IGN"},"bbox":[-59.96696968,-24.18901265,-59.96696968,-24.18901265]},{"type":"Feature","id":"salud_020801.12504","geometry":{"type":"Point","coordinates":[-59.67560844,-25.33469496]},"geometry_name":"geom","properties":{"gid":12504,"entidad":0,"fna":"Centro de Atención Primaria de la Salud Doctor Claudio Villareal","gna":"Centro de Atención Primaria de la Salud","nam":"Doctor Claudio Villareal","fdc":"IGN/SISA","sag":"IGN"},"bbox":[-59.67560844,-25.33469496,-59.67560844,-25.33469496]},{"type":"Feature","id":"salud_020801.12505","geometry":{"type":"Point","coordinates":[-59.84510306,-25.56470361]},"geometry_name":"geom","properties":{"gid":12505,"entidad":0,"fna":"Centro de Salud Alto Alegre","gna":"Centro de Salud","nam":"Alto Alegre","fdc":"IGN/SISA","sag":"IGN"},"bbox":[-59.84510306,-25.56470361,-59.84510306,-25.56470361]},{"type":"Feature","id":"salud_020801.12506","geometry":{"type":"Point","coordinates":[-59.86661502,-25.21321903]},"geometry_name":"geom","properties":{"gid":12506,"entidad":0,"fna":"Centro de Salud Barrio San Miguel","gna":"Centro de Salud","nam":"Barrio San Miguel","fdc":"IGN/SISA","sag":"IGN"},"bbox":[-59.86661502,-25.21321903,-59.86661502,-25.21321903]},{"type":"Feature","id":"salud_020801.12507","geometry":{"type":"Point","coordinates":[-60.59397707,-24.710697]},"geometry_name":"geom","properties":{"gid":12507,"entidad":0,"fna":"Centro de Salud Barrio Triángulo","gna":"Centro de Salud","nam":"Barrio Triángulo","fdc":"IGN/SISA","sag":"IGN"},"bbox":[-60.59397707,-24.710697,-60.59397707,-24.710697]},{"type":"Feature","id":"salud_020801.12508","geometry":{"type":"Point","coordinates":[-60.82969301,-24.54039665]},"geometry_name":"geom","properties":{"gid":12508,"entidad":0,"fna":"Centro de Salud Juan G. Bazán","gna":"Centro de Salud","nam":"Juan G. Bazán","fdc":"IGN/SISA","sag":"IGN"},"bbox":[-60.82969301,-24.54039665,-60.82969301,-24.54039665]},{"type":"Feature","id":"salud_020801.12509","geometry":{"type":"Point","coordinates":[-60.76640308,-24.03383999]},"geometry_name":"geom","properties":{"gid":12509,"entidad":0,"fna":"Centro de Salud Bajo Hondo","gna":"Centro de Salud","nam":"Bajo Hondo","fdc":"IGN/SISA","sag":"IGN"},"bbox":[-60.76640308,-24.03383999,-60.76640308,-24.03383999]},{"type":"Feature","id":"salud_020801.12510","geometry":{"type":"Point","coordinates":[-60.68697428,-23.92412771]},"geometry_name":"geom","properties":{"gid":12510,"entidad":0,"fna":"Centro de Salud La Esperanza","gna":"Centro de Salud","nam":"La Esperanza","fdc":"IGN/SISA","sag":"IGN"},"bbox":[-60.68697428,-23.92412771,-60.68697428,-23.92412771]},{"type":"Feature","id":"salud_020801.12511","geometry":{"type":"Point","coordinates":[-60.61099107,-23.98181176]},"geometry_name":"geom","properties":{"gid":12511,"entidad":0,"fna":"Centro de Salud La Libertad","gna":"Centro de Salud","nam":"La Libertad","fdc":"IGN/SISA","sag":"IGN"},"bbox":[-60.61099107,-23.98181176,-60.61099107,-23.98181176]},{"type":"Feature","id":"salud_020801.12512","geometry":{"type":"Point","coordinates":[-60.19541954,-24.21146826]},"geometry_name":"geom","properties":{"gid":12512,"entidad":0,"fna":"Centro de Salud Posta Cambio Salazar","gna":"Centro de Salud","nam":"Posta Cambio Salazar","fdc":"IGN/SISA","sag":"IGN"},"bbox":[-60.19541954,-24.21146826,-60.19541954,-24.21146826]},{"type":"Feature","id":"salud_020801.12513","geometry":{"type":"Point","coordinates":[-60.97922549,-23.82322088]},"geometry_name":"geom","properties":{"gid":12513,"entidad":0,"fna":"Centro de Salud San Cayetano","gna":"Centro de Salud","nam":"San Cayetano","fdc":"IGN/SISA","sag":"IGN"},"bbox":[-60.97922549,-23.82322088,-60.97922549,-23.82322088]},{"type":"Feature","id":"salud_020801.12514","geometry":{"type":"Point","coordinates":[-60.29990917,-24.61185219]},"geometry_name":"geom","properties":{"gid":12514,"entidad":0,"fna":"Centro de Salud Cacique Coquero","gna":"Centro de Salud","nam":"Cacique Coquero","fdc":"IGN/SISA","sag":"IGN"},"bbox":[-60.29990917,-24.61185219,-60.29990917,-24.61185219]},{"type":"Feature","id":"salud_020801.12515","geometry":{"type":"Point","coordinates":[-60.35467176,-24.9111009]},"geometry_name":"geom","properties":{"gid":12515,"entidad":0,"fna":"Centro de Salud Laka Wichi","gna":"Centro de Salud","nam":"Laka Wichi","fdc":"IGN/SISA","sag":"IGN"},"bbox":[-60.35467176,-24.9111009,-60.35467176,-24.9111009]},{"type":"Feature","id":"salud_020801.12516","geometry":{"type":"Point","coordinates":[-60.35356351,-25.26455813]},"geometry_name":"geom","properties":{"gid":12516,"entidad":0,"fna":"Centro de Salud Pozo Largo","gna":"Centro de Salud","nam":"Pozo Largo","fdc":"IGN/SISA","sag":"IGN"},"bbox":[-60.35356351,-25.26455813,-60.35356351,-25.26455813]},{"type":"Feature","id":"salud_020801.12517","geometry":{"type":"Point","coordinates":[-59.20812733,-24.76531484]},"geometry_name":"geom","properties":{"gid":12517,"entidad":0,"fna":"Centro de Salud El Cogoik","gna":"Centro de Salud","nam":"El Cogoik","fdc":"IGN/SISA","sag":"IGN"},"bbox":[-59.20812733,-24.76531484,-59.20812733,-24.76531484]},{"type":"Feature","id":"salud_020801.12518","geometry":{"type":"Point","coordinates":[-59.43279482,-24.64380067]},"geometry_name":"geom","properties":{"gid":12518,"entidad":0,"fna":"Centro de Salud Colonia Sarmiento","gna":"Centro de Salud","nam":"Colonia Sarmiento","fdc":"IGN/SISA","sag":"IGN"},"bbox":[-59.43279482,-24.64380067,-59.43279482,-24.64380067]},{"type":"Feature","id":"salud_020801.12519","geometry":{"type":"Point","coordinates":[-58.81908762,-24.97726896]},"geometry_name":"geom","properties":{"gid":12519,"entidad":0,"fna":"Centro de Salud Misión Tacaagle","gna":"Centro de Salud","nam":"Misión Tacaagle","fdc":"IGN/SISA","sag":"IGN"},"bbox":[-58.81908762,-24.97726896,-58.81908762,-24.97726896]},{"type":"Feature","id":"salud_020801.12520","geometry":{"type":"Point","coordinates":[-58.38532844,-25.07116944]},"geometry_name":"geom","properties":{"gid":12520,"entidad":0,"fna":"Centro de Salud Buena Vista","gna":"Centro de Salud","nam":"Buena Vista","fdc":"IGN/SISA","sag":"IGN"},"bbox":[-58.38532844,-25.07116944,-58.38532844,-25.07116944]},{"type":"Feature","id":"salud_020801.12521","geometry":{"type":"Point","coordinates":[-58.13412307,-25.18981161]},"geometry_name":"geom","properties":{"gid":12521,"entidad":0,"fna":"Centro de Salud La Primavera","gna":"Centro de Salud","nam":"La Primavera","fdc":"IGN/SISA","sag":"IGN"},"bbox":[-58.13412307,-25.18981161,-58.13412307,-25.18981161]},{"type":"Feature","id":"salud_020801.12522","geometry":{"type":"Point","coordinates":[-58.0043595,-25.19512683]},"geometry_name":"geom","properties":{"gid":12522,"entidad":0,"fna":"Centro de Salud El Paraíso","gna":"Centro de Salud","nam":"El Paraíso","fdc":"IGN/SISA","sag":"IGN"},"bbox":[-58.0043595,-25.19512683,-58.0043595,-25.19512683]},{"type":"Feature","id":"salud_020801.12523","geometry":{"type":"Point","coordinates":[-57.97693026,-25.24782138]},"geometry_name":"geom","properties":{"gid":12523,"entidad":0,"fna":"Centro de Salud Palma Sola","gna":"Centro de Salud","nam":"Palma Sola","fdc":"IGN/SISA","sag":"IGN"},"bbox":[-57.97693026,-25.24782138,-57.97693026,-25.24782138]},{"type":"Feature","id":"salud_020801.12524","geometry":{"type":"Point","coordinates":[-58.17649212,-25.38482863]},"geometry_name":"geom","properties":{"gid":12524,"entidad":0,"fna":"Centro de Salud La Frontera","gna":"Centro de Salud","nam":"La Frontera","fdc":"IGN/SISA","sag":"IGN"},"bbox":[-58.17649212,-25.38482863,-58.17649212,-25.38482863]},{"type":"Feature","id":"salud_020801.12525","geometry":{"type":"Point","coordinates":[-58.31549448,-25.3189842]},"geometry_name":"geom","properties":{"gid":12525,"entidad":0,"fna":"Centro de Salud Loma Hermosa","gna":"Centro de Salud","nam":"Loma Hermosa","fdc":"IGN/SISA","sag":"IGN"},"bbox":[-58.31549448,-25.3189842,-58.31549448,-25.3189842]},{"type":"Feature","id":"salud_020801.12526","geometry":{"type":"Point","coordinates":[-58.33354884,-25.20151203]},"geometry_name":"geom","properties":{"gid":12526,"entidad":0,"fna":"Centro de Salud Siete Palma","gna":"Centro de Salud","nam":"Siete Palma","fdc":"IGN/SISA","sag":"IGN"},"bbox":[-58.33354884,-25.20151203,-58.33354884,-25.20151203]},{"type":"Feature","id":"salud_020801.12527","geometry":{"type":"Point","coordinates":[-57.72460778,-25.29293964]},"geometry_name":"geom","properties":{"gid":12527,"entidad":0,"fna":"Centro de Salud Ramón Carrillo","gna":"Centro de Salud","nam":"Ramón Carrillo","fdc":"IGN/SISA","sag":"IGN"},"bbox":[-57.72460778,-25.29293964,-57.72460778,-25.29293964]},{"type":"Feature","id":"salud_020801.12528","geometry":{"type":"Point","coordinates":[-58.9516088,-26.1474704]},"geometry_name":"geom","properties":{"gid":12528,"entidad":0,"fna":"Centro de Salud Colonia El Chajá","gna":"Centro de Salud","nam":"Colonia El Chajá","fdc":"IGN/SISA","sag":"IGN"},"bbox":[-58.9516088,-26.1474704,-58.9516088,-26.1474704]},{"type":"Feature","id":"salud_020801.12529","geometry":{"type":"Point","coordinates":[-59.07124418,-26.32827853]},"geometry_name":"geom","properties":{"gid":12529,"entidad":0,"fna":"Centro de Salud Kilómetro 142","gna":"Centro de Salud","nam":"Kilómetro 142","fdc":"IGN/SISA","sag":"IGN"},"bbox":[-59.07124418,-26.32827853,-59.07124418,-26.32827853]},{"type":"Feature","id":"salud_020801.12530","geometry":{"type":"Point","coordinates":[-59.3645339,-26.30153768]},"geometry_name":"geom","properties":{"gid":12530,"entidad":0,"fna":"Centro de Salud Barrio La Paz","gna":"Centro de Salud","nam":"Barrio La Paz","fdc":"IGN/SISA","sag":"IGN"},"bbox":[-59.3645339,-26.30153768,-59.3645339,-26.30153768]},{"type":"Feature","id":"salud_020801.12531","geometry":{"type":"Point","coordinates":[-59.30248232,-26.32153699]},"geometry_name":"geom","properties":{"gid":12531,"entidad":0,"fna":"Centro de Salud Colonia El Desaguadero","gna":"Centro de Salud","nam":"Colonia El Desaguadero","fdc":"IGN/SISA","sag":"IGN"},"bbox":[-59.30248232,-26.32153699,-59.30248232,-26.32153699]},{"type":"Feature","id":"salud_020801.12532","geometry":{"type":"Point","coordinates":[-59.39950113,-25.51255069]},"geometry_name":"geom","properties":{"gid":12532,"entidad":0,"fna":"Centro de Salud Colonia El Progreso","gna":"Centro de Salud","nam":"Colonia El Progreso","fdc":"IGN/SISA","sag":"IGN"},"bbox":[-59.39950113,-25.51255069,-59.39950113,-25.51255069]},{"type":"Feature","id":"salud_020801.12533","geometry":{"type":"Point","coordinates":[-59.17089694,-25.39091079]},"geometry_name":"geom","properties":{"gid":12533,"entidad":0,"fna":"Centro de Salud El Resguardo","gna":"Centro de Salud","nam":"El Resguardo","fdc":"IGN/SISA","sag":"IGN"},"bbox":[-59.17089694,-25.39091079,-59.17089694,-25.39091079]},{"type":"Feature","id":"salud_020801.12534","geometry":{"type":"Point","coordinates":[-59.43999787,-25.4982144]},"geometry_name":"geom","properties":{"gid":12534,"entidad":0,"fna":"Centro de Salud Los Matacos","gna":"Centro de Salud","nam":"Los Matacos","fdc":"IGN/SISA","sag":"IGN"},"bbox":[-59.43999787,-25.4982144,-59.43999787,-25.4982144]},{"type":"Feature","id":"salud_020801.12535","geometry":{"type":"Point","coordinates":[-59.26995957,-25.86795681]},"geometry_name":"geom","properties":{"gid":12535,"entidad":0,"fna":"Centro de Salud Monte Quemado","gna":"Centro de Salud","nam":"Monte Quemado","fdc":"IGN/SISA","sag":"IGN"},"bbox":[-59.26995957,-25.86795681,-59.26995957,-25.86795681]},{"type":"Feature","id":"salud_020801.12536","geometry":{"type":"Point","coordinates":[-62.22125434,-23.24418706]},"geometry_name":"geom","properties":{"gid":12536,"entidad":0,"fna":"Centro de Salud Comunidad 7 de Junio","gna":"Centro de Salud","nam":"Comunidad 7 de Junio","fdc":"IGN/SISA","sag":"IGN"},"bbox":[-62.22125434,-23.24418706,-62.22125434,-23.24418706]},{"type":"Feature","id":"salud_020801.12537","geometry":{"type":"Point","coordinates":[-61.0298699,-24.4003022]},"geometry_name":"geom","properties":{"gid":12537,"entidad":0,"fna":"Centro de Salud Pozo del Mortero","gna":"Centro de Salud","nam":"Pozo del Mortero","fdc":"IGN/SISA","sag":"IGN"},"bbox":[-61.0298699,-24.4003022,-61.0298699,-24.4003022]},{"type":"Feature","id":"salud_020801.12538","geometry":{"type":"Point","coordinates":[-61.16613649,-23.83124249]},"geometry_name":"geom","properties":{"gid":12538,"entidad":0,"fna":"Centro de Salud El Aybal","gna":"Centro de Salud","nam":"El Aybal","fdc":"IGN/SISA","sag":"IGN"},"bbox":[-61.16613649,-23.83124249,-61.16613649,-23.83124249]},{"type":"Feature","id":"salud_020801.12539","geometry":{"type":"Point","coordinates":[-58.2044975,-26.17493143]},"geometry_name":"geom","properties":{"gid":12539,"entidad":0,"fna":"Centro de Salud Barrio Itatí","gna":"Centro de Salud","nam":"Barrio Itatí","fdc":"IGN/SISA","sag":"IGN"},"bbox":[-58.2044975,-26.17493143,-58.2044975,-26.17493143]},{"type":"Feature","id":"salud_020801.12540","geometry":{"type":"Point","coordinates":[-58.18512665,-26.18181926]},"geometry_name":"geom","properties":{"gid":12540,"entidad":0,"fna":"Centro de Salud Independencia","gna":"Centro de Salud","nam":"Independencia","fdc":"IGN/SISA","sag":"IGN"},"bbox":[-58.18512665,-26.18181926,-58.18512665,-26.18181926]},{"type":"Feature","id":"salud_020801.12541","geometry":{"type":"Point","coordinates":[-58.18660853,-26.16096876]},"geometry_name":"geom","properties":{"gid":12541,"entidad":0,"fna":"Centro de Salud Doctor Pablo Esteban Bargas","gna":"Centro de Salud","nam":"Doctor Pablo Esteban Bargas","fdc":"IGN/SISA","sag":"IGN"},"bbox":[-58.18660853,-26.16096876,-58.18660853,-26.16096876]},{"type":"Feature","id":"salud_020801.12542","geometry":{"type":"Point","coordinates":[-58.15056332,-26.14376674]},"geometry_name":"geom","properties":{"gid":12542,"entidad":0,"fna":"Centro de Salud Eva Perón","gna":"Centro de Salud","nam":"Eva Perón","fdc":"IGN/SISA","sag":"IGN"},"bbox":[-58.15056332,-26.14376674,-58.15056332,-26.14376674]},{"type":"Feature","id":"salud_020801.12543","geometry":{"type":"Point","coordinates":[-58.19400678,-26.18495894]},"geometry_name":"geom","properties":{"gid":12543,"entidad":0,"fna":"Centro de Salud Guadalupe","gna":"Centro de Salud","nam":"Guadalupe","fdc":"IGN/SISA","sag":"IGN"},"bbox":[-58.19400678,-26.18495894,-58.19400678,-26.18495894]},{"type":"Feature","id":"salud_020801.12544","geometry":{"type":"Point","coordinates":[-58.19624955,-26.19743465]},"geometry_name":"geom","properties":{"gid":12544,"entidad":0,"fna":"Centro de Salud Mariano Moreno","gna":"Centro de Salud","nam":"Mariano Moreno","fdc":"IGN/SISA","sag":"IGN"},"bbox":[-58.19624955,-26.19743465,-58.19624955,-26.19743465]},{"type":"Feature","id":"salud_020801.12545","geometry":{"type":"Point","coordinates":[-58.16077545,-26.14213746]},"geometry_name":"geom","properties":{"gid":12545,"entidad":0,"fna":"Centro de Salud República Argentina","gna":"Centro de Salud","nam":"República Argentina","fdc":"IGN/SISA","sag":"IGN"},"bbox":[-58.16077545,-26.14213746,-58.16077545,-26.14213746]},{"type":"Feature","id":"salud_020801.12546","geometry":{"type":"Point","coordinates":[-58.17480738,-26.17075844]},"geometry_name":"geom","properties":{"gid":12546,"entidad":0,"fna":"Hospital Odontológico","gna":"Hospital Odontológico","nam":null,"fdc":"IGN/SISA","sag":"IGN"},"bbox":[-58.17480738,-26.17075844,-58.17480738,-26.17075844]},{"type":"Feature","id":"salud_020801.12547","geometry":{"type":"Point","coordinates":[-58.72252813,-26.14326977]},"geometry_name":"geom","properties":{"gid":12547,"entidad":0,"fna":"Centro de Salud Colonia Ituzaingó","gna":"Centro de Salud","nam":"Colonia Ituzaingó","fdc":"IGN/SISA","sag":"IGN"},"bbox":[-58.72252813,-26.14326977,-58.72252813,-26.14326977]},{"type":"Feature","id":"salud_020801.12548","geometry":{"type":"Point","coordinates":[-61.87947211,-24.00323123]},"geometry_name":"geom","properties":{"gid":12548,"entidad":0,"fna":"Centro de Salud Campo Bandera","gna":"Centro de Salud","nam":"Campo Bandera","fdc":"IGN/SISA","sag":"IGN"},"bbox":[-61.87947211,-24.00323123,-61.87947211,-24.00323123]},{"type":"Feature","id":"salud_020801.12549","geometry":{"type":"Point","coordinates":[-62.21686842,-24.10645841]},"geometry_name":"geom","properties":{"gid":12549,"entidad":0,"fna":"Centro de Salud Campo Grande","gna":"Centro de Salud","nam":"Campo Grande","fdc":"IGN/SISA","sag":"IGN"},"bbox":[-62.21686842,-24.10645841,-62.21686842,-24.10645841]},{"type":"Feature","id":"salud_020801.12613","geometry":{"type":"Point","coordinates":[-59.11745149,-25.73485365]},"geometry_name":"geom","properties":{"gid":12613,"entidad":0,"fna":"Centro de Salud Doctor Antonio Saade","gna":"Centro de Salud","nam":"Doctor Antonio Saade","fdc":"IGN/SISA","sag":"IGN"},"bbox":[-59.11745149,-25.73485365,-59.11745149,-25.73485365]},{"type":"Feature","id":"salud_020801.12618","geometry":{"type":"Point","coordinates":[-61.8400902,-30.00026391]},"geometry_name":"geom","properties":{"gid":12618,"entidad":0,"fna":"Servicio para la Atención Médica de la Comunidad Hersilia","gna":"Servicio para la Atención Médica de la Comunidad","nam":"Hersilia","fdc":"IGN/SISA","sag":"IGN"},"bbox":[-61.8400902,-30.00026391,-61.8400902,-30.00026391]},{"type":"Feature","id":"salud_020801.12619","geometry":{"type":"Point","coordinates":[-59.75058576,-29.50538299]},"geometry_name":"geom","properties":{"gid":12619,"entidad":0,"fna":"Hospital Jonas Salk","gna":"Hospital","nam":"Jonas Salk","fdc":"IGN/SISA","sag":"IGN"},"bbox":[-59.75058576,-29.50538299,-59.75058576,-29.50538299]},{"type":"Feature","id":"salud_020801.12620","geometry":{"type":"Point","coordinates":[-61.96149741,-30.53651401]},"geometry_name":"geom","properties":{"gid":12620,"entidad":0,"fna":"Servicio para la Atención Médica de la Comunidad Suardi","gna":"Servicio para la Atención Médica de la Comunidad","nam":"Suardi","fdc":"IGN/SISA","sag":"IGN"},"bbox":[-61.96149741,-30.53651401,-61.96149741,-30.53651401]},{"type":"Feature","id":"salud_020801.12621","geometry":{"type":"Point","coordinates":[-60.82968488,-33.24046743]},"geometry_name":"geom","properties":{"gid":12621,"entidad":0,"fna":"Hospital María Saa Pereyra","gna":"Hospital","nam":"María Saa Pereyra","fdc":"IGN/SISA","sag":"IGN"},"bbox":[-60.82968488,-33.24046743,-60.82968488,-33.24046743]},{"type":"Feature","id":"salud_020801.12622","geometry":{"type":"Point","coordinates":[-61.93905334,-29.88163048]},"geometry_name":"geom","properties":{"gid":12622,"entidad":0,"fna":"Hospital Ceres","gna":"Hospital","nam":"Ceres","fdc":"IGN/SISA","sag":"IGN"},"bbox":[-61.93905334,-29.88163048,-61.93905334,-29.88163048]},{"type":"Feature","id":"salud_020801.12623","geometry":{"type":"Point","coordinates":[-55.75033069,-27.90756833]},"geometry_name":"geom","properties":{"gid":12623,"entidad":0,"fna":"Hospital Doctor Bernardo Alassia","gna":"Hospital","nam":"Doctor Bernardo Alassia","fdc":"IGN/SISA","sag":"IGN"},"bbox":[-55.75033069,-27.90756833,-55.75033069,-27.90756833]},{"type":"Feature","id":"salud_020801.12624","geometry":{"type":"Point","coordinates":[-54.97823888,-27.20402056]},"geometry_name":"geom","properties":{"gid":12624,"entidad":0,"fna":"Hospital Campo Grande","gna":"Hospital","nam":"Campo Grande","fdc":"IGN/OSM/SISA","sag":"IGN"},"bbox":[-54.97823888,-27.20402056,-54.97823888,-27.20402056]},{"type":"Feature","id":"salud_020801.12639","geometry":{"type":"Point","coordinates":[-55.14270599,-27.85224176]},"geometry_name":"geom","properties":{"gid":12639,"entidad":0,"fna":"Centro de Atención Primaria de la Salud San Martín","gna":"Centro de Atención Primaria de la Salud","nam":"San Martín","fdc":"IGN/SISA","sag":"IGN"},"bbox":[-55.14270599,-27.85224176,-55.14270599,-27.85224176]},{"type":"Feature","id":"salud_020801.12640","geometry":{"type":"Point","coordinates":[-55.26082545,-27.87041547]},"geometry_name":"geom","properties":{"gid":12640,"entidad":0,"fna":"Centro de Atención Primaria de la Salud Itacaruaré","gna":"Centro de Atención Primaria de la Salud","nam":"Itacaruaré","fdc":"IGN/SISA","sag":"IGN"},"bbox":[-55.26082545,-27.87041547,-55.26082545,-27.87041547]},{"type":"Feature","id":"salud_020801.12641","geometry":{"type":"Point","coordinates":[-55.39258686,-27.8519507]},"geometry_name":"geom","properties":{"gid":12641,"entidad":0,"fna":"Centro de Atención Primaria de la Salud Caá Guazú","gna":"Centro de Atención Primaria de la Salud","nam":"Caá Guazú","fdc":"IGN/SISA","sag":"IGN"},"bbox":[-55.39258686,-27.8519507,-55.39258686,-27.8519507]},{"type":"Feature","id":"salud_020801.12642","geometry":{"type":"Point","coordinates":[-56.00322995,-27.37082137]},"geometry_name":"geom","properties":{"gid":12642,"entidad":0,"fna":"Centro de Atención Primaria de la Salud Colonia Aeroparque","gna":"Centro de Atención Primaria de la Salud","nam":"Colonia Aeroparque","fdc":"IGN/SISA","sag":"IGN"},"bbox":[-56.00322995,-27.37082137,-56.00322995,-27.37082137]},{"type":"Feature","id":"salud_020801.12643","geometry":{"type":"Point","coordinates":[-54.41777838,-26.3977063]},"geometry_name":"geom","properties":{"gid":12643,"entidad":0,"fna":"Centro de Atención Primaria de la Salud Santiago de Liniers","gna":"Centro de Atención Primaria de la Salud","nam":"Santiago de Liniers","fdc":"IGN/SISA","sag":"IGN"},"bbox":[-54.41777838,-26.3977063,-54.41777838,-26.3977063]},{"type":"Feature","id":"salud_020801.12644","geometry":{"type":"Point","coordinates":[-53.93681005,-25.93199619]},"geometry_name":"geom","properties":{"gid":12644,"entidad":0,"fna":"Centro de Atención Primaria de la Salud Piñalito Norte","gna":"Centro de Atención Primaria de la Salud","nam":"Piñalito Norte","fdc":"IGN/SISA","sag":"IGN"},"bbox":[-53.93681005,-25.93199619,-53.93681005,-25.93199619]},{"type":"Feature","id":"salud_020801.12645","geometry":{"type":"Point","coordinates":[-55.05347977,-27.33084143]},"geometry_name":"geom","properties":{"gid":12645,"entidad":0,"fna":"Centro de Atención Primaria de la Salud El Chapa","gna":"Centro de Atención Primaria de la Salud","nam":"El Chapa","fdc":"IGN/SISA","sag":"IGN"},"bbox":[-55.05347977,-27.33084143,-55.05347977,-27.33084143]},{"type":"Feature","id":"salud_020801.12646","geometry":{"type":"Point","coordinates":[-54.958795,-26.819056]},"geometry_name":"geom","properties":{"gid":12646,"entidad":0,"fna":"Centro de Atención Primaria de la Salud Garuhapé","gna":"Centro de Atención Primaria de la Salud","nam":"Garuhapé","fdc":"IGN/OSM/SISA","sag":"IGN"},"bbox":[-54.958795,-26.819056,-54.958795,-26.819056]},{"type":"Feature","id":"salud_020801.12647","geometry":{"type":"Point","coordinates":[-55.28565675,-27.09215436]},"geometry_name":"geom","properties":{"gid":12647,"entidad":0,"fna":"Centro de Atención Primaria de la Salud Hipólito Yrigoyen Centro","gna":"Centro de Atención Primaria de la Salud","nam":"Hipólito Yrigoyen Centro","fdc":"IGN/SISA","sag":"IGN"},"bbox":[-55.28565675,-27.09215436,-55.28565675,-27.09215436]},{"type":"Feature","id":"salud_020801.12656","geometry":{"type":"Point","coordinates":[-59.72829506,-31.76795358]},"geometry_name":"geom","properties":{"gid":12656,"entidad":0,"fna":"Centro de Salud Santa Luisa","gna":"Centro de Salud","nam":"Santa Luisa","fdc":"IGN/SISA","sag":"IGN"},"bbox":[-59.72829506,-31.76795358,-59.72829506,-31.76795358]},{"type":"Feature","id":"salud_020801.12657","geometry":{"type":"Point","coordinates":[-61.98449791,-33.74020989]},"geometry_name":"geom","properties":{"gid":12657,"entidad":0,"fna":"Centro de Salud San José Obrero","gna":"Centro de Salud","nam":"San José Obrero","fdc":"IGN/SISA","sag":"IGN"},"bbox":[-61.98449791,-33.74020989,-61.98449791,-33.74020989]},{"type":"Feature","id":"salud_020801.12658","geometry":{"type":"Point","coordinates":[-61.60715787,-33.40856851]},"geometry_name":"geom","properties":{"gid":12658,"entidad":0,"fna":"Centro de Salud Cañada de Ucle","gna":"Centro de Salud","nam":"Cañada de Ucle","fdc":"IGN/SISA","sag":"IGN"},"bbox":[-61.60715787,-33.40856851,-61.60715787,-33.40856851]},{"type":"Feature","id":"salud_020801.12659","geometry":{"type":"Point","coordinates":[-59.25974002,-28.36248106]},"geometry_name":"geom","properties":{"gid":12659,"entidad":0,"fna":"Centro de Salud Barrio Itatí","gna":"Centro de Salud","nam":"Barrio Itatí","fdc":"IGN/SISA","sag":"IGN"},"bbox":[-59.25974002,-28.36248106,-59.25974002,-28.36248106]},{"type":"Feature","id":"salud_020801.12660","geometry":{"type":"Point","coordinates":[-60.73231284,-31.64288955]},"geometry_name":"geom","properties":{"gid":12660,"entidad":0,"fna":"Centro de Salud Barrio Mendoza Oeste","gna":"Centro de Salud","nam":"Barrio Mendoza Oeste","fdc":"IGN/SISA","sag":"IGN"},"bbox":[-60.73231284,-31.64288955,-60.73231284,-31.64288955]},{"type":"Feature","id":"salud_020801.12661","geometry":{"type":"Point","coordinates":[-60.69307761,-31.58371608]},"geometry_name":"geom","properties":{"gid":12661,"entidad":0,"fna":"Dispensario Barrio Las Delicias","gna":"Dispensario","nam":"Barrio Las Delicias","fdc":"IGN/SISA/Sitio web de la Municipalidad","sag":"IGN"},"bbox":[-60.69307761,-31.58371608,-60.69307761,-31.58371608]},{"type":"Feature","id":"salud_020801.12662","geometry":{"type":"Point","coordinates":[-60.9660387,-33.26359146]},"geometry_name":"geom","properties":{"gid":12662,"entidad":0,"fna":"Centro de Salud Arminda","gna":"Centro de Salud","nam":"Arminda","fdc":"IGN/SISA","sag":"IGN"},"bbox":[-60.9660387,-33.26359146,-60.9660387,-33.26359146]},{"type":"Feature","id":"salud_020801.12663","geometry":{"type":"Point","coordinates":[-60.7001843,-32.91969896]},"geometry_name":"geom","properties":{"gid":12663,"entidad":0,"fna":"Centro de Salud Doctor Víctor Cué","gna":"Centro de Salud","nam":"Doctor Víctor Cué","fdc":"IGN/SISA","sag":"IGN"},"bbox":[-60.7001843,-32.91969896,-60.7001843,-32.91969896]},{"type":"Feature","id":"salud_020801.12664","geometry":{"type":"Point","coordinates":[-61.62575012,-30.62948022]},"geometry_name":"geom","properties":{"gid":12664,"entidad":0,"fna":"Centro de Salud Las Palmeras","gna":"Centro de Salud","nam":"Las Palmeras","fdc":"IGN/SISA","sag":"IGN"},"bbox":[-61.62575012,-30.62948022,-61.62575012,-30.62948022]},{"type":"Feature","id":"salud_020801.12665","geometry":{"type":"Point","coordinates":[-61.87743046,-30.21512528]},"geometry_name":"geom","properties":{"gid":12665,"entidad":0,"fna":"Servicio para la Atención Médica de la Comunidad Villa Trinidad","gna":"Servicio para la Atención Médica de la Comunidad","nam":"Villa Trinidad","fdc":"IGN/SISA","sag":"IGN"},"bbox":[-61.87743046,-30.21512528,-61.87743046,-30.21512528]},{"type":"Feature","id":"salud_020801.12666","geometry":{"type":"Point","coordinates":[-61.32112724,-30.65993271]},"geometry_name":"geom","properties":{"gid":12666,"entidad":0,"fna":"Centro de Salud Constanza","gna":"Centro de Salud","nam":"Constanza","fdc":"IGN/SISA","sag":"IGN"},"bbox":[-61.32112724,-30.65993271,-61.32112724,-30.65993271]},{"type":"Feature","id":"salud_020801.12667","geometry":{"type":"Point","coordinates":[-61.1160162,-32.07591126]},"geometry_name":"geom","properties":{"gid":12667,"entidad":0,"fna":"Centro de Salud San Eugenio","gna":"Centro de Salud","nam":"San Eugenio","fdc":"IGN/SISA","sag":"IGN"},"bbox":[-61.1160162,-32.07591126,-61.1160162,-32.07591126]},{"type":"Feature","id":"salud_020801.12678","geometry":{"type":"Point","coordinates":[-60.02089898,-25.53969864]},"geometry_name":"geom","properties":{"gid":12678,"entidad":0,"fna":"Hospital Provincial Subteniente Perín","gna":"Hospital Provincial","nam":"Subteniente Perín","fdc":"IGN/SISA","sag":"IGN"},"bbox":[-60.02089898,-25.53969864,-60.02089898,-25.53969864]},{"type":"Feature","id":"salud_020801.12687","geometry":{"type":"Point","coordinates":[-58.4862701,-26.11045418]},"geometry_name":"geom","properties":{"gid":12687,"entidad":0,"fna":"Centro de Salud Mariano Boedo","gna":"Centro de Salud","nam":"Mariano Boedo","fdc":"IGN/OSM/SISA","sag":"IGN"},"bbox":[-58.4862701,-26.11045418,-58.4862701,-26.11045418]},{"type":"Feature","id":"salud_020801.12688","geometry":{"type":"Point","coordinates":[-60.00579297,-30.79858678]},"geometry_name":"geom","properties":{"gid":12688,"entidad":0,"fna":"Servicio para la Atención Médica de la Comunidad Doctor Eladio Antonucci","gna":"Servicio para la Atención Médica de la Comunidad","nam":"Doctor Eladio Antonucci","fdc":"IGN/SISA","sag":"IGN"},"bbox":[-60.00579297,-30.79858678,-60.00579297,-30.79858678]},{"type":"Feature","id":"salud_020801.12689","geometry":{"type":"Point","coordinates":[-61.60585015,-33.69693162]},"geometry_name":"geom","properties":{"gid":12689,"entidad":0,"fna":"Servicio para la Atención Médica de la Comunidad Elortondo","gna":"Servicio para la Atención Médica de la Comunidad","nam":"Elortondo","fdc":"IGN/SISA","sag":"IGN"},"bbox":[-61.60585015,-33.69693162,-61.60585015,-33.69693162]},{"type":"Feature","id":"salud_020801.12690","geometry":{"type":"Point","coordinates":[-61.31691844,-31.76288728]},"geometry_name":"geom","properties":{"gid":12690,"entidad":0,"fna":"Servicio para la Atención Médica de la Comunidad Santa Clara de Buena Vista","gna":"Servicio para la Atención Médica de la Comunidad","nam":"Santa Clara de Buena Vista","fdc":"IGN/SISA","sag":"IGN"},"bbox":[-61.31691844,-31.76288728,-61.31691844,-31.76288728]},{"type":"Feature","id":"salud_020801.12691","geometry":{"type":"Point","coordinates":[-59.93413367,-30.58332102]},"geometry_name":"geom","properties":{"gid":12691,"entidad":0,"fna":"Servicio para la Atención Médica de la Comunidad Doctor Guillermo Rawson","gna":"Servicio para la Atención Médica de la Comunidad","nam":"Doctor Guillermo Rawson","fdc":"IGN/SISA/Sitio web Pcial.","sag":"IGN"},"bbox":[-59.93413367,-30.58332102,-59.93413367,-30.58332102]},{"type":"Feature","id":"salud_020801.12819","geometry":{"type":"Point","coordinates":[-58.79375477,-27.52273576]},"geometry_name":"geom","properties":{"gid":12819,"entidad":0,"fna":"Centro de Atención Primaria de la Salud Doctor Monti","gna":"Centro de Atención Primaria de la Salud","nam":"Doctor Monti","fdc":"IGN/SISA","sag":"IGN"},"bbox":[-58.79375477,-27.52273576,-58.79375477,-27.52273576]},{"type":"Feature","id":"salud_020801.12820","geometry":{"type":"Point","coordinates":[-58.76296685,-27.4887902]},"geometry_name":"geom","properties":{"gid":12820,"entidad":0,"fna":"Centro de Atención Primaria de la Salud Nº XII Barrio Ponce","gna":"Centro de Atención Primaria de la Salud","nam":"Nº XII Barrio Ponce","fdc":"IGN/SISA","sag":"IGN"},"bbox":[-58.76296685,-27.4887902,-58.76296685,-27.4887902]},{"type":"Feature","id":"salud_020801.12821","geometry":{"type":"Point","coordinates":[-58.81891471,-27.47575574]},"geometry_name":"geom","properties":{"gid":12821,"entidad":0,"fna":"Hospital Pediátrico Juan Pablo II","gna":"Hospital Pediátrico","nam":"Juan Pablo II","fdc":"IGN/SISA","sag":"IGN"},"bbox":[-58.81891471,-27.47575574,-58.81891471,-27.47575574]},{"type":"Feature","id":"salud_020801.12822","geometry":{"type":"Point","coordinates":[-58.81897437,-27.46000596]},"geometry_name":"geom","properties":{"gid":12822,"entidad":0,"fna":"Hospital de Salud Mental San Francisco de Asís","gna":"Hospital de Salud Mental","nam":"San Francisco de Asís","fdc":"IGN/SISA","sag":"IGN"},"bbox":[-58.81897437,-27.46000596,-58.81897437,-27.46000596]},{"type":"Feature","id":"salud_020801.12823","geometry":{"type":"Point","coordinates":[-58.07586898,-29.77752995]},"geometry_name":"geom","properties":{"gid":12823,"entidad":0,"fna":"Centro de Salud Doctor Arturo Oñativia","gna":"Centro de Salud","nam":"Doctor Arturo Oñativia","fdc":"IGN/SISA","sag":"IGN"},"bbox":[-58.07586898,-29.77752995,-58.07586898,-29.77752995]},{"type":"Feature","id":"salud_020801.12824","geometry":{"type":"Point","coordinates":[-58.69235131,-27.56930865]},"geometry_name":"geom","properties":{"gid":12824,"entidad":0,"fna":"Sala de Atención Sanitaria San Cayetano","gna":"Sala de Atención Sanitaria","nam":"San Cayetano","fdc":"IGN/SISA","sag":"IGN"},"bbox":[-58.69235131,-27.56930865,-58.69235131,-27.56930865]},{"type":"Feature","id":"salud_020801.12825","geometry":{"type":"Point","coordinates":[-59.26344421,-29.15868958]},"geometry_name":"geom","properties":{"gid":12825,"entidad":0,"fna":"Centro de Atención Primaria de la Salud Villa Vital","gna":"Centro de Atención Primaria de la Salud","nam":"Villa Vital","fdc":"IGN/SISA","sag":"IGN"},"bbox":[-59.26344421,-29.15868958,-59.26344421,-29.15868958]},{"type":"Feature","id":"salud_020801.12826","geometry":{"type":"Point","coordinates":[-59.0764923,-28.99229108]},"geometry_name":"geom","properties":{"gid":12826,"entidad":0,"fna":"Sala Villa Córdoba","gna":"Sala","nam":"Villa Córdoba","fdc":"IGN/SISA","sag":"IGN"},"bbox":[-59.0764923,-28.99229108,-59.0764923,-28.99229108]},{"type":"Feature","id":"salud_020801.12827","geometry":{"type":"Point","coordinates":[-58.83177108,-28.83871026]},"geometry_name":"geom","properties":{"gid":12827,"entidad":0,"fna":"Sala de Atención Primaria Sanitaria María Auxiliadora","gna":"Sala de Atención Primaria Sanitaria","nam":"María Auxiliadora","fdc":"IGN/SISA","sag":"IGN"},"bbox":[-58.83177108,-28.83871026,-58.83177108,-28.83871026]},{"type":"Feature","id":"salud_020801.12828","geometry":{"type":"Point","coordinates":[-57.11659079,-29.71415578]},"geometry_name":"geom","properties":{"gid":12828,"entidad":0,"fna":"Centro de Salud San Salvador","gna":"Centro de Salud","nam":"San Salvador","fdc":"IGN/SISA","sag":"IGN"},"bbox":[-57.11659079,-29.71415578,-57.11659079,-29.71415578]},{"type":"Feature","id":"salud_020801.12829","geometry":{"type":"Point","coordinates":[-58.55556387,-27.51716527]},"geometry_name":"geom","properties":{"gid":12829,"entidad":0,"fna":"Hospital Psiquiátrico Eugenio F. Ramírez","gna":"Hospital Psiquiátrico","nam":"Eugenio F. Ramírez","fdc":"IGN/SISA","sag":"IGN"},"bbox":[-58.55556387,-27.51716527,-58.55556387,-27.51716527]},{"type":"Feature","id":"salud_020801.12830","geometry":{"type":"Point","coordinates":[-58.70909685,-28.57412411]},"geometry_name":"geom","properties":{"gid":12830,"entidad":0,"fna":"Sala de Primeros Auxilios Corazón de Jesús","gna":"Sala de Primeros Auxilios","nam":"Corazón de Jesús","fdc":"IGN/SISA","sag":"IGN"},"bbox":[-58.70909685,-28.57412411,-58.70909685,-28.57412411]},{"type":"Feature","id":"salud_020801.12831","geometry":{"type":"Point","coordinates":[-61.55027312,-27.13986889]},"geometry_name":"geom","properties":{"gid":12831,"entidad":0,"fna":"Centro de Salud El Palmar","gna":"Centro de Salud","nam":"El Palmar","fdc":"IGN/SISA","sag":"IGN"},"bbox":[-61.55027312,-27.13986889,-61.55027312,-27.13986889]},{"type":"Feature","id":"salud_020801.12832","geometry":{"type":"Point","coordinates":[-61.10136284,-27.39353437]},"geometry_name":"geom","properties":{"gid":12832,"entidad":0,"fna":"Centro de Salud Pampa Pedriel","gna":"Centro de Salud","nam":"Pampa Pedriel","fdc":"IGN/SISA","sag":"IGN"},"bbox":[-61.10136284,-27.39353437,-61.10136284,-27.39353437]},{"type":"Feature","id":"salud_020801.12833","geometry":{"type":"Point","coordinates":[-61.01673967,-27.43076611]},"geometry_name":"geom","properties":{"gid":12833,"entidad":0,"fna":"Centro de Salud Mesón de Fierro","gna":"Centro de Salud","nam":"Mesón de Fierro","fdc":"IGN/SISA","sag":"IGN"},"bbox":[-61.01673967,-27.43076611,-61.01673967,-27.43076611]},{"type":"Feature","id":"salud_020801.12834","geometry":{"type":"Point","coordinates":[-61.5705141,-27.07436935]},"geometry_name":"geom","properties":{"gid":12834,"entidad":0,"fna":"Centro de Salud El Palmar Central","gna":"Centro de Salud","nam":"El Palmar Central","fdc":"IGN/SISA","sag":"IGN"},"bbox":[-61.5705141,-27.07436935,-61.5705141,-27.07436935]},{"type":"Feature","id":"salud_020801.12835","geometry":{"type":"Point","coordinates":[-58.96894231,-27.25878622]},"geometry_name":"geom","properties":{"gid":12835,"entidad":0,"fna":"Centro de Salud Margarita Belén","gna":"Centro de Salud","nam":"Margarita Belén","fdc":"IGN/SISA","sag":"IGN"},"bbox":[-58.96894231,-27.25878622,-58.96894231,-27.25878622]},{"type":"Feature","id":"salud_020801.12836","geometry":{"type":"Point","coordinates":[-61.322496,-27.48597821]},"geometry_name":"geom","properties":{"gid":12836,"entidad":0,"fna":"Centro de Salud Itín","gna":"Centro de Salud","nam":"Itín","fdc":"IGN/SISA","sag":"IGN"},"bbox":[-61.322496,-27.48597821,-61.322496,-27.48597821]},{"type":"Feature","id":"salud_020801.12837","geometry":{"type":"Point","coordinates":[-61.07326965,-27.56094102]},"geometry_name":"geom","properties":{"gid":12837,"entidad":0,"fna":"Centro de Salud Colonia Puerta del León","gna":"Centro de Salud","nam":"Colonia Puerta del León","fdc":"IGN/SISA","sag":"IGN"},"bbox":[-61.07326965,-27.56094102,-61.07326965,-27.56094102]},{"type":"Feature","id":"salud_020801.12838","geometry":{"type":"Point","coordinates":[-61.18849097,-27.22523235]},"geometry_name":"geom","properties":{"gid":12838,"entidad":0,"fna":"Centro de Salud Barrio Itatí","gna":"Centro de Salud","nam":"Barrio Itatí","fdc":"IGN/SISA","sag":"IGN"},"bbox":[-61.18849097,-27.22523235,-61.18849097,-27.22523235]},{"type":"Feature","id":"salud_020801.12839","geometry":{"type":"Point","coordinates":[-61.20062602,-27.22081044]},"geometry_name":"geom","properties":{"gid":12839,"entidad":0,"fna":"Centro de Salud Barrio Libertad","gna":"Centro de Salud","nam":"Barrio Libertad","fdc":"IGN/SISA","sag":"IGN"},"bbox":[-61.20062602,-27.22081044,-61.20062602,-27.22081044]},{"type":"Feature","id":"salud_020801.12840","geometry":{"type":"Point","coordinates":[-60.97733109,-27.31966097]},"geometry_name":"geom","properties":{"gid":12840,"entidad":0,"fna":"Centro de Salud Las Tolderías","gna":"Centro de Salud","nam":"Las Tolderías","fdc":"IGN/SISA","sag":"IGN"},"bbox":[-60.97733109,-27.31966097,-60.97733109,-27.31966097]},{"type":"Feature","id":"salud_020801.12841","geometry":{"type":"Point","coordinates":[-61.62798105,-26.92202869]},"geometry_name":"geom","properties":{"gid":12841,"entidad":0,"fna":"Centro de Salud Tres Estacas","gna":"Centro de Salud","nam":"Tres Estacas","fdc":"IGN/SISA","sag":"IGN"},"bbox":[-61.62798105,-26.92202869,-61.62798105,-26.92202869]},{"type":"Feature","id":"salud_020801.12842","geometry":{"type":"Point","coordinates":[-58.93561257,-27.18880099]},"geometry_name":"geom","properties":{"gid":12842,"entidad":0,"fna":"Centro de Salud Costa Inés","gna":"Centro de Salud","nam":"Costa Inés","fdc":"IGN/SISA","sag":"IGN"},"bbox":[-58.93561257,-27.18880099,-58.93561257,-27.18880099]},{"type":"Feature","id":"salud_020801.12843","geometry":{"type":"Point","coordinates":[-60.10622047,-26.98777213]},"geometry_name":"geom","properties":{"gid":12843,"entidad":0,"fna":"Centro de Salud Puesto Nº 3 Lote 39","gna":"Centro de Salud","nam":"Nº 3 Lote 39","fdc":"IGN/SISA","sag":"IGN"},"bbox":[-60.10622047,-26.98777213,-60.10622047,-26.98777213]},{"type":"Feature","id":"salud_020801.12844","geometry":{"type":"Point","coordinates":[-59.9956126,-26.65308137]},"geometry_name":"geom","properties":{"gid":12844,"entidad":0,"fna":"Centro de Salud Colonia La Tambora","gna":"Centro de Salud","nam":"Colonia La Tambora","fdc":"IGN/SISA","sag":"IGN"},"bbox":[-59.9956126,-26.65308137,-59.9956126,-26.65308137]},{"type":"Feature","id":"salud_020801.12845","geometry":{"type":"Point","coordinates":[-60.25650066,-27.08342882]},"geometry_name":"geom","properties":{"gid":12845,"entidad":0,"fna":"Centro de Salud Colonia Blas Parera","gna":"Centro de Salud","nam":"Colonia Blas Parera","fdc":"IGN/SISA","sag":"IGN"},"bbox":[-60.25650066,-27.08342882,-60.25650066,-27.08342882]},{"type":"Feature","id":"salud_020801.12846","geometry":{"type":"Point","coordinates":[-59.94754432,-26.35288917]},"geometry_name":"geom","properties":{"gid":12846,"entidad":0,"fna":"Centro de Salud Pampa Bandera","gna":"Centro de Salud","nam":"Pampa Bandera","fdc":"IGN/SISA","sag":"IGN"},"bbox":[-59.94754432,-26.35288917,-59.94754432,-26.35288917]},{"type":"Feature","id":"salud_020801.12847","geometry":{"type":"Point","coordinates":[-60.0816737,-27.24975449]},"geometry_name":"geom","properties":{"gid":12847,"entidad":0,"fna":"Centro de Salud Leandro N. Alem","gna":"Centro de Salud","nam":"Leandro N. Alem","fdc":"IGN/SISA","sag":"IGN"},"bbox":[-60.0816737,-27.24975449,-60.0816737,-27.24975449]},{"type":"Feature","id":"salud_020801.12848","geometry":{"type":"Point","coordinates":[-61.36939487,-27.09601781]},"geometry_name":"geom","properties":{"gid":12848,"entidad":0,"fna":"Centro de Salud Pampa Cabrera","gna":"Centro de Salud","nam":"Pampa Cabrera","fdc":"IGN/SISA","sag":"IGN"},"bbox":[-61.36939487,-27.09601781,-61.36939487,-27.09601781]},{"type":"Feature","id":"salud_020801.12849","geometry":{"type":"Point","coordinates":[-61.17911619,-26.51086807]},"geometry_name":"geom","properties":{"gid":12849,"entidad":0,"fna":"Centro de Salud Barrio Sur","gna":"Centro de Salud","nam":"Barrio Sur","fdc":"IGN/SISA","sag":"IGN"},"bbox":[-61.17911619,-26.51086807,-61.17911619,-26.51086807]},{"type":"Feature","id":"salud_020801.12850","geometry":{"type":"Point","coordinates":[-62.42428579,-25.00545111]},"geometry_name":"geom","properties":{"gid":12850,"entidad":0,"fna":"Centro de Salud Sol de Mayo","gna":"Centro de Salud","nam":"Sol de Mayo","fdc":"IGN/SISA","sag":"IGN"},"bbox":[-62.42428579,-25.00545111,-62.42428579,-25.00545111]},{"type":"Feature","id":"salud_020801.12851","geometry":{"type":"Point","coordinates":[-63.0288059,-25.586569]},"geometry_name":"geom","properties":{"gid":12851,"entidad":0,"fna":"Centro de Salud Pozo Hondo","gna":"Centro de Salud","nam":"Pozo Hondo","fdc":"IGN/SISA","sag":"IGN"},"bbox":[-63.0288059,-25.586569,-63.0288059,-25.586569]},{"type":"Feature","id":"salud_020801.12852","geometry":{"type":"Point","coordinates":[-62.69946329,-25.27191385]},"geometry_name":"geom","properties":{"gid":12852,"entidad":0,"fna":"Centro de Salud San Antonio","gna":"Centro de Salud","nam":"San Antonio","fdc":"IGN/SISA","sag":"IGN"},"bbox":[-62.69946329,-25.27191385,-62.69946329,-25.27191385]},{"type":"Feature","id":"salud_020801.12853","geometry":{"type":"Point","coordinates":[-62.38655365,-25.53910715]},"geometry_name":"geom","properties":{"gid":12853,"entidad":0,"fna":"Centro de Salud La Ilusión","gna":"Centro de Salud","nam":"La Ilusión","fdc":"IGN/SISA","sag":"IGN"},"bbox":[-62.38655365,-25.53910715,-62.38655365,-25.53910715]},{"type":"Feature","id":"salud_020801.12854","geometry":{"type":"Point","coordinates":[-62.63622992,-24.99398188]},"geometry_name":"geom","properties":{"gid":12854,"entidad":0,"fna":"Centro de Salud El Brasil","gna":"Centro de Salud","nam":"El Brasil","fdc":"IGN/SISA","sag":"IGN"},"bbox":[-62.63622992,-24.99398188,-62.63622992,-24.99398188]},{"type":"Feature","id":"salud_020801.12855","geometry":{"type":"Point","coordinates":[-58.66790101,-26.95842259]},"geometry_name":"geom","properties":{"gid":12855,"entidad":0,"fna":"Centro de Salud San Carlos","gna":"Centro de Salud","nam":"San Carlos","fdc":"IGN/SISA","sag":"IGN"},"bbox":[-58.66790101,-26.95842259,-58.66790101,-26.95842259]},{"type":"Feature","id":"salud_020801.12856","geometry":{"type":"Point","coordinates":[-58.80489219,-26.86631902]},"geometry_name":"geom","properties":{"gid":12856,"entidad":0,"fna":"Centro de Salud Lote Fiscal 16","gna":"Centro de Salud","nam":"Lote Fiscal 16","fdc":"IGN/SISA","sag":"IGN"},"bbox":[-58.80489219,-26.86631902,-58.80489219,-26.86631902]},{"type":"Feature","id":"salud_020801.12857","geometry":{"type":"Point","coordinates":[-58.71936189,-26.6188176]},"geometry_name":"geom","properties":{"gid":12857,"entidad":0,"fna":"Centro de Salud La Textil","gna":"Centro de Salud","nam":"La Textil","fdc":"IGN/SISA","sag":"IGN"},"bbox":[-58.71936189,-26.6188176,-58.71936189,-26.6188176]},{"type":"Feature","id":"salud_020801.12858","geometry":{"type":"Point","coordinates":[-60.44866032,-26.76835547]},"geometry_name":"geom","properties":{"gid":12858,"entidad":0,"fna":"Centro de Salud Barrio Puerta del Sol","gna":"Centro de Salud","nam":"Barrio Puerta del Sol","fdc":"IGN/SISA","sag":"IGN"},"bbox":[-60.44866032,-26.76835547,-60.44866032,-26.76835547]},{"type":"Feature","id":"salud_020801.12859","geometry":{"type":"Point","coordinates":[-60.37859229,-26.9397361]},"geometry_name":"geom","properties":{"gid":12859,"entidad":0,"fna":"Centro de Salud Bajo Hondo","gna":"Centro de Salud","nam":"Bajo Hondo","fdc":"IGN/SISA","sag":"IGN"},"bbox":[-60.37859229,-26.9397361,-60.37859229,-26.9397361]},{"type":"Feature","id":"salud_020801.12860","geometry":{"type":"Point","coordinates":[-61.40065505,-27.91477441]},"geometry_name":"geom","properties":{"gid":12860,"entidad":0,"fna":"Centro de Salud Chorotis","gna":"Centro de Salud","nam":"Chorotis","fdc":"IGN/SISA","sag":"IGN"},"bbox":[-61.40065505,-27.91477441,-61.40065505,-27.91477441]},{"type":"Feature","id":"salud_020801.12861","geometry":{"type":"Point","coordinates":[-59.3867563,-27.15937892]},"geometry_name":"geom","properties":{"gid":12861,"entidad":0,"fna":"Centro de Salud Lapachito","gna":"Centro de Salud","nam":"Lapachito","fdc":"IGN/SISA","sag":"IGN"},"bbox":[-59.3867563,-27.15937892,-59.3867563,-27.15937892]},{"type":"Feature","id":"salud_020801.12862","geometry":{"type":"Point","coordinates":[-59.33776719,-27.16672599]},"geometry_name":"geom","properties":{"gid":12862,"entidad":0,"fna":"Centro de Salud Colonia El 54","gna":"Centro de Salud","nam":"Colonia El 54","fdc":"IGN/SISA","sag":"IGN"},"bbox":[-59.33776719,-27.16672599,-59.33776719,-27.16672599]},{"type":"Feature","id":"salud_020801.12863","geometry":{"type":"Point","coordinates":[-59.42185366,-27.09566662]},"geometry_name":"geom","properties":{"gid":12863,"entidad":0,"fna":"Centro de Salud Kilómetro 548","gna":"Centro de Salud","nam":"Kilómetro 548","fdc":"IGN/SISA","sag":"IGN"},"bbox":[-59.42185366,-27.09566662,-59.42185366,-27.09566662]},{"type":"Feature","id":"salud_020801.12864","geometry":{"type":"Point","coordinates":[-60.73900882,-26.07265972]},"geometry_name":"geom","properties":{"gid":12864,"entidad":0,"fna":"Centro de Salud Pampa Tolosa","gna":"Centro de Salud","nam":"Pampa Tolosa","fdc":"IGN/SISA","sag":"IGN"},"bbox":[-60.73900882,-26.07265972,-60.73900882,-26.07265972]},{"type":"Feature","id":"salud_020801.12865","geometry":{"type":"Point","coordinates":[-61.00994724,-26.13781266]},"geometry_name":"geom","properties":{"gid":12865,"entidad":0,"fna":"Centro de Salud El Silencio","gna":"Centro de Salud","nam":"El Silencio","fdc":"IGN/SISA","sag":"IGN"},"bbox":[-61.00994724,-26.13781266,-61.00994724,-26.13781266]},{"type":"Feature","id":"salud_020801.12866","geometry":{"type":"Point","coordinates":[-60.97607644,-25.72088068]},"geometry_name":"geom","properties":{"gid":12866,"entidad":0,"fna":"Centro de Salud Balbuena","gna":"Centro de Salud","nam":"Balbuena","fdc":"IGN/SISA","sag":"IGN"},"bbox":[-60.97607644,-25.72088068,-60.97607644,-25.72088068]},{"type":"Feature","id":"salud_020801.12867","geometry":{"type":"Point","coordinates":[-60.77897194,-25.84542]},"geometry_name":"geom","properties":{"gid":12867,"entidad":0,"fna":"Centro de Salud La Florida","gna":"Centro de Salud","nam":"La Florida","fdc":"IGN/SISA","sag":"IGN"},"bbox":[-60.77897194,-25.84542,-60.77897194,-25.84542]},{"type":"Feature","id":"salud_020801.12868","geometry":{"type":"Point","coordinates":[-60.87049982,-26.1025555]},"geometry_name":"geom","properties":{"gid":12868,"entidad":0,"fna":"Centro de Salud Pampa Tolosa Chica","gna":"Centro de Salud","nam":"Pampa Tolosa Chica","fdc":"IGN/SISA","sag":"IGN"},"bbox":[-60.87049982,-26.1025555,-60.87049982,-26.1025555]},{"type":"Feature","id":"salud_020801.12869","geometry":{"type":"Point","coordinates":[-60.55268344,-25.88684567]},"geometry_name":"geom","properties":{"gid":12869,"entidad":0,"fna":"Centro de Salud Pampa La Argentina","gna":"Centro de Salud","nam":"Pampa La Argentina","fdc":"IGN/SISA","sag":"IGN"},"bbox":[-60.55268344,-25.88684567,-60.55268344,-25.88684567]},{"type":"Feature","id":"salud_020801.12870","geometry":{"type":"Point","coordinates":[-60.5608662,-26.06517759]},"geometry_name":"geom","properties":{"gid":12870,"entidad":0,"fna":"Centro de Salud Zaparinqui","gna":"Centro de Salud","nam":"Zaparinqui","fdc":"IGN/SISA","sag":"IGN"},"bbox":[-60.5608662,-26.06517759,-60.5608662,-26.06517759]},{"type":"Feature","id":"salud_020801.12871","geometry":{"type":"Point","coordinates":[-60.31120099,-26.11391026]},"geometry_name":"geom","properties":{"gid":12871,"entidad":0,"fna":"Centro de Salud El Destierro","gna":"Centro de Salud","nam":"El Destierro","fdc":"IGN/SISA","sag":"IGN"},"bbox":[-60.31120099,-26.11391026,-60.31120099,-26.11391026]},{"type":"Feature","id":"salud_020801.12872","geometry":{"type":"Point","coordinates":[-60.27685692,-25.97549505]},"geometry_name":"geom","properties":{"gid":12872,"entidad":0,"fna":"Centro de Salud El Asustado","gna":"Centro de Salud","nam":"El Asustado","fdc":"IGN/SISA","sag":"IGN"},"bbox":[-60.27685692,-25.97549505,-60.27685692,-25.97549505]},{"type":"Feature","id":"salud_020801.12873","geometry":{"type":"Point","coordinates":[-60.39884388,-26.03989017]},"geometry_name":"geom","properties":{"gid":12873,"entidad":0,"fna":"Centro de Salud La Esperanza","gna":"Centro de Salud","nam":"La Esperanza","fdc":"IGN/SISA","sag":"IGN"},"bbox":[-60.39884388,-26.03989017,-60.39884388,-26.03989017]},{"type":"Feature","id":"salud_020801.12874","geometry":{"type":"Point","coordinates":[-60.41067261,-25.93556072]},"geometry_name":"geom","properties":{"gid":12874,"entidad":0,"fna":"Centro de Salud El Juramento","gna":"Centro de Salud","nam":"El Juramento","fdc":"IGN/SISA","sag":"IGN"},"bbox":[-60.41067261,-25.93556072,-60.41067261,-25.93556072]},{"type":"Feature","id":"salud_020801.12875","geometry":{"type":"Point","coordinates":[-60.63089488,-25.94970293]},"geometry_name":"geom","properties":{"gid":12875,"entidad":0,"fna":"Centro de Salud Barrio Sarmiento","gna":"Centro de Salud","nam":"Barrio Sarmiento","fdc":"IGN/SISA","sag":"IGN"},"bbox":[-60.63089488,-25.94970293,-60.63089488,-25.94970293]},{"type":"Feature","id":"salud_020801.12876","geometry":{"type":"Point","coordinates":[-60.61768452,-25.96660049]},"geometry_name":"geom","properties":{"gid":12876,"entidad":0,"fna":"Centro de Salud Barrio Curishi","gna":"Centro de Salud","nam":"Barrio Curishi","fdc":"IGN/SISA","sag":"IGN"},"bbox":[-60.61768452,-25.96660049,-60.61768452,-25.96660049]},{"type":"Feature","id":"salud_020801.12877","geometry":{"type":"Point","coordinates":[-60.83748703,-25.82584162]},"geometry_name":"geom","properties":{"gid":12877,"entidad":0,"fna":"Centro de Salud La Florida Grande","gna":"Centro de Salud","nam":"La Florida Grande","fdc":"IGN/SISA","sag":"IGN"},"bbox":[-60.83748703,-25.82584162,-60.83748703,-25.82584162]},{"type":"Feature","id":"salud_020801.12878","geometry":{"type":"Point","coordinates":[-60.95545288,-25.92514809]},"geometry_name":"geom","properties":{"gid":12878,"entidad":0,"fna":"Centro de Salud Las Delicias","gna":"Centro de Salud","nam":"Las Delicias","fdc":"IGN/SISA","sag":"IGN"},"bbox":[-60.95545288,-25.92514809,-60.95545288,-25.92514809]},{"type":"Feature","id":"salud_020801.12879","geometry":{"type":"Point","coordinates":[-60.85301756,-25.95389721]},"geometry_name":"geom","properties":{"gid":12879,"entidad":0,"fna":"Centro de Salud Pampa Nueva","gna":"Centro de Salud","nam":"Pampa Nueva","fdc":"IGN/SISA","sag":"IGN"},"bbox":[-60.85301756,-25.95389721,-60.85301756,-25.95389721]},{"type":"Feature","id":"salud_020801.12880","geometry":{"type":"Point","coordinates":[-61.15036572,-25.81550205]},"geometry_name":"geom","properties":{"gid":12880,"entidad":0,"fna":"Centro de Salud El Palomo","gna":"Centro de Salud","nam":"El Palomo","fdc":"IGN/SISA","sag":"IGN"},"bbox":[-61.15036572,-25.81550205,-61.15036572,-25.81550205]},{"type":"Feature","id":"salud_020801.12881","geometry":{"type":"Point","coordinates":[-60.47362483,-25.65076394]},"geometry_name":"geom","properties":{"gid":12881,"entidad":0,"fna":"Centro de Salud Cabeza de Buey","gna":"Centro de Salud","nam":"Cabeza de Buey","fdc":"IGN/SISA","sag":"IGN"},"bbox":[-60.47362483,-25.65076394,-60.47362483,-25.65076394]},{"type":"Feature","id":"salud_020801.12882","geometry":{"type":"Point","coordinates":[-60.36406301,-25.64292263]},"geometry_name":"geom","properties":{"gid":12882,"entidad":0,"fna":"Centro de Salud El Colchón","gna":"Centro de Salud","nam":"El Colchón","fdc":"IGN/SISA","sag":"IGN"},"bbox":[-60.36406301,-25.64292263,-60.36406301,-25.64292263]},{"type":"Feature","id":"salud_020801.12883","geometry":{"type":"Point","coordinates":[-60.41798662,-25.56290614]},"geometry_name":"geom","properties":{"gid":12883,"entidad":0,"fna":"Centro de Salud Paso Sosa","gna":"Centro de Salud","nam":"Paso Sosa","fdc":"IGN/SISA","sag":"IGN"},"bbox":[-60.41798662,-25.56290614,-60.41798662,-25.56290614]},{"type":"Feature","id":"salud_020801.12884","geometry":{"type":"Point","coordinates":[-60.20161897,-25.70374539]},"geometry_name":"geom","properties":{"gid":12884,"entidad":0,"fna":"Centro de Salud Fortín Lavalle","gna":"Centro de Salud","nam":"Fortín Lavalle","fdc":"IGN/SISA","sag":"IGN"},"bbox":[-60.20161897,-25.70374539,-60.20161897,-25.70374539]},{"type":"Feature","id":"salud_020801.12885","geometry":{"type":"Point","coordinates":[-60.10214246,-25.79340459]},"geometry_name":"geom","properties":{"gid":12885,"entidad":0,"fna":"Centro de Salud 10 de Mayo","gna":"Centro de Salud","nam":"10 de Mayo","fdc":"IGN/SISA","sag":"IGN"},"bbox":[-60.10214246,-25.79340459,-60.10214246,-25.79340459]},{"type":"Feature","id":"salud_020801.12886","geometry":{"type":"Point","coordinates":[-60.11779922,-25.87153842]},"geometry_name":"geom","properties":{"gid":12886,"entidad":0,"fna":"Centro de Salud Santa Carmen","gna":"Centro de Salud","nam":"Santa Carmen","fdc":"IGN/SISA","sag":"IGN"},"bbox":[-60.11779922,-25.87153842,-60.11779922,-25.87153842]},{"type":"Feature","id":"salud_020801.12887","geometry":{"type":"Point","coordinates":[-60.60471631,-25.64506675]},"geometry_name":"geom","properties":{"gid":12887,"entidad":0,"fna":"Centro de Salud La Mora","gna":"Centro de Salud","nam":"La Mora","fdc":"IGN/SISA","sag":"IGN"},"bbox":[-60.60471631,-25.64506675,-60.60471631,-25.64506675]},{"type":"Feature","id":"salud_020801.12888","geometry":{"type":"Point","coordinates":[-60.61190145,-25.5009628]},"geometry_name":"geom","properties":{"gid":12888,"entidad":0,"fna":"Centro de Salud Campo de Mayo","gna":"Centro de Salud","nam":"Campo de Mayo","fdc":"IGN/SISA","sag":"IGN"},"bbox":[-60.61190145,-25.5009628,-60.61190145,-25.5009628]},{"type":"Feature","id":"salud_020801.12889","geometry":{"type":"Point","coordinates":[-61.0903253,-25.69571446]},"geometry_name":"geom","properties":{"gid":12889,"entidad":0,"fna":"Centro de Salud San Lorenzo","gna":"Centro de Salud","nam":"San Lorenzo","fdc":"IGN/SISA","sag":"IGN"},"bbox":[-61.0903253,-25.69571446,-61.0903253,-25.69571446]},{"type":"Feature","id":"salud_020801.12890","geometry":{"type":"Point","coordinates":[-60.93367602,-25.6116669]},"geometry_name":"geom","properties":{"gid":12890,"entidad":0,"fna":"Centro de Salud Central Norte","gna":"Centro de Salud","nam":"Central Norte","fdc":"IGN/SISA","sag":"IGN"},"bbox":[-60.93367602,-25.6116669,-60.93367602,-25.6116669]},{"type":"Feature","id":"salud_020801.12891","geometry":{"type":"Point","coordinates":[-61.28200869,-25.48143909]},"geometry_name":"geom","properties":{"gid":12891,"entidad":0,"fna":"Centro de Salud Los Placeres","gna":"Centro de Salud","nam":"Los Placeres","fdc":"IGN/SISA","sag":"IGN"},"bbox":[-61.28200869,-25.48143909,-61.28200869,-25.48143909]},{"type":"Feature","id":"salud_020801.12892","geometry":{"type":"Point","coordinates":[-60.47516254,-25.69241729]},"geometry_name":"geom","properties":{"gid":12892,"entidad":0,"fna":"Centro de Salud Campo El Aibal","gna":"Centro de Salud","nam":"Campo El Aibal","fdc":"IGN/SISA","sag":"IGN"},"bbox":[-60.47516254,-25.69241729,-60.47516254,-25.69241729]},{"type":"Feature","id":"salud_020801.12893","geometry":{"type":"Point","coordinates":[-60.68599945,-25.28938811]},"geometry_name":"geom","properties":{"gid":12893,"entidad":0,"fna":"Centro de Salud El Palmar","gna":"Centro de Salud","nam":"El Palmar","fdc":"IGN/SISA","sag":"IGN"},"bbox":[-60.68599945,-25.28938811,-60.68599945,-25.28938811]},{"type":"Feature","id":"salud_020801.12894","geometry":{"type":"Point","coordinates":[-60.58636376,-25.31640783]},"geometry_name":"geom","properties":{"gid":12894,"entidad":0,"fna":"Centro de Salud Las Palomas","gna":"Centro de Salud","nam":"Las Palomas","fdc":"IGN/SISA","sag":"IGN"},"bbox":[-60.58636376,-25.31640783,-60.58636376,-25.31640783]},{"type":"Feature","id":"salud_020801.12895","geometry":{"type":"Point","coordinates":[-60.64134133,-25.2135645]},"geometry_name":"geom","properties":{"gid":12895,"entidad":0,"fna":"Centro de Salud El Mojo","gna":"Centro de Salud","nam":"El Mojo","fdc":"IGN/SISA","sag":"IGN"},"bbox":[-60.64134133,-25.2135645,-60.64134133,-25.2135645]},{"type":"Feature","id":"salud_020801.12896","geometry":{"type":"Point","coordinates":[-62.02564017,-25.37279396]},"geometry_name":"geom","properties":{"gid":12896,"entidad":0,"fna":"Centro de Salud Santa María","gna":"Centro de Salud","nam":"Santa María","fdc":"IGN/SISA","sag":"IGN"},"bbox":[-62.02564017,-25.37279396,-62.02564017,-25.37279396]},{"type":"Feature","id":"salud_020801.12897","geometry":{"type":"Point","coordinates":[-61.85681775,-24.79009189]},"geometry_name":"geom","properties":{"gid":12897,"entidad":0,"fna":"Centro de Salud Pozo Mataco","gna":"Centro de Salud","nam":"Pozo Mataco","fdc":"IGN/SISA","sag":"IGN"},"bbox":[-61.85681775,-24.79009189,-61.85681775,-24.79009189]},{"type":"Feature","id":"salud_020801.12898","geometry":{"type":"Point","coordinates":[-62.15073724,-24.56572178]},"geometry_name":"geom","properties":{"gid":12898,"entidad":0,"fna":"Centro de Salud Montevideo","gna":"Centro de Salud","nam":"Montevideo","fdc":"IGN/SISA","sag":"IGN"},"bbox":[-62.15073724,-24.56572178,-62.15073724,-24.56572178]},{"type":"Feature","id":"salud_020801.12899","geometry":{"type":"Point","coordinates":[-61.73565914,-24.84130842]},"geometry_name":"geom","properties":{"gid":12899,"entidad":0,"fna":"Centro de Salud Las Vertientes","gna":"Centro de Salud","nam":"Las Vertientes","fdc":"IGN/SISA","sag":"IGN"},"bbox":[-61.73565914,-24.84130842,-61.73565914,-24.84130842]},{"type":"Feature","id":"salud_020801.12900","geometry":{"type":"Point","coordinates":[-62.1478997,-24.22255985]},"geometry_name":"geom","properties":{"gid":12900,"entidad":0,"fna":"Centro de Salud Tartagal","gna":"Centro de Salud","nam":"Tartagal","fdc":"IGN/SISA","sag":"IGN"},"bbox":[-62.1478997,-24.22255985,-62.1478997,-24.22255985]},{"type":"Feature","id":"salud_020801.12901","geometry":{"type":"Point","coordinates":[-62.32561217,-24.4571455]},"geometry_name":"geom","properties":{"gid":12901,"entidad":0,"fna":"Centro de Salud Los Madrejones","gna":"Centro de Salud","nam":"Los Madrejones","fdc":"IGN/SISA","sag":"IGN"},"bbox":[-62.32561217,-24.4571455,-62.32561217,-24.4571455]},{"type":"Feature","id":"salud_020801.12902","geometry":{"type":"Point","coordinates":[-62.23832716,-24.56149058]},"geometry_name":"geom","properties":{"gid":12902,"entidad":0,"fna":"Hospital Padre Severiano Ayastuy","gna":"Hospital","nam":"Padre Severiano Ayastuy","fdc":"IGN/SISA","sag":"IGN"},"bbox":[-62.23832716,-24.56149058,-62.23832716,-24.56149058]},{"type":"Feature","id":"salud_020801.12903","geometry":{"type":"Point","coordinates":[-61.4471686,-25.04342051]},"geometry_name":"geom","properties":{"gid":12903,"entidad":0,"fna":"Centro de Salud Pozo de los Suris","gna":"Centro de Salud","nam":"Pozo de los Suris","fdc":"IGN/SISA","sag":"IGN"},"bbox":[-61.4471686,-25.04342051,-61.4471686,-25.04342051]},{"type":"Feature","id":"salud_020801.12904","geometry":{"type":"Point","coordinates":[-61.42673424,-24.68942323]},"geometry_name":"geom","properties":{"gid":12904,"entidad":0,"fna":"Centro de Salud Wichi","gna":"Centro de Salud","nam":"Wichi","fdc":"IGN/SISA","sag":"IGN"},"bbox":[-61.42673424,-24.68942323,-61.42673424,-24.68942323]},{"type":"Feature","id":"salud_020801.12905","geometry":{"type":"Point","coordinates":[-61.17393791,-25.31082274]},"geometry_name":"geom","properties":{"gid":12905,"entidad":0,"fna":"Centro de Salud Los Rosales","gna":"Centro de Salud","nam":"Los Rosales","fdc":"IGN/SISA","sag":"IGN"},"bbox":[-61.17393791,-25.31082274,-61.17393791,-25.31082274]},{"type":"Feature","id":"salud_020801.12906","geometry":{"type":"Point","coordinates":[-60.85331848,-25.27130079]},"geometry_name":"geom","properties":{"gid":12906,"entidad":0,"fna":"Centro de Salud Pozo El Zapallar","gna":"Centro de Salud","nam":"Pozo El Zapallar","fdc":"IGN/SISA","sag":"IGN"},"bbox":[-60.85331848,-25.27130079,-60.85331848,-25.27130079]},{"type":"Feature","id":"salud_020801.12907","geometry":{"type":"Point","coordinates":[-60.72984248,-25.40563781]},"geometry_name":"geom","properties":{"gid":12907,"entidad":0,"fna":"Centro de Salud Palo Marcado","gna":"Centro de Salud","nam":"Palo Marcado","fdc":"IGN/SISA","sag":"IGN"},"bbox":[-60.72984248,-25.40563781,-60.72984248,-25.40563781]},{"type":"Feature","id":"salud_020801.12908","geometry":{"type":"Point","coordinates":[-60.4677856,-25.46265291]},"geometry_name":"geom","properties":{"gid":12908,"entidad":0,"fna":"Centro de Salud Olla Quebrada","gna":"Centro de Salud","nam":"Olla Quebrada","fdc":"IGN/SISA","sag":"IGN"},"bbox":[-60.4677856,-25.46265291,-60.4677856,-25.46265291]},{"type":"Feature","id":"salud_020801.12909","geometry":{"type":"Point","coordinates":[-60.41282333,-25.47522725]},"geometry_name":"geom","properties":{"gid":12909,"entidad":0,"fna":"Centro de Salud Víboras Blancas","gna":"Centro de Salud","nam":"Víboras Blancas","fdc":"IGN/SISA","sag":"IGN"},"bbox":[-60.41282333,-25.47522725,-60.41282333,-25.47522725]},{"type":"Feature","id":"salud_020801.12910","geometry":{"type":"Point","coordinates":[-60.92525293,-26.75695605]},"geometry_name":"geom","properties":{"gid":12910,"entidad":0,"fna":"Centro de Salud Pampa Oculta","gna":"Centro de Salud","nam":"Pampa Oculta","fdc":"IGN/SISA","sag":"IGN"},"bbox":[-60.92525293,-26.75695605,-60.92525293,-26.75695605]},{"type":"Feature","id":"salud_020801.12911","geometry":{"type":"Point","coordinates":[-59.23242008,-27.25463442]},"geometry_name":"geom","properties":{"gid":12911,"entidad":0,"fna":"Centro de Salud Laguna Blanca","gna":"Centro de Salud","nam":"Laguna Blanca","fdc":"IGN/SISA","sag":"IGN"},"bbox":[-59.23242008,-27.25463442,-59.23242008,-27.25463442]},{"type":"Feature","id":"salud_020801.12912","geometry":{"type":"Point","coordinates":[-59.07171604,-27.34793676]},"geometry_name":"geom","properties":{"gid":12912,"entidad":0,"fna":"Sala de Primeros Auxilios Colonia Cruce Viejo","gna":"Sala de Primeros Auxilios","nam":"Colonia Cruce Viejo","fdc":"IGN/SISA","sag":"IGN"},"bbox":[-59.07171604,-27.34793676,-59.07171604,-27.34793676]},{"type":"Feature","id":"salud_020801.12913","geometry":{"type":"Point","coordinates":[-59.09238203,-27.31999188]},"geometry_name":"geom","properties":{"gid":12913,"entidad":0,"fna":"Centro de Salud Puerto Bastiani","gna":"Centro de Salud","nam":"Puerto Bastiani","fdc":"IGN/SISA","sag":"IGN"},"bbox":[-59.09238203,-27.31999188,-59.09238203,-27.31999188]},{"type":"Feature","id":"salud_020801.12914","geometry":{"type":"Point","coordinates":[-59.19319977,-26.91221728]},"geometry_name":"geom","properties":{"gid":12914,"entidad":0,"fna":"Centro de Salud Colonia Mixta","gna":"Centro de Salud","nam":"Colonia Mixta","fdc":"IGN/SISA","sag":"IGN"},"bbox":[-59.19319977,-26.91221728,-59.19319977,-26.91221728]},{"type":"Feature","id":"salud_020801.12915","geometry":{"type":"Point","coordinates":[-59.86850638,-26.18045745]},"geometry_name":"geom","properties":{"gid":12915,"entidad":0,"fna":"Centro de Salud Lote 4","gna":"Centro de Salud","nam":"Lote 4","fdc":"IGN/SISA","sag":"IGN"},"bbox":[-59.86850638,-26.18045745,-59.86850638,-26.18045745]},{"type":"Feature","id":"salud_020801.12916","geometry":{"type":"Point","coordinates":[-59.88800941,-26.05779519]},"geometry_name":"geom","properties":{"gid":12916,"entidad":0,"fna":"Centro de Salud Cuarta Legua","gna":"Centro de Salud","nam":"Cuarta Legua","fdc":"IGN/SISA","sag":"IGN"},"bbox":[-59.88800941,-26.05779519,-59.88800941,-26.05779519]},{"type":"Feature","id":"salud_020801.12917","geometry":{"type":"Point","coordinates":[-59.97218283,-26.05357832]},"geometry_name":"geom","properties":{"gid":12917,"entidad":0,"fna":"Centro de Salud Campo Alemany","gna":"Centro de Salud","nam":"Campo Alemany","fdc":"IGN/SISA","sag":"IGN"},"bbox":[-59.97218283,-26.05357832,-59.97218283,-26.05357832]},{"type":"Feature","id":"salud_020801.12918","geometry":{"type":"Point","coordinates":[-60.01058197,-25.90173895]},"geometry_name":"geom","properties":{"gid":12918,"entidad":0,"fna":"Centro de Salud El Salvaje","gna":"Centro de Salud","nam":"El Salvaje","fdc":"IGN/SISA","sag":"IGN"},"bbox":[-60.01058197,-25.90173895,-60.01058197,-25.90173895]},{"type":"Feature","id":"salud_020801.12919","geometry":{"type":"Point","coordinates":[-59.71407516,-26.28447464]},"geometry_name":"geom","properties":{"gid":12919,"entidad":0,"fna":"Centro de Salud Colonia Alcalá","gna":"Centro de Salud","nam":"Colonia Alcalá","fdc":"IGN/SISA","sag":"IGN"},"bbox":[-59.71407516,-26.28447464,-59.71407516,-26.28447464]},{"type":"Feature","id":"salud_020801.12920","geometry":{"type":"Point","coordinates":[-59.34110076,-26.53566669]},"geometry_name":"geom","properties":{"gid":12920,"entidad":0,"fna":"Centro de Salud Barrio Pedro J. Leales","gna":"Centro de Salud","nam":"Barrio Pedro J. Leales","fdc":"IGN/SISA","sag":"IGN"},"bbox":[-59.34110076,-26.53566669,-59.34110076,-26.53566669]},{"type":"Feature","id":"salud_020801.12921","geometry":{"type":"Point","coordinates":[-59.42075507,-26.42357218]},"geometry_name":"geom","properties":{"gid":12921,"entidad":0,"fna":"Centro de Salud Siete Árboles","gna":"Centro de Salud","nam":"Siete Árboles","fdc":"IGN/SISA","sag":"IGN"},"bbox":[-59.42075507,-26.42357218,-59.42075507,-26.42357218]},{"type":"Feature","id":"salud_020801.12922","geometry":{"type":"Point","coordinates":[-59.01779781,-26.38554232]},"geometry_name":"geom","properties":{"gid":12922,"entidad":0,"fna":"Centro de Salud Colonia La Aurora","gna":"Centro de Salud","nam":"Colonia La Aurora","fdc":"IGN/SISA","sag":"IGN"},"bbox":[-59.01779781,-26.38554232,-59.01779781,-26.38554232]},{"type":"Feature","id":"salud_020801.12923","geometry":{"type":"Point","coordinates":[-59.06285747,-26.83581867]},"geometry_name":"geom","properties":{"gid":12923,"entidad":0,"fna":"Centro de Salud La Eduvigis","gna":"Centro de Salud","nam":"La Eduvigis","fdc":"IGN/SISA","sag":"IGN"},"bbox":[-59.06285747,-26.83581867,-59.06285747,-26.83581867]},{"type":"Feature","id":"salud_020801.12924","geometry":{"type":"Point","coordinates":[-59.04957608,-26.65174814]},"geometry_name":"geom","properties":{"gid":12924,"entidad":0,"fna":"Centro de Salud Kilómetro 62","gna":"Centro de Salud","nam":"Kilómetro 62","fdc":"IGN/SISA","sag":"IGN"},"bbox":[-59.04957608,-26.65174814,-59.04957608,-26.65174814]},{"type":"Feature","id":"salud_020801.12925","geometry":{"type":"Point","coordinates":[-60.14403894,-27.17431208]},"geometry_name":"geom","properties":{"gid":12925,"entidad":0,"fna":"Centro de Salud Kilómetro 28","gna":"Centro de Salud","nam":"Kilómetro 28","fdc":"IGN/SISA","sag":"IGN"},"bbox":[-60.14403894,-27.17431208,-60.14403894,-27.17431208]},{"type":"Feature","id":"salud_020801.12926","geometry":{"type":"Point","coordinates":[-60.64001363,-26.13464943]},"geometry_name":"geom","properties":{"gid":12926,"entidad":0,"fna":"Centro de Salud Monte Quemado Grande","gna":"Centro de Salud","nam":"Monte Quemado Grande","fdc":"IGN/SISA","sag":"IGN"},"bbox":[-60.64001363,-26.13464943,-60.64001363,-26.13464943]},{"type":"Feature","id":"salud_020801.12927","geometry":{"type":"Point","coordinates":[-60.30413557,-26.16880231]},"geometry_name":"geom","properties":{"gid":12927,"entidad":0,"fna":"Centro de Salud El Palmar Chico","gna":"Centro de Salud","nam":"El Palmar Chico","fdc":"IGN/SISA","sag":"IGN"},"bbox":[-60.30413557,-26.16880231,-60.30413557,-26.16880231]},{"type":"Feature","id":"salud_020801.12928","geometry":{"type":"Point","coordinates":[-60.75396665,-27.61919287]},"geometry_name":"geom","properties":{"gid":12928,"entidad":0,"fna":"Centro de Salud Colonia El Pastoril","gna":"Centro de Salud","nam":"Colonia El Pastoril","fdc":"IGN/SISA","sag":"IGN"},"bbox":[-60.75396665,-27.61919287,-60.75396665,-27.61919287]},{"type":"Feature","id":"salud_020801.12929","geometry":{"type":"Point","coordinates":[-60.64921386,-27.9198903]},"geometry_name":"geom","properties":{"gid":12929,"entidad":0,"fna":"Centro de Salud Las Avispas","gna":"Centro de Salud","nam":"Las Avispas","fdc":"IGN/SISA","sag":"IGN"},"bbox":[-60.64921386,-27.9198903,-60.64921386,-27.9198903]},{"type":"Feature","id":"salud_020801.12930","geometry":{"type":"Point","coordinates":[-60.70121255,-27.57415274]},"geometry_name":"geom","properties":{"gid":12930,"entidad":0,"fna":"Centro de Salud Abel Otaño","gna":"Centro de Salud","nam":"Abel Otaño","fdc":"IGN/SISA","sag":"IGN"},"bbox":[-60.70121255,-27.57415274,-60.70121255,-27.57415274]},{"type":"Feature","id":"salud_020801.12931","geometry":{"type":"Point","coordinates":[-60.90043698,-27.20546552]},"geometry_name":"geom","properties":{"gid":12931,"entidad":0,"fna":"Centro de Salud Colonia Juan Lavalle","gna":"Centro de Salud","nam":"Colonia Juan Lavalle","fdc":"IGN/SISA","sag":"IGN"},"bbox":[-60.90043698,-27.20546552,-60.90043698,-27.20546552]},{"type":"Feature","id":"salud_020801.12932","geometry":{"type":"Point","coordinates":[-60.95614599,-27.2660282]},"geometry_name":"geom","properties":{"gid":12932,"entidad":0,"fna":"Centro de Salud India Muerta","gna":"Centro de Salud","nam":"India Muerta","fdc":"IGN/SISA","sag":"IGN"},"bbox":[-60.95614599,-27.2660282,-60.95614599,-27.2660282]},{"type":"Feature","id":"salud_020801.12933","geometry":{"type":"Point","coordinates":[-59.87037583,-26.8489312]},"geometry_name":"geom","properties":{"gid":12933,"entidad":0,"fna":"Centro de Salud Colonia Brandsen Norte","gna":"Centro de Salud","nam":"Colonia Brandsen Norte","fdc":"IGN/SISA","sag":"IGN"},"bbox":[-59.87037583,-26.8489312,-59.87037583,-26.8489312]},{"type":"Feature","id":"salud_020801.12934","geometry":{"type":"Point","coordinates":[-59.77268305,-26.92504746]},"geometry_name":"geom","properties":{"gid":12934,"entidad":0,"fna":"Centro de Salud Colonia Santa Elena","gna":"Centro de Salud","nam":"Colonia Santa Elena","fdc":"IGN/SISA","sag":"IGN"},"bbox":[-59.77268305,-26.92504746,-59.77268305,-26.92504746]},{"type":"Feature","id":"salud_020801.12935","geometry":{"type":"Point","coordinates":[-60.16355154,-26.45578204]},"geometry_name":"geom","properties":{"gid":12935,"entidad":0,"fna":"Centro de Salud Villa El Palmar","gna":"Centro de Salud","nam":"Villa El Palmar","fdc":"IGN/SISA","sag":"IGN"},"bbox":[-60.16355154,-26.45578204,-60.16355154,-26.45578204]},{"type":"Feature","id":"salud_020801.12936","geometry":{"type":"Point","coordinates":[-60.14324716,-26.70508658]},"geometry_name":"geom","properties":{"gid":12936,"entidad":0,"fna":"Centro de Salud Colonia General Paz","gna":"Centro de Salud","nam":"Colonia General Paz","fdc":"IGN/SISA","sag":"IGN"},"bbox":[-60.14324716,-26.70508658,-60.14324716,-26.70508658]},{"type":"Feature","id":"salud_020801.12937","geometry":{"type":"Point","coordinates":[-60.21416587,-26.87200753]},"geometry_name":"geom","properties":{"gid":12937,"entidad":0,"fna":"Centro de Salud Santa Rita","gna":"Centro de Salud","nam":"Santa Rita","fdc":"IGN/SISA","sag":"IGN"},"bbox":[-60.21416587,-26.87200753,-60.21416587,-26.87200753]},{"type":"Feature","id":"salud_020801.12938","geometry":{"type":"Point","coordinates":[-60.2643488,-26.49583005]},"geometry_name":"geom","properties":{"gid":12938,"entidad":0,"fna":"Centro de Salud La Matanza","gna":"Centro de Salud","nam":"La Matanza","fdc":"IGN/SISA","sag":"IGN"},"bbox":[-60.2643488,-26.49583005,-60.2643488,-26.49583005]},{"type":"Feature","id":"salud_020801.12939","geometry":{"type":"Point","coordinates":[-59.36775315,-27.96436874]},"geometry_name":"geom","properties":{"gid":12939,"entidad":0,"fna":"Centro de Salud Las Mercedes","gna":"Centro de Salud","nam":"Las Mercedes","fdc":"IGN/SISA","sag":"IGN"},"bbox":[-59.36775315,-27.96436874,-59.36775315,-27.96436874]},{"type":"Feature","id":"salud_020801.12940","geometry":{"type":"Point","coordinates":[-59.29884961,-27.95392291]},"geometry_name":"geom","properties":{"gid":12940,"entidad":0,"fna":"Centro de Salud Playa Ford","gna":"Centro de Salud","nam":"Playa Ford","fdc":"IGN/SISA","sag":"IGN"},"bbox":[-59.29884961,-27.95392291,-59.29884961,-27.95392291]},{"type":"Feature","id":"salud_020801.12941","geometry":{"type":"Point","coordinates":[-59.12586524,-27.88557623]},"geometry_name":"geom","properties":{"gid":12941,"entidad":0,"fna":"Centro de Salud Colonia Tacuarí","gna":"Centro de Salud","nam":"Colonia Tacuarí","fdc":"IGN/SISA","sag":"IGN"},"bbox":[-59.12586524,-27.88557623,-59.12586524,-27.88557623]},{"type":"Feature","id":"salud_020801.12942","geometry":{"type":"Point","coordinates":[-58.96247821,-27.50930635]},"geometry_name":"geom","properties":{"gid":12942,"entidad":0,"fna":"Centro de Salud Ciudad de los Milagros","gna":"Centro de Salud","nam":"Ciudad de los Milagros","fdc":"IGN/SISA","sag":"IGN"},"bbox":[-58.96247821,-27.50930635,-58.96247821,-27.50930635]},{"type":"Feature","id":"salud_020801.12943","geometry":{"type":"Point","coordinates":[-58.93960448,-27.49317644]},"geometry_name":"geom","properties":{"gid":12943,"entidad":0,"fna":"Centro de Salud Villa Forestación","gna":"Centro de Salud","nam":"Villa Forestación","fdc":"IGN/SISA","sag":"IGN"},"bbox":[-58.93960448,-27.49317644,-58.93960448,-27.49317644]},{"type":"Feature","id":"salud_020801.12944","geometry":{"type":"Point","coordinates":[-58.91561939,-27.4747586]},"geometry_name":"geom","properties":{"gid":12944,"entidad":0,"fna":"Centro de Salud Mental José F. Cusolito","gna":"Centro de Salud Mental","nam":"José F. Cusolito","fdc":"IGN/SISA","sag":"IGN"},"bbox":[-58.91561939,-27.4747586,-58.91561939,-27.4747586]},{"type":"Feature","id":"salud_020801.12945","geometry":{"type":"Point","coordinates":[-58.93023122,-27.47382092]},"geometry_name":"geom","properties":{"gid":12945,"entidad":0,"fna":"Centro de Salud Villa Hortensia","gna":"Centro de Salud","nam":"Villa Hortensia","fdc":"IGN/SISA","sag":"IGN"},"bbox":[-58.93023122,-27.47382092,-58.93023122,-27.47382092]},{"type":"Feature","id":"salud_020801.12946","geometry":{"type":"Point","coordinates":[-58.96683008,-27.47748407]},"geometry_name":"geom","properties":{"gid":12946,"entidad":0,"fna":"Centro de Salud Inmaculada Concepción","gna":"Centro de Salud","nam":"Inmaculada Concepción","fdc":"IGN/SISA","sag":"IGN"},"bbox":[-58.96683008,-27.47748407,-58.96683008,-27.47748407]},{"type":"Feature","id":"salud_020801.12947","geometry":{"type":"Point","coordinates":[-58.97897142,-27.49074173]},"geometry_name":"geom","properties":{"gid":12947,"entidad":0,"fna":"Centro de Salud San Fernando","gna":"Centro de Salud","nam":"San Fernando","fdc":"IGN/SISA","sag":"IGN"},"bbox":[-58.97897142,-27.49074173,-58.97897142,-27.49074173]},{"type":"Feature","id":"salud_020801.12948","geometry":{"type":"Point","coordinates":[-58.97217654,-27.47508697]},"geometry_name":"geom","properties":{"gid":12948,"entidad":0,"fna":"Centro de Salud General Obligado","gna":"Centro de Salud","nam":"General Obligado","fdc":"IGN/SISA","sag":"IGN"},"bbox":[-58.97217654,-27.47508697,-58.97217654,-27.47508697]},{"type":"Feature","id":"salud_020801.12949","geometry":{"type":"Point","coordinates":[-58.96612832,-27.46327115]},"geometry_name":"geom","properties":{"gid":12949,"entidad":0,"fna":"Centro de Salud Villa Los Lirios","gna":"Centro de Salud","nam":"Villa Los Lirios","fdc":"IGN/SISA","sag":"IGN"},"bbox":[-58.96612832,-27.46327115,-58.96612832,-27.46327115]},{"type":"Feature","id":"salud_020801.12950","geometry":{"type":"Point","coordinates":[-59.01030583,-27.47159095]},"geometry_name":"geom","properties":{"gid":12950,"entidad":0,"fna":"Centro de Salud Villa Don Alberto","gna":"Centro de Salud","nam":"Villa Don Alberto","fdc":"IGN/SISA","sag":"IGN"},"bbox":[-59.01030583,-27.47159095,-59.01030583,-27.47159095]},{"type":"Feature","id":"salud_020801.12951","geometry":{"type":"Point","coordinates":[-58.97614927,-27.4384644]},"geometry_name":"geom","properties":{"gid":12951,"entidad":0,"fna":"Centro de Salud Barrio Santa Catalina","gna":"Centro de Salud","nam":"Barrio Santa Catalina","fdc":"IGN/SISA","sag":"IGN"},"bbox":[-58.97614927,-27.4384644,-58.97614927,-27.4384644]},{"type":"Feature","id":"salud_020801.12952","geometry":{"type":"Point","coordinates":[-58.97794255,-27.42535544]},"geometry_name":"geom","properties":{"gid":12952,"entidad":0,"fna":"Centro de Salud Villa Río Negro","gna":"Centro de Salud","nam":"Villa Río Negro","fdc":"IGN/SISA","sag":"IGN"},"bbox":[-58.97794255,-27.42535544,-58.97794255,-27.42535544]},{"type":"Feature","id":"salud_020801.12953","geometry":{"type":"Point","coordinates":[-58.99163765,-27.43307487]},"geometry_name":"geom","properties":{"gid":12953,"entidad":0,"fna":"Centro de Salud Villa Odorico","gna":"Centro de Salud","nam":"Villa Odorico","fdc":"IGN/SISA","sag":"IGN"},"bbox":[-58.99163765,-27.43307487,-58.99163765,-27.43307487]},{"type":"Feature","id":"salud_020801.12954","geometry":{"type":"Point","coordinates":[-59.03477669,-27.45249439]},"geometry_name":"geom","properties":{"gid":12954,"entidad":0,"fna":"Centro de Salud Villa Barberán","gna":"Centro de Salud","nam":"Villa Barberán","fdc":"IGN/SISA","sag":"IGN"},"bbox":[-59.03477669,-27.45249439,-59.03477669,-27.45249439]},{"type":"Feature","id":"salud_020801.12955","geometry":{"type":"Point","coordinates":[-59.03440475,-27.46286617]},"geometry_name":"geom","properties":{"gid":12955,"entidad":0,"fna":"Centro de Salud Néstor C. Kirchner","gna":"Centro de Salud","nam":"Néstor C. Kirchner","fdc":"IGN/SISA","sag":"IGN"},"bbox":[-59.03440475,-27.46286617,-59.03440475,-27.46286617]},{"type":"Feature","id":"salud_020801.12956","geometry":{"type":"Point","coordinates":[-59.01728113,-27.44517513]},"geometry_name":"geom","properties":{"gid":12956,"entidad":0,"fna":"Centro de Salud Barrio España","gna":"Centro de Salud","nam":"Barrio España","fdc":"IGN/SISA","sag":"IGN"},"bbox":[-59.01728113,-27.44517513,-59.01728113,-27.44517513]},{"type":"Feature","id":"salud_020801.12957","geometry":{"type":"Point","coordinates":[-59.59295819,-26.92721221]},"geometry_name":"geom","properties":{"gid":12957,"entidad":0,"fna":"Centro de Salud Salto de la Vieja","gna":"Centro de Salud","nam":"Salto de la Vieja","fdc":"IGN/SISA","sag":"IGN"},"bbox":[-59.59295819,-26.92721221,-59.59295819,-26.92721221]},{"type":"Feature","id":"salud_020801.12958","geometry":{"type":"Point","coordinates":[-59.65241574,-27.32844118]},"geometry_name":"geom","properties":{"gid":12958,"entidad":0,"fna":"Centro de Salud Kilómetro 25","gna":"Centro de Salud","nam":"Kilómetro 25","fdc":"IGN/SISA","sag":"IGN"},"bbox":[-59.65241574,-27.32844118,-59.65241574,-27.32844118]},{"type":"Feature","id":"salud_020801.12959","geometry":{"type":"Point","coordinates":[-60.17880429,-27.50668219]},"geometry_name":"geom","properties":{"gid":12959,"entidad":0,"fna":"Centro de Salud Haumonia","gna":"Centro de Salud","nam":"Haumonia","fdc":"IGN/SISA","sag":"IGN"},"bbox":[-60.17880429,-27.50668219,-60.17880429,-27.50668219]},{"type":"Feature","id":"salud_020801.12960","geometry":{"type":"Point","coordinates":[-59.41849995,-27.4118098]},"geometry_name":"geom","properties":{"gid":12960,"entidad":0,"fna":"Centro de Salud Estación General Obligado","gna":"Centro de Salud","nam":"General Obligado","fdc":"IGN/SISA","sag":"IGN"},"bbox":[-59.41849995,-27.4118098,-59.41849995,-27.4118098]},{"type":"Feature","id":"salud_020801.12961","geometry":{"type":"Point","coordinates":[-58.44484282,-31.86303319]},"geometry_name":"geom","properties":{"gid":12961,"entidad":0,"fna":"Hospital Chacabuco","gna":"Hospital","nam":"Chacabuco","fdc":"IGN/SISA","sag":"IGN"},"bbox":[-58.44484282,-31.86303319,-58.44484282,-31.86303319]},{"type":"Feature","id":"salud_020801.12962","geometry":{"type":"Point","coordinates":[-58.15268477,-32.22327208]},"geometry_name":"geom","properties":{"gid":12962,"entidad":0,"fna":"Centro de Salud Doctor Mariano Pedro Rebord","gna":"Centro de Salud","nam":"Doctor Mariano Pedro Rebord","fdc":"IGN/SISA","sag":"IGN"},"bbox":[-58.15268477,-32.22327208,-58.15268477,-32.22327208]},{"type":"Feature","id":"salud_020801.12963","geometry":{"type":"Point","coordinates":[-60.48620318,-32.33382066]},"geometry_name":"geom","properties":{"gid":12963,"entidad":0,"fna":"Centro de Salud Nuestra Señora de los Pobres","gna":"Centro de Salud Nuestra","nam":"Señora de los Pobres","fdc":"IGN/SISA","sag":"IGN"},"bbox":[-60.48620318,-32.33382066,-60.48620318,-32.33382066]},{"type":"Feature","id":"salud_020801.12964","geometry":{"type":"Point","coordinates":[-60.61289918,-32.0558525]},"geometry_name":"geom","properties":{"gid":12964,"entidad":0,"fna":"Centro de Salud Eva Perón","gna":"Centro de Salud","nam":"Eva Perón","fdc":"IGN/SISA","sag":"IGN"},"bbox":[-60.61289918,-32.0558525,-60.61289918,-32.0558525]},{"type":"Feature","id":"salud_020801.12965","geometry":{"type":"Point","coordinates":[-58.13336376,-31.50763811]},"geometry_name":"geom","properties":{"gid":12965,"entidad":0,"fna":"Centro de Salud Ofelia Tabares","gna":"Centro de Salud","nam":"Ofelia Tabares","fdc":"IGN/SISA","sag":"IGN"},"bbox":[-58.13336376,-31.50763811,-58.13336376,-31.50763811]},{"type":"Feature","id":"salud_020801.12966","geometry":{"type":"Point","coordinates":[-58.16177688,-31.39756308]},"geometry_name":"geom","properties":{"gid":12966,"entidad":0,"fna":"Centro de Salud Guillermo Von Wernich","gna":"Centro de Salud","nam":"Guillermo Von Wernich","fdc":"IGN/SISA","sag":"IGN"},"bbox":[-58.16177688,-31.39756308,-58.16177688,-31.39756308]},{"type":"Feature","id":"salud_020801.12967","geometry":{"type":"Point","coordinates":[-60.40928125,-31.98681769]},"geometry_name":"geom","properties":{"gid":12967,"entidad":0,"fna":"Centro de Salud Evita","gna":"Centro de Salud","nam":"Evita","fdc":"IGN/SISA","sag":"IGN"},"bbox":[-60.40928125,-31.98681769,-60.40928125,-31.98681769]},{"type":"Feature","id":"salud_020801.12968","geometry":{"type":"Point","coordinates":[-60.58083603,-31.94711419]},"geometry_name":"geom","properties":{"gid":12968,"entidad":0,"fna":"Centro de Salud Maipú","gna":"Centro de Salud","nam":"Maipú","fdc":"IGN/SISA","sag":"IGN"},"bbox":[-60.58083603,-31.94711419,-60.58083603,-31.94711419]},{"type":"Feature","id":"salud_020801.12969","geometry":{"type":"Point","coordinates":[-58.51938659,-30.90531176]},"geometry_name":"geom","properties":{"gid":12969,"entidad":0,"fna":"Centro de Salud Colonia Santa Lucía","gna":"Centro de Salud","nam":"Colonia Santa Lucía","fdc":"IGN/SISA","sag":"IGN"},"bbox":[-58.51938659,-30.90531176,-58.51938659,-30.90531176]},{"type":"Feature","id":"salud_020801.12970","geometry":{"type":"Point","coordinates":[-58.65254305,-30.63033132]},"geometry_name":"geom","properties":{"gid":12970,"entidad":0,"fna":"Centro de Salud Laguna Benítez","gna":"Centro de Salud","nam":"Laguna Benítez","fdc":"IGN/SISA","sag":"IGN"},"bbox":[-58.65254305,-30.63033132,-58.65254305,-30.63033132]},{"type":"Feature","id":"salud_020801.12971","geometry":{"type":"Point","coordinates":[-58.88641049,-32.69519858]},"geometry_name":"geom","properties":{"gid":12971,"entidad":0,"fna":"Centro de Salud Doctor Germán Rico","gna":"Centro de Salud","nam":"Doctor Germán Rico","fdc":"IGN/SISA","sag":"IGN"},"bbox":[-58.88641049,-32.69519858,-58.88641049,-32.69519858]},{"type":"Feature","id":"salud_020801.12978","geometry":{"type":"Point","coordinates":[-58.01622201,-31.39471312]},"geometry_name":"geom","properties":{"gid":12978,"entidad":0,"fna":"Centro de Salud María Martina B. de Caminal","gna":"Centro de Salud","nam":"María Martina B. de Caminal","fdc":"IGN/SISA","sag":"IGN"},"bbox":[-58.01622201,-31.39471312,-58.01622201,-31.39471312]},{"type":"Feature","id":"salud_020801.12979","geometry":{"type":"Point","coordinates":[-58.07396475,-31.43290888]},"geometry_name":"geom","properties":{"gid":12979,"entidad":0,"fna":"Centro de Salud Benito Legerén","gna":"Centro de Salud","nam":"Benito Legerén","fdc":"IGN/SISA","sag":"IGN"},"bbox":[-58.07396475,-31.43290888,-58.07396475,-31.43290888]},{"type":"Feature","id":"salud_020801.12980","geometry":{"type":"Point","coordinates":[-60.54842178,-31.92576257]},"geometry_name":"geom","properties":{"gid":12980,"entidad":0,"fna":"Centro de Salud Doctor Esteban L. Maradona","gna":"Centro de Salud","nam":"Doctor Esteban L. Maradona","fdc":"IGN/SISA","sag":"IGN"},"bbox":[-60.54842178,-31.92576257,-60.54842178,-31.92576257]},{"type":"Feature","id":"salud_020801.12981","geometry":{"type":"Point","coordinates":[-60.44603492,-32.05616687]},"geometry_name":"geom","properties":{"gid":12981,"entidad":0,"fna":"Centro de Salud Puiggari","gna":"Centro de Salud","nam":"Puiggari","fdc":"IGN/SISA","sag":"IGN"},"bbox":[-60.44603492,-32.05616687,-60.44603492,-32.05616687]},{"type":"Feature","id":"salud_020801.12982","geometry":{"type":"Point","coordinates":[-60.66939011,-31.95175159]},"geometry_name":"geom","properties":{"gid":12982,"entidad":0,"fna":"Centro de Salud Virgen del Rosario","gna":"Centro de Salud","nam":"Virgen del Rosario","fdc":"IGN/SISA","sag":"IGN"},"bbox":[-60.66939011,-31.95175159,-60.66939011,-31.95175159]},{"type":"Feature","id":"salud_020801.12983","geometry":{"type":"Point","coordinates":[-58.46718137,-30.59187156]},"geometry_name":"geom","properties":{"gid":12983,"entidad":0,"fna":"Centro de Salud Doctor Gregorio Pucheta","gna":"Centro de Salud","nam":"Doctor Gregorio Pucheta","fdc":"IGN/SISA","sag":"IGN"},"bbox":[-58.46718137,-30.59187156,-58.46718137,-30.59187156]},{"type":"Feature","id":"salud_020801.12984","geometry":{"type":"Point","coordinates":[-57.93202988,-30.89958147]},"geometry_name":"geom","properties":{"gid":12984,"entidad":0,"fna":"Centro de Salud Doctor Cecilio López","gna":"Centro de Salud","nam":"Doctor Cecilio López","fdc":"IGN/SISA","sag":"IGN"},"bbox":[-57.93202988,-30.89958147,-57.93202988,-30.89958147]},{"type":"Feature","id":"salud_020801.12985","geometry":{"type":"Point","coordinates":[-58.08274075,-30.75660056]},"geometry_name":"geom","properties":{"gid":12985,"entidad":0,"fna":"Centro de Salud San Pedro","gna":"Centro de Salud","nam":"San Pedro","fdc":"IGN/SISA","sag":"IGN"},"bbox":[-58.08274075,-30.75660056,-58.08274075,-30.75660056]},{"type":"Feature","id":"salud_020801.12986","geometry":{"type":"Point","coordinates":[-57.9253729,-30.99181199]},"geometry_name":"geom","properties":{"gid":12986,"entidad":0,"fna":"Centro de Salud Municipal","gna":"Centro de Salud Municipal","nam":null,"fdc":"IGN/SISA","sag":"IGN"},"bbox":[-57.9253729,-30.99181199,-57.9253729,-30.99181199]},{"type":"Feature","id":"salud_020801.12987","geometry":{"type":"Point","coordinates":[-59.04055005,-30.81813948]},"geometry_name":"geom","properties":{"gid":12987,"entidad":0,"fna":"Centro de Salud Loma Limpia","gna":"Centro de Salud","nam":"Loma Limpia","fdc":"IGN/SISA","sag":"IGN"},"bbox":[-59.04055005,-30.81813948,-59.04055005,-30.81813948]},{"type":"Feature","id":"salud_020801.12988","geometry":{"type":"Point","coordinates":[-58.75791606,-30.38977455]},"geometry_name":"geom","properties":{"gid":12988,"entidad":0,"fna":"Centro de Salud Santa Teresita","gna":"Centro de Salud","nam":"Santa Teresita","fdc":"IGN/SISA","sag":"IGN"},"bbox":[-58.75791606,-30.38977455,-58.75791606,-30.38977455]},{"type":"Feature","id":"salud_020801.12989","geometry":{"type":"Point","coordinates":[-59.31647656,-33.15378014]},"geometry_name":"geom","properties":{"gid":12989,"entidad":0,"fna":"Centro de Salud 17 de Octubre","gna":"Centro de Salud","nam":"17 de Octubre","fdc":"IGN/SISA","sag":"IGN"},"bbox":[-59.31647656,-33.15378014,-59.31647656,-33.15378014]},{"type":"Feature","id":"salud_020801.12990","geometry":{"type":"Point","coordinates":[-59.64454518,-33.06704257]},"geometry_name":"geom","properties":{"gid":12990,"entidad":0,"fna":"Centro de Salud Justo José de Urquiza","gna":"Centro de Salud","nam":"Justo José de Urquiza","fdc":"IGN/SISA","sag":"IGN"},"bbox":[-59.64454518,-33.06704257,-59.64454518,-33.06704257]},{"type":"Feature","id":"salud_020801.12991","geometry":{"type":"Point","coordinates":[-59.8137794,-32.16350081]},"geometry_name":"geom","properties":{"gid":12991,"entidad":0,"fna":"Centro Ruperto González","gna":"Centro","nam":"Ruperto González","fdc":"IGN/SISA","sag":"IGN"},"bbox":[-59.8137794,-32.16350081,-59.8137794,-32.16350081]},{"type":"Feature","id":"salud_020801.12992","geometry":{"type":"Point","coordinates":[-59.40085257,-32.72164707]},"geometry_name":"geom","properties":{"gid":12992,"entidad":0,"fna":"Sala de Primeros Auxilios Barrio Los Corchos","gna":"Sala de Primeros Auxilios","nam":"Barrio Los Corchos","fdc":"IGN/SISA","sag":"IGN"},"bbox":[-59.40085257,-32.72164707,-59.40085257,-32.72164707]},{"type":"Feature","id":"salud_020801.12993","geometry":{"type":"Point","coordinates":[-58.95599817,-32.92975981]},"geometry_name":"geom","properties":{"gid":12993,"entidad":0,"fna":"Centro de Salud Villa Eleonora","gna":"Centro de Salud","nam":"Villa Eleonora","fdc":"IGN/SISA","sag":"IGN"},"bbox":[-58.95599817,-32.92975981,-58.95599817,-32.92975981]},{"type":"Feature","id":"salud_020801.12994","geometry":{"type":"Point","coordinates":[-58.50661984,-33.01118608]},"geometry_name":"geom","properties":{"gid":12994,"entidad":0,"fna":"Centro de Salud Nº 4 San Francisco","gna":"Centro de Salud","nam":"Nº 4 San Francisco","fdc":"IGN/SISA","sag":"IGN"},"bbox":[-58.50661984,-33.01118608,-58.50661984,-33.01118608]},{"type":"Feature","id":"salud_020801.12995","geometry":{"type":"Point","coordinates":[-58.511241,-33.01623695]},"geometry_name":"geom","properties":{"gid":12995,"entidad":0,"fna":"Centro de Salud Nº 6 Munilla","gna":"Centro de Salud","nam":"Nº 6 Munilla","fdc":"IGN/SISA","sag":"IGN"},"bbox":[-58.511241,-33.01623695,-58.511241,-33.01623695]},{"type":"Feature","id":"salud_020801.12996","geometry":{"type":"Point","coordinates":[-58.55643958,-33.99994445]},"geometry_name":"geom","properties":{"gid":12996,"entidad":0,"fna":"Centro de Salud Arroyo Merlo","gna":"Centro de Salud","nam":"Arroyo Merlo","fdc":"IGN/SISA","sag":"IGN"},"bbox":[-58.55643958,-33.99994445,-58.55643958,-33.99994445]},{"type":"Feature","id":"salud_020801.12997","geometry":{"type":"Point","coordinates":[-59.15619885,-33.74241835]},"geometry_name":"geom","properties":{"gid":12997,"entidad":0,"fna":"Centro de Salud Rosa Mística","gna":"Centro de Salud","nam":"Rosa Mística","fdc":"IGN/SISA","sag":"IGN"},"bbox":[-59.15619885,-33.74241835,-59.15619885,-33.74241835]},{"type":"Feature","id":"salud_020801.12998","geometry":{"type":"Point","coordinates":[-59.95140856,-31.18424053]},"geometry_name":"geom","properties":{"gid":12998,"entidad":0,"fna":"Centro de Salud Teresa Schreiner","gna":"Centro de Salud","nam":"Teresa Schreiner","fdc":"IGN/SISA","sag":"IGN"},"bbox":[-59.95140856,-31.18424053,-59.95140856,-31.18424053]},{"type":"Feature","id":"salud_020801.12999","geometry":{"type":"Point","coordinates":[-59.40631975,-31.18474402]},"geometry_name":"geom","properties":{"gid":12999,"entidad":0,"fna":"Centro de Salud Faustino García","gna":"Centro de Salud","nam":"Faustino García","fdc":"IGN/SISA","sag":"IGN"},"bbox":[-59.40631975,-31.18474402,-59.40631975,-31.18474402]},{"type":"Feature","id":"salud_020801.13000","geometry":{"type":"Point","coordinates":[-59.66429652,-30.98322518]},"geometry_name":"geom","properties":{"gid":13000,"entidad":0,"fna":"Centro de Salud Doctor A. Albacetti","gna":"Centro de Salud","nam":"Doctor A. Albacetti","fdc":"IGN/SISA","sag":"IGN"},"bbox":[-59.66429652,-30.98322518,-59.66429652,-30.98322518]},{"type":"Feature","id":"salud_020801.13001","geometry":{"type":"Point","coordinates":[-59.58320542,-30.74477845]},"geometry_name":"geom","properties":{"gid":13001,"entidad":0,"fna":"Centro de Atención Primaria de la Salud Fátima","gna":"Centro de Atención Primaria de la Salud","nam":"Fátima","fdc":"IGN/SISA","sag":"IGN"},"bbox":[-59.58320542,-30.74477845,-59.58320542,-30.74477845]},{"type":"Feature","id":"salud_020801.13002","geometry":{"type":"Point","coordinates":[-59.64655393,-30.75087856]},"geometry_name":"geom","properties":{"gid":13002,"entidad":0,"fna":"Sala 25 de Mayo","gna":"Sala","nam":"25 de Mayo","fdc":"IGN/SISA","sag":"IGN"},"bbox":[-59.64655393,-30.75087856,-59.64655393,-30.75087856]},{"type":"Feature","id":"salud_020801.13003","geometry":{"type":"Point","coordinates":[-59.91730898,-32.47516902]},"geometry_name":"geom","properties":{"gid":13003,"entidad":0,"fna":"Centro de Salud Doctor Salvador Mazza","gna":"Centro de Salud","nam":"Doctor Salvador Mazza","fdc":"IGN/SISA","sag":"IGN"},"bbox":[-59.91730898,-32.47516902,-59.91730898,-32.47516902]},{"type":"Feature","id":"salud_020801.13004","geometry":{"type":"Point","coordinates":[-59.78194868,-32.39728886]},"geometry_name":"geom","properties":{"gid":13004,"entidad":0,"fna":"Centro de Salud Juan H. Ghiano","gna":"Centro de Salud","nam":"Juan H. Ghiano","fdc":"IGN/SISA","sag":"IGN"},"bbox":[-59.78194868,-32.39728886,-59.78194868,-32.39728886]},{"type":"Feature","id":"salud_020801.13005","geometry":{"type":"Point","coordinates":[-59.52751462,-32.04218514]},"geometry_name":"geom","properties":{"gid":13005,"entidad":0,"fna":"Centro de Salud Arturo Illia","gna":"Centro de Salud","nam":"Arturo Illia","fdc":"IGN/SISA","sag":"IGN"},"bbox":[-59.52751462,-32.04218514,-59.52751462,-32.04218514]},{"type":"Feature","id":"salud_020801.13006","geometry":{"type":"Point","coordinates":[-60.16004549,-32.24446992]},"geometry_name":"geom","properties":{"gid":13006,"entidad":0,"fna":"Centro de Salud Doctor Laurencena","gna":"Centro de Salud","nam":"Doctor Laurencena","fdc":"IGN/SISA","sag":"IGN"},"bbox":[-60.16004549,-32.24446992,-60.16004549,-32.24446992]},{"type":"Feature","id":"salud_020801.13007","geometry":{"type":"Point","coordinates":[-60.17045844,-32.08195897]},"geometry_name":"geom","properties":{"gid":13007,"entidad":0,"fna":"Centro de Salud Aldea San Miguel","gna":"Centro de Salud","nam":"Aldea San Miguel","fdc":"IGN/SISA","sag":"IGN"},"bbox":[-60.17045844,-32.08195897,-60.17045844,-32.08195897]},{"type":"Feature","id":"salud_020801.13008","geometry":{"type":"Point","coordinates":[-60.40736401,-31.88342803]},"geometry_name":"geom","properties":{"gid":13008,"entidad":0,"fna":"Centro de Salud Doctor Erlich","gna":"Centro de Salud","nam":"Doctor Erlich","fdc":"IGN/SISA","sag":"IGN"},"bbox":[-60.40736401,-31.88342803,-60.40736401,-31.88342803]},{"type":"Feature","id":"salud_020801.13009","geometry":{"type":"Point","coordinates":[-60.16832266,-31.65518001]},"geometry_name":"geom","properties":{"gid":13009,"entidad":0,"fna":"Centro de Salud El Palenque","gna":"Centro de Salud","nam":"El Palenque","fdc":"IGN/SISA","sag":"IGN"},"bbox":[-60.16832266,-31.65518001,-60.16832266,-31.65518001]},{"type":"Feature","id":"salud_020801.13010","geometry":{"type":"Point","coordinates":[-58.14417435,-32.23628645]},"geometry_name":"geom","properties":{"gid":13010,"entidad":0,"fna":"Centro de Salud San Francisco","gna":"Centro de Salud","nam":"San Francisco","fdc":"IGN/SISA","sag":"IGN"},"bbox":[-58.14417435,-32.23628645,-58.14417435,-32.23628645]},{"type":"Feature","id":"salud_020801.13011","geometry":{"type":"Point","coordinates":[-60.62418203,-33.39996706]},"geometry_name":"geom","properties":{"gid":13011,"entidad":0,"fna":"Centro de Salud Cepeda","gna":"Centro de Salud","nam":"Cepeda","fdc":"IGN/SISA","sag":"IGN"},"bbox":[-60.62418203,-33.39996706,-60.62418203,-33.39996706]},{"type":"Feature","id":"salud_020801.13012","geometry":{"type":"Point","coordinates":[-59.51597748,-28.49962428]},"geometry_name":"geom","properties":{"gid":13012,"entidad":0,"fna":"Centro de Salud La Reserva","gna":"Centro de Salud","nam":"La Reserva","fdc":"IGN/SISA","sag":"IGN"},"bbox":[-59.51597748,-28.49962428,-59.51597748,-28.49962428]},{"type":"Feature","id":"salud_020801.13013","geometry":{"type":"Point","coordinates":[-61.77641424,-29.22643277]},"geometry_name":"geom","properties":{"gid":13013,"entidad":0,"fna":"Centro de Salud General Güemes","gna":"Centro de Salud","nam":"General Güemes","fdc":"IGN/SISA","sag":"IGN"},"bbox":[-61.77641424,-29.22643277,-61.77641424,-29.22643277]},{"type":"Feature","id":"salud_020801.13014","geometry":{"type":"Point","coordinates":[-61.8666687,-29.66674707]},"geometry_name":"geom","properties":{"gid":13014,"entidad":0,"fna":"Centro de Salud Montefiore","gna":"Centro de Salud","nam":"Montefiore","fdc":"IGN/SISA","sag":"IGN"},"bbox":[-61.8666687,-29.66674707,-61.8666687,-29.66674707]},{"type":"Feature","id":"salud_020801.13015","geometry":{"type":"Point","coordinates":[-61.16263527,-33.05416766]},"geometry_name":"geom","properties":{"gid":13015,"entidad":0,"fna":"Centro de Salud Barrio Barracas","gna":"Centro de Salud","nam":"Barrio Barracas","fdc":"IGN/SISA","sag":"IGN"},"bbox":[-61.16263527,-33.05416766,-61.16263527,-33.05416766]},{"type":"Feature","id":"salud_020801.13016","geometry":{"type":"Point","coordinates":[-61.8488772,-30.85406493]},"geometry_name":"geom","properties":{"gid":13016,"entidad":0,"fna":"Centro de Salud Colonia Bicha","gna":"Centro de Salud","nam":"Colonia Bicha","fdc":"IGN/SISA","sag":"IGN"},"bbox":[-61.8488772,-30.85406493,-61.8488772,-30.85406493]},{"type":"Feature","id":"salud_020801.13017","geometry":{"type":"Point","coordinates":[-61.91782507,-31.17480962]},"geometry_name":"geom","properties":{"gid":13017,"entidad":0,"fna":"Centro de Salud Doctor José Costa","gna":"Centro de Salud","nam":"Doctor José Costa","fdc":"IGN/SISA","sag":"IGN"},"bbox":[-61.91782507,-31.17480962,-61.91782507,-31.17480962]},{"type":"Feature","id":"salud_020801.13018","geometry":{"type":"Point","coordinates":[-62.05293696,-31.45510485]},"geometry_name":"geom","properties":{"gid":13018,"entidad":0,"fna":"Centro de Salud Frontera","gna":"Centro de Salud","nam":"Frontera","fdc":"IGN/SISA","sag":"IGN"},"bbox":[-62.05293696,-31.45510485,-62.05293696,-31.45510485]},{"type":"Feature","id":"salud_020801.13019","geometry":{"type":"Point","coordinates":[-61.70421624,-31.45410853]},"geometry_name":"geom","properties":{"gid":13019,"entidad":0,"fna":"Centro de Salud Plaza Clucellas","gna":"Centro de Salud","nam":"Plaza Clucellas","fdc":"IGN/SISA","sag":"IGN"},"bbox":[-61.70421624,-31.45410853,-61.70421624,-31.45410853]},{"type":"Feature","id":"salud_020801.13020","geometry":{"type":"Point","coordinates":[-61.48307744,-31.23910798]},"geometry_name":"geom","properties":{"gid":13020,"entidad":0,"fna":"Centro de Salud Nº 2 Materno Infantil","gna":"Centro de Salud","nam":"Nº 2 Materno Infantil","fdc":"IGN/SISA","sag":"IGN"},"bbox":[-61.48307744,-31.23910798,-61.48307744,-31.23910798]},{"type":"Feature","id":"salud_020801.13021","geometry":{"type":"Point","coordinates":[-61.46925207,-31.25053355]},"geometry_name":"geom","properties":{"gid":13021,"entidad":0,"fna":"Centro de Salud Nº 3 Santa Rosa de Lima","gna":"Centro de Salud","nam":"Nº 3 Santa Rosa de Lima","fdc":"IGN/SISA","sag":"IGN"},"bbox":[-61.46925207,-31.25053355,-61.46925207,-31.25053355]},{"type":"Feature","id":"salud_020801.13022","geometry":{"type":"Point","coordinates":[-60.37903855,-33.26138419]},"geometry_name":"geom","properties":{"gid":13022,"entidad":0,"fna":"Centro de Salud Empalme Villa Constitución","gna":"Centro de Salud","nam":"Empalme Villa Constitución","fdc":"IGN/SISA","sag":"IGN"},"bbox":[-60.37903855,-33.26138419,-60.37903855,-33.26138419]},{"type":"Feature","id":"salud_020801.13023","geometry":{"type":"Point","coordinates":[-60.59824109,-33.6009018]},"geometry_name":"geom","properties":{"gid":13023,"entidad":0,"fna":"Centro de Salud General Gelly","gna":"Centro de Salud","nam":"General Gelly","fdc":"IGN/SISA","sag":"IGN"},"bbox":[-60.59824109,-33.6009018,-60.59824109,-33.6009018]},{"type":"Feature","id":"salud_020801.13024","geometry":{"type":"Point","coordinates":[-60.65922936,-33.35822003]},"geometry_name":"geom","properties":{"gid":13024,"entidad":0,"fna":"Centro de Salud La Vanguardia","gna":"Centro de Salud","nam":"La Vanguardia","fdc":"IGN/SISA","sag":"IGN"},"bbox":[-60.65922936,-33.35822003,-60.65922936,-33.35822003]},{"type":"Feature","id":"salud_020801.13025","geometry":{"type":"Point","coordinates":[-60.82299011,-33.30958014]},"geometry_name":"geom","properties":{"gid":13025,"entidad":0,"fna":"Centro de Salud Pavón Arriba","gna":"Centro de Salud","nam":"Pavón Arriba","fdc":"IGN/SISA","sag":"IGN"},"bbox":[-60.82299011,-33.30958014,-60.82299011,-33.30958014]},{"type":"Feature","id":"salud_020801.13026","geometry":{"type":"Point","coordinates":[-60.38807081,-33.25229776]},"geometry_name":"geom","properties":{"gid":13026,"entidad":0,"fna":"Centro de Salud Barrio Mitre","gna":"Centro de Salud","nam":"Barrio Mitre","fdc":"IGN/SISA","sag":"IGN"},"bbox":[-60.38807081,-33.25229776,-60.38807081,-33.25229776]},{"type":"Feature","id":"salud_020801.13027","geometry":{"type":"Point","coordinates":[-60.30596904,-33.25948916]},"geometry_name":"geom","properties":{"gid":13027,"entidad":0,"fna":"Centro de Salud Luzuriaga","gna":"Centro de Salud","nam":"Luzuriaga","fdc":"IGN/SISA","sag":"IGN"},"bbox":[-60.30596904,-33.25948916,-60.30596904,-33.25948916]},{"type":"Feature","id":"salud_020801.13028","geometry":{"type":"Point","coordinates":[-60.13799706,-31.15453932]},"geometry_name":"geom","properties":{"gid":13028,"entidad":0,"fna":"Centro de Salud Campo del Medio","gna":"Centro de Salud","nam":"Campo del Medio","fdc":"IGN/SISA","sag":"IGN"},"bbox":[-60.13799706,-31.15453932,-60.13799706,-31.15453932]},{"type":"Feature","id":"salud_020801.13029","geometry":{"type":"Point","coordinates":[-60.09496574,-31.10462643]},"geometry_name":"geom","properties":{"gid":13029,"entidad":0,"fna":"Centro de Salud Santa Teresita","gna":"Centro de Salud","nam":"Santa Teresita","fdc":"IGN/SISA","sag":"IGN"},"bbox":[-60.09496574,-31.10462643,-60.09496574,-31.10462643]},{"type":"Feature","id":"salud_020801.13030","geometry":{"type":"Point","coordinates":[-60.08470951,-31.09653793]},"geometry_name":"geom","properties":{"gid":13030,"entidad":0,"fna":"Centro de Salud Barrio Malabrigo","gna":"Centro de Salud","nam":"Barrio Malabrigo","fdc":"IGN/SISA","sag":"IGN"},"bbox":[-60.08470951,-31.09653793,-60.08470951,-31.09653793]},{"type":"Feature","id":"salud_020801.13031","geometry":{"type":"Point","coordinates":[-60.09122873,-31.05701797]},"geometry_name":"geom","properties":{"gid":13031,"entidad":0,"fna":"Centro de Salud Colonia Norte","gna":"Centro de Salud","nam":"Colonia Norte","fdc":"IGN/SISA","sag":"IGN"},"bbox":[-60.09122873,-31.05701797,-60.09122873,-31.05701797]},{"type":"Feature","id":"salud_020801.13032","geometry":{"type":"Point","coordinates":[-61.98520142,-33.74847407]},"geometry_name":"geom","properties":{"gid":13032,"entidad":0,"fna":"Centro de Salud Barrio Rivadavia","gna":"Centro de Salud","nam":"Barrio Rivadavia","fdc":"IGN/SISA","sag":"IGN"},"bbox":[-61.98520142,-33.74847407,-61.98520142,-33.74847407]},{"type":"Feature","id":"salud_020801.13033","geometry":{"type":"Point","coordinates":[-61.95004116,-33.76113955]},"geometry_name":"geom","properties":{"gid":13033,"entidad":0,"fna":"Centro de Salud Iturbide","gna":"Centro de Salud","nam":"Iturbide","fdc":"IGN/SISA","sag":"IGN"},"bbox":[-61.95004116,-33.76113955,-61.95004116,-33.76113955]},{"type":"Feature","id":"salud_020801.13034","geometry":{"type":"Point","coordinates":[-61.98570071,-33.74394165]},"geometry_name":"geom","properties":{"gid":13034,"entidad":0,"fna":"Centro de Salud Juan XXIII","gna":"Centro de Salud","nam":"Juan XXIII","fdc":"IGN/SISA","sag":"IGN"},"bbox":[-61.98570071,-33.74394165,-61.98570071,-33.74394165]},{"type":"Feature","id":"salud_020801.13035","geometry":{"type":"Point","coordinates":[-61.98338143,-33.71252135]},"geometry_name":"geom","properties":{"gid":13035,"entidad":0,"fna":"Centro de Salud Nº 3 Barrio Santa Rosa","gna":"Centro de Salud","nam":"Nº 3 Barrio Santa Rosa","fdc":"IGN/SISA","sag":"IGN"},"bbox":[-61.98338143,-33.71252135,-61.98338143,-33.71252135]},{"type":"Feature","id":"salud_020801.13036","geometry":{"type":"Point","coordinates":[-62.25124471,-33.72707033]},"geometry_name":"geom","properties":{"gid":13036,"entidad":0,"fna":"Centro de Salud Maggiolo","gna":"Centro de Salud","nam":"Maggiolo","fdc":"IGN/SISA","sag":"IGN"},"bbox":[-62.25124471,-33.72707033,-62.25124471,-33.72707033]},{"type":"Feature","id":"salud_020801.13037","geometry":{"type":"Point","coordinates":[-59.73834736,-29.36904366]},"geometry_name":"geom","properties":{"gid":13037,"entidad":0,"fna":"Centro de Salud Los Laureles","gna":"Centro de Salud","nam":"Los Laureles","fdc":"IGN/SISA","sag":"IGN"},"bbox":[-59.73834736,-29.36904366,-59.73834736,-29.36904366]},{"type":"Feature","id":"salud_020801.13038","geometry":{"type":"Point","coordinates":[-59.26356472,-28.22731677]},"geometry_name":"geom","properties":{"gid":13038,"entidad":0,"fna":"Centro de Salud El Rabón","gna":"Centro de Salud","nam":"El Rabón","fdc":"IGN/SISA","sag":"IGN"},"bbox":[-59.26356472,-28.22731677,-59.26356472,-28.22731677]},{"type":"Feature","id":"salud_020801.13039","geometry":{"type":"Point","coordinates":[-59.46970312,-28.85398537]},"geometry_name":"geom","properties":{"gid":13039,"entidad":0,"fna":"Centro de Salud Isla Guaycurú","gna":"Centro de Salud","nam":"Isla Guaycurú","fdc":"IGN/SISA","sag":"IGN"},"bbox":[-59.46970312,-28.85398537,-59.46970312,-28.85398537]},{"type":"Feature","id":"salud_020801.13040","geometry":{"type":"Point","coordinates":[-59.67619532,-29.15240349]},"geometry_name":"geom","properties":{"gid":13040,"entidad":0,"fna":"Centro de Salud Barrio Itatí","gna":"Centro de Salud","nam":"Barrio Itatí","fdc":"IGN/SISA","sag":"IGN"},"bbox":[-59.67619532,-29.15240349,-59.67619532,-29.15240349]},{"type":"Feature","id":"salud_020801.13041","geometry":{"type":"Point","coordinates":[-59.66733287,-29.18038588]},"geometry_name":"geom","properties":{"gid":13041,"entidad":0,"fna":"Centro de Salud Barrio La Loma","gna":"Centro de Salud","nam":"Barrio La Loma","fdc":"IGN/SISA","sag":"IGN"},"bbox":[-59.66733287,-29.18038588,-59.66733287,-29.18038588]},{"type":"Feature","id":"salud_020801.13042","geometry":{"type":"Point","coordinates":[-59.64863723,-29.13658282]},"geometry_name":"geom","properties":{"gid":13042,"entidad":0,"fna":"Centro de Salud Barrio Norte","gna":"Centro de Salud","nam":"Barrio Norte","fdc":"IGN/SISA","sag":"IGN"},"bbox":[-59.64863723,-29.13658282,-59.64863723,-29.13658282]},{"type":"Feature","id":"salud_020801.13043","geometry":{"type":"Point","coordinates":[-59.35151286,-28.49577407]},"geometry_name":"geom","properties":{"gid":13043,"entidad":0,"fna":"Centro de Salud Barrio Sur","gna":"Centro de Salud","nam":"Barrio Sur","fdc":"IGN/SISA","sag":"IGN"},"bbox":[-59.35151286,-28.49577407,-59.35151286,-28.49577407]},{"type":"Feature","id":"salud_020801.13044","geometry":{"type":"Point","coordinates":[-59.68760046,-29.01700724]},"geometry_name":"geom","properties":{"gid":13044,"entidad":0,"fna":"Centro de Salud Moussy","gna":"Centro de Salud","nam":"Moussy","fdc":"IGN/SISA","sag":"IGN"},"bbox":[-59.68760046,-29.01700724,-59.68760046,-29.01700724]},{"type":"Feature","id":"salud_020801.13045","geometry":{"type":"Point","coordinates":[-59.66217497,-29.10866248]},"geometry_name":"geom","properties":{"gid":13045,"entidad":0,"fna":"Centro de Salud Ceferino Vicentín","gna":"Centro de Salud","nam":"Ceferino Vicentín","fdc":"IGN/SISA","sag":"IGN"},"bbox":[-59.66217497,-29.10866248,-59.66217497,-29.10866248]},{"type":"Feature","id":"salud_020801.13046","geometry":{"type":"Point","coordinates":[-59.84606513,-29.27327761]},"geometry_name":"geom","properties":{"gid":13046,"entidad":0,"fna":"Centro de Salud Berna","gna":"Centro de Salud","nam":"Berna","fdc":"IGN/SISA","sag":"IGN"},"bbox":[-59.84606513,-29.27327761,-59.84606513,-29.27327761]},{"type":"Feature","id":"salud_020801.13047","geometry":{"type":"Point","coordinates":[-61.38063858,-32.81971304]},"geometry_name":"geom","properties":{"gid":13047,"entidad":0,"fna":"Centro de Salud Fonavi Barrio Estanislao López","gna":"Centro de Salud","nam":"Fonavi Barrio Estanislao López","fdc":"IGN/SISA","sag":"IGN"},"bbox":[-61.38063858,-32.81971304,-61.38063858,-32.81971304]},{"type":"Feature","id":"salud_020801.13048","geometry":{"type":"Point","coordinates":[-60.83607655,-32.64348351]},"geometry_name":"geom","properties":{"gid":13048,"entidad":0,"fna":"Centro de Salud La Rivera","gna":"Centro de Salud","nam":"La Rivera","fdc":"IGN/SISA","sag":"IGN"},"bbox":[-60.83607655,-32.64348351,-60.83607655,-32.64348351]},{"type":"Feature","id":"salud_020801.13049","geometry":{"type":"Point","coordinates":[-60.66759216,-31.42992872]},"geometry_name":"geom","properties":{"gid":13049,"entidad":0,"fna":"Centro de Salud Arroyo Aguilar","gna":"Centro de Salud","nam":"Arroyo Aguilar","fdc":"IGN/SISA","sag":"IGN"},"bbox":[-60.66759216,-31.42992872,-60.66759216,-31.42992872]},{"type":"Feature","id":"salud_020801.13050","geometry":{"type":"Point","coordinates":[-60.74820977,-31.18598008]},"geometry_name":"geom","properties":{"gid":13050,"entidad":0,"fna":"Centro de Salud Llambi Campbell","gna":"Centro de Salud","nam":"Llambi Campbell","fdc":"IGN/SISA","sag":"IGN"},"bbox":[-60.74820977,-31.18598008,-60.74820977,-31.18598008]},{"type":"Feature","id":"salud_020801.13051","geometry":{"type":"Point","coordinates":[-60.67170558,-31.30164907]},"geometry_name":"geom","properties":{"gid":13051,"entidad":0,"fna":"Centro de Salud Doctora Griselda Meratti","gna":"Centro de Salud","nam":"Doctora Griselda Meratti","fdc":"IGN/SISA","sag":"IGN"},"bbox":[-60.67170558,-31.30164907,-60.67170558,-31.30164907]},{"type":"Feature","id":"salud_020801.13052","geometry":{"type":"Point","coordinates":[-60.65730008,-31.28429374]},"geometry_name":"geom","properties":{"gid":13052,"entidad":0,"fna":"Centro de Salud Presbítero Germán Yossen","gna":"Centro de Salud","nam":"Presbítero Germán Yossen","fdc":"IGN/SISA","sag":"IGN"},"bbox":[-60.65730008,-31.28429374,-60.65730008,-31.28429374]},{"type":"Feature","id":"salud_020801.13053","geometry":{"type":"Point","coordinates":[-60.70941191,-31.59997383]},"geometry_name":"geom","properties":{"gid":13053,"entidad":0,"fna":"Centro de Salud Barrio San José","gna":"Centro de Salud","nam":"Barrio San José","fdc":"IGN/SISA/Sitio web de la Municipalidad","sag":"IGN"},"bbox":[-60.70941191,-31.59997383,-60.70941191,-31.59997383]},{"type":"Feature","id":"salud_020801.13054","geometry":{"type":"Point","coordinates":[-60.72267434,-31.63173688]},"geometry_name":"geom","properties":{"gid":13054,"entidad":0,"fna":"Centro de Salud Cristo Obrero","gna":"Centro de Salud","nam":"Cristo Obrero","fdc":"IGN/SISA","sag":"IGN"},"bbox":[-60.72267434,-31.63173688,-60.72267434,-31.63173688]},{"type":"Feature","id":"salud_020801.13055","geometry":{"type":"Point","coordinates":[-60.70072453,-31.66504389]},"geometry_name":"geom","properties":{"gid":13055,"entidad":0,"fna":"Centro de Salud Demetrio Gómez","gna":"Centro de Salud","nam":"Demetrio Gómez","fdc":"IGN/SISA","sag":"IGN"},"bbox":[-60.70072453,-31.66504389,-60.70072453,-31.66504389]},{"type":"Feature","id":"salud_020801.13056","geometry":{"type":"Point","coordinates":[-60.67571502,-31.60297043]},"geometry_name":"geom","properties":{"gid":13056,"entidad":0,"fna":"Centro de Salud Guadalupe Central","gna":"Centro de Salud","nam":"Guadalupe Central","fdc":"IGN/SISA","sag":"IGN"},"bbox":[-60.67571502,-31.60297043,-60.67571502,-31.60297043]},{"type":"Feature","id":"salud_020801.13057","geometry":{"type":"Point","coordinates":[-60.71710458,-31.59684767]},"geometry_name":"geom","properties":{"gid":13057,"entidad":0,"fna":"Centro de Salud Nº 8 Barrio San Martín","gna":"Centro de Salud","nam":"Nº 8 Barrio San Martín","fdc":"IGN/SISA","sag":"IGN"},"bbox":[-60.71710458,-31.59684767,-60.71710458,-31.59684767]},{"type":"Feature","id":"salud_020801.13058","geometry":{"type":"Point","coordinates":[-60.71210236,-31.60733301]},"geometry_name":"geom","properties":{"gid":13058,"entidad":0,"fna":"Centro de Salud Padre Cobos","gna":"Centro de Salud","nam":"Padre Cobos","fdc":"IGN/SISA/Sitio web de la Municipalidad","sag":"IGN"},"bbox":[-60.71210236,-31.60733301,-60.71210236,-31.60733301]},{"type":"Feature","id":"salud_020801.13059","geometry":{"type":"Point","coordinates":[-60.7097192,-31.6289528]},"geometry_name":"geom","properties":{"gid":13059,"entidad":0,"fna":"Centro de Salud Quilmes","gna":"Centro de Salud","nam":"Quilmes","fdc":"IGN/SISA","sag":"IGN"},"bbox":[-60.7097192,-31.6289528,-60.7097192,-31.6289528]},{"type":"Feature","id":"salud_020801.13060","geometry":{"type":"Point","coordinates":[-60.72948434,-31.5874337]},"geometry_name":"geom","properties":{"gid":13060,"entidad":0,"fna":"Centro de Salud Sarmiento Juventud Unidad del Norte","gna":"Centro de Salud","nam":"Sarmiento Juventud Unidad del Norte","fdc":"IGN/SISA","sag":"IGN"},"bbox":[-60.72948434,-31.5874337,-60.72948434,-31.5874337]},{"type":"Feature","id":"salud_020801.13061","geometry":{"type":"Point","coordinates":[-60.6791171,-31.51856065]},"geometry_name":"geom","properties":{"gid":13061,"entidad":0,"fna":"Centro de Salud Monte Vera","gna":"Centro de Salud","nam":"Monte Vera","fdc":"IGN/SISA","sag":"IGN"},"bbox":[-60.6791171,-31.51856065,-60.6791171,-31.51856065]},{"type":"Feature","id":"salud_020801.13062","geometry":{"type":"Point","coordinates":[-60.7605877,-31.69746201]},"geometry_name":"geom","properties":{"gid":13062,"entidad":0,"fna":"Centro de Salud Hipólito Yrigoyen","gna":"Centro de Salud","nam":"Hipólito Yrigoyen","fdc":"IGN/SISA","sag":"IGN"},"bbox":[-60.7605877,-31.69746201,-60.7605877,-31.69746201]},{"type":"Feature","id":"salud_020801.13063","geometry":{"type":"Point","coordinates":[-60.77637156,-31.66506407]},"geometry_name":"geom","properties":{"gid":13063,"entidad":0,"fna":"Centro de Salud Juan Domingo Perón","gna":"Centro de Salud","nam":"Juan Domingo Perón","fdc":"IGN/SISA","sag":"IGN"},"bbox":[-60.77637156,-31.66506407,-60.77637156,-31.66506407]},{"type":"Feature","id":"salud_020801.13064","geometry":{"type":"Point","coordinates":[-60.65357604,-31.30243663]},"geometry_name":"geom","properties":{"gid":13064,"entidad":0,"fna":"Centro de Salud Villa Obrera","gna":"Centro de Salud","nam":"Villa Obrera","fdc":"IGN/SISA","sag":"IGN"},"bbox":[-60.65357604,-31.30243663,-60.65357604,-31.30243663]},{"type":"Feature","id":"salud_020801.13065","geometry":{"type":"Point","coordinates":[-60.72446051,-31.49752335]},"geometry_name":"geom","properties":{"gid":13065,"entidad":0,"fna":"Centro de Salud Intercultural Natarentaca Com Nalequetegueta","gna":"Centro de Salud","nam":"Intercultural Natarentaca Com Nalequetegueta","fdc":"IGN/SISA","sag":"IGN"},"bbox":[-60.72446051,-31.49752335,-60.72446051,-31.49752335]},{"type":"Feature","id":"salud_020801.13066","geometry":{"type":"Point","coordinates":[-61.10241856,-31.21848795]},"geometry_name":"geom","properties":{"gid":13066,"entidad":0,"fna":"Centro de Salud Grutly Norte","gna":"Centro de Salud","nam":"Grutly Norte","fdc":"IGN/SISA","sag":"IGN"},"bbox":[-61.10241856,-31.21848795,-61.10241856,-31.21848795]},{"type":"Feature","id":"salud_020801.13067","geometry":{"type":"Point","coordinates":[-60.94184039,-31.68253151]},"geometry_name":"geom","properties":{"gid":13067,"entidad":0,"fna":"Centro de Salud San Agustín","gna":"Centro de Salud","nam":"San Agustín","fdc":"IGN/SISA","sag":"IGN"},"bbox":[-60.94184039,-31.68253151,-60.94184039,-31.68253151]},{"type":"Feature","id":"salud_020801.13068","geometry":{"type":"Point","coordinates":[-61.05016503,-30.69464471]},"geometry_name":"geom","properties":{"gid":13068,"entidad":0,"fna":"Centro de Salud Doctor Orlando Alassia","gna":"Centro de Salud","nam":"Doctor Orlando Alassia","fdc":"IGN/SISA","sag":"IGN"},"bbox":[-61.05016503,-30.69464471,-61.05016503,-30.69464471]},{"type":"Feature","id":"salud_020801.13069","geometry":{"type":"Point","coordinates":[-60.93567022,-31.45997705]},"geometry_name":"geom","properties":{"gid":13069,"entidad":0,"fna":"Centro de Salud Ceferino Namuncurá","gna":"Centro de Salud","nam":"Ceferino Namuncurá","fdc":"IGN/SISA","sag":"IGN"},"bbox":[-60.93567022,-31.45997705,-60.93567022,-31.45997705]},{"type":"Feature","id":"salud_020801.13070","geometry":{"type":"Point","coordinates":[-60.92042297,-31.41737235]},"geometry_name":"geom","properties":{"gid":13070,"entidad":0,"fna":"Centro de Salud Doctor Esteban Maradona","gna":"Centro de Salud","nam":"Doctor Esteban Maradona","fdc":"IGN/SISA","sag":"IGN"},"bbox":[-60.92042297,-31.41737235,-60.92042297,-31.41737235]},{"type":"Feature","id":"salud_020801.13071","geometry":{"type":"Point","coordinates":[-60.91002064,-31.01120913]},"geometry_name":"geom","properties":{"gid":13071,"entidad":0,"fna":"Centro de Salud María Luisa","gna":"Centro de Salud","nam":"María Luisa","fdc":"IGN/SISA","sag":"IGN"},"bbox":[-60.91002064,-31.01120913,-60.91002064,-31.01120913]},{"type":"Feature","id":"salud_020801.13072","geometry":{"type":"Point","coordinates":[-61.02108524,-30.98400608]},"geometry_name":"geom","properties":{"gid":13072,"entidad":0,"fna":"Centro de Salud Providencia","gna":"Centro de Salud","nam":"Providencia","fdc":"IGN/SISA","sag":"IGN"},"bbox":[-61.02108524,-30.98400608,-61.02108524,-30.98400608]},{"type":"Feature","id":"salud_020801.13073","geometry":{"type":"Point","coordinates":[-61.37656492,-31.57130046]},"geometry_name":"geom","properties":{"gid":13073,"entidad":0,"fna":"Centro de Salud Sa Pereyra","gna":"Centro de Salud","nam":"Sa Pereyra","fdc":"IGN/SISA","sag":"IGN"},"bbox":[-61.37656492,-31.57130046,-61.37656492,-31.57130046]},{"type":"Feature","id":"salud_020801.13074","geometry":{"type":"Point","coordinates":[-60.56096253,-33.11121176]},"geometry_name":"geom","properties":{"gid":13074,"entidad":0,"fna":"Centro de Salud General Lagos","gna":"Centro de Salud","nam":"General Lagos","fdc":"IGN/SISA","sag":"IGN"},"bbox":[-60.56096253,-33.11121176,-60.56096253,-33.11121176]},{"type":"Feature","id":"salud_020801.13075","geometry":{"type":"Point","coordinates":[-60.57622144,-33.07259366]},"geometry_name":"geom","properties":{"gid":13075,"entidad":0,"fna":"Centro de Salud Pueblo Esther","gna":"Centro de Salud","nam":"Pueblo Esther","fdc":"IGN/SISA","sag":"IGN"},"bbox":[-60.57622144,-33.07259366,-60.57622144,-33.07259366]},{"type":"Feature","id":"salud_020801.13076","geometry":{"type":"Point","coordinates":[-60.72684236,-32.93863551]},"geometry_name":"geom","properties":{"gid":13076,"entidad":0,"fna":"Centro de Salud Nº 2 Fonavi Súper Cemento","gna":"Centro de Salud","nam":"Nº 2 Fonavi Súper Cemento","fdc":"IGN/OSM/SISA","sag":"IGN"},"bbox":[-60.72684236,-32.93863551,-60.72684236,-32.93863551]},{"type":"Feature","id":"salud_020801.13077","geometry":{"type":"Point","coordinates":[-60.66113564,-32.97975778]},"geometry_name":"geom","properties":{"gid":13077,"entidad":0,"fna":"Centro de Salud Nº 12 Doctor García Piatti","gna":"Centro de Salud","nam":"Nº 12 Doctor García Piatti","fdc":"IGN/SISA","sag":"IGN"},"bbox":[-60.66113564,-32.97975778,-60.66113564,-32.97975778]},{"type":"Feature","id":"salud_020801.13078","geometry":{"type":"Point","coordinates":[-60.68601997,-32.96465483]},"geometry_name":"geom","properties":{"gid":13078,"entidad":0,"fna":"Centro de Salud Nº 14 Avellaneda Oeste","gna":"Centro de Salud","nam":"Nº 14 Avellaneda Oeste","fdc":"IGN/SISA","sag":"IGN"},"bbox":[-60.68601997,-32.96465483,-60.68601997,-32.96465483]},{"type":"Feature","id":"salud_020801.13079","geometry":{"type":"Point","coordinates":[-60.71176765,-32.89710825]},"geometry_name":"geom","properties":{"gid":13079,"entidad":0,"fna":"Centro de Salud Nº 20 La Esperanza","gna":"Centro de Salud","nam":"Nº 20 La Esperanza","fdc":"IGN/OSM/SISA","sag":"IGN"},"bbox":[-60.71176765,-32.89710825,-60.71176765,-32.89710825]},{"type":"Feature","id":"salud_020801.13080","geometry":{"type":"Point","coordinates":[-60.66873828,-32.99340919]},"geometry_name":"geom","properties":{"gid":13080,"entidad":0,"fna":"Centro de Salud Nº 22 González Loza","gna":"Centro de Salud","nam":"Nº 22 González Loza","fdc":"IGN/SISA","sag":"IGN"},"bbox":[-60.66873828,-32.99340919,-60.66873828,-32.99340919]},{"type":"Feature","id":"salud_020801.13081","geometry":{"type":"Point","coordinates":[-60.66572537,-32.96672398]},"geometry_name":"geom","properties":{"gid":13081,"entidad":0,"fna":"Centro de Salud Nº 25 Fonavi","gna":"Centro de Salud","nam":"Nº 25 Fonavi","fdc":"IGN/OSM/SISA","sag":"IGN"},"bbox":[-60.66572537,-32.96672398,-60.66572537,-32.96672398]},{"type":"Feature","id":"salud_020801.13082","geometry":{"type":"Point","coordinates":[-60.66743295,-32.9823243]},"geometry_name":"geom","properties":{"gid":13082,"entidad":0,"fna":"Centro de Salud Itatí","gna":"Centro de Salud","nam":"Itatí","fdc":"IGN/SISA","sag":"IGN"},"bbox":[-60.66743295,-32.9823243,-60.66743295,-32.9823243]},{"type":"Feature","id":"salud_020801.13083","geometry":{"type":"Point","coordinates":[-60.6260646,-32.9723444]},"geometry_name":"geom","properties":{"gid":13083,"entidad":0,"fna":"Centro de Salud Nº 6 Eva Perón","gna":"Centro de Salud","nam":"Nº 6 Eva Perón","fdc":"IGN/SISA","sag":"IGN"},"bbox":[-60.6260646,-32.9723444,-60.6260646,-32.9723444]},{"type":"Feature","id":"salud_020801.13084","geometry":{"type":"Point","coordinates":[-60.50018548,-33.15990576]},"geometry_name":"geom","properties":{"gid":13084,"entidad":0,"fna":"Servicio para la Atención Médica de la Comunidad Nº 50","gna":"Servicio para la Atención Médica de la Comunidad","nam":"Nº 50","fdc":"IGN/SISA/Street View","sag":"IGN"},"bbox":[-60.50018548,-33.15990576,-60.50018548,-33.15990576]},{"type":"Feature","id":"salud_020801.13085","geometry":{"type":"Point","coordinates":[-60.7979162,-32.91389605]},"geometry_name":"geom","properties":{"gid":13085,"entidad":0,"fna":"Centro de Salud Doctor Abel E. Faust","gna":"Centro de Salud","nam":"Doctor Abel E. Faust","fdc":"IGN/OSM/SIISA","sag":"IGN"},"bbox":[-60.7979162,-32.91389605,-60.7979162,-32.91389605]},{"type":"Feature","id":"salud_020801.13086","geometry":{"type":"Point","coordinates":[-60.76861122,-32.99789448]},"geometry_name":"geom","properties":{"gid":13086,"entidad":0,"fna":"Centro de Salud Doctor Roque Pérez","gna":"Centro de Salud","nam":"Doctor Roque Pérez","fdc":"IGN/SISA","sag":"IGN"},"bbox":[-60.76861122,-32.99789448,-60.76861122,-32.99789448]},{"type":"Feature","id":"salud_020801.13087","geometry":{"type":"Point","coordinates":[-60.65140003,-32.94610348]},"geometry_name":"geom","properties":{"gid":13087,"entidad":0,"fna":"Centro de Especialidades Médicas Ambulatorias","gna":"Centro de Especialidades Médicas Ambulatorias","nam":null,"fdc":"IGN/OSM/SISA","sag":"IGN"},"bbox":[-60.65140003,-32.94610348,-60.65140003,-32.94610348]},{"type":"Feature","id":"salud_020801.13088","geometry":{"type":"Point","coordinates":[-60.73500573,-32.91718815]},"geometry_name":"geom","properties":{"gid":13088,"entidad":0,"fna":"Centro de Salud Emaús","gna":"Centro de Salud","nam":"Emaús","fdc":"IGN/SISA/IDE Rosario","sag":"IGN"},"bbox":[-60.73500573,-32.91718815,-60.73500573,-32.91718815]},{"type":"Feature","id":"salud_020801.13089","geometry":{"type":"Point","coordinates":[-60.70153476,-32.95284397]},"geometry_name":"geom","properties":{"gid":13089,"entidad":0,"fna":"Centro de Salud Eva Duarte","gna":"Centro de Salud","nam":"Eva Duarte","fdc":"IGN/SISA","sag":"IGN"},"bbox":[-60.70153476,-32.95284397,-60.70153476,-32.95284397]},{"type":"Feature","id":"salud_020801.13090","geometry":{"type":"Point","coordinates":[-60.65059453,-33.0170357]},"geometry_name":"geom","properties":{"gid":13090,"entidad":0,"fna":"Centro de Salud Julio Maiztegui","gna":"Centro de Salud","nam":"Julio Maiztegui","fdc":"IGN/SISA","sag":"IGN"},"bbox":[-60.65059453,-33.0170357,-60.65059453,-33.0170357]},{"type":"Feature","id":"salud_020801.13091","geometry":{"type":"Point","coordinates":[-60.66042281,-33.01864466]},"geometry_name":"geom","properties":{"gid":13091,"entidad":0,"fna":"Centro de Salud Las Flores","gna":"Centro de Salud","nam":"Las Flores","fdc":"IGN/SISA","sag":"IGN"},"bbox":[-60.66042281,-33.01864466,-60.66042281,-33.01864466]},{"type":"Feature","id":"salud_020801.13092","geometry":{"type":"Point","coordinates":[-60.69502109,-32.9707858]},"geometry_name":"geom","properties":{"gid":13092,"entidad":0,"fna":"Centro de Salud Mauricio Casals","gna":"Centro de Salud","nam":"Mauricio Casals","fdc":"IGN/SISA","sag":"IGN"},"bbox":[-60.69502109,-32.9707858,-60.69502109,-32.9707858]},{"type":"Feature","id":"salud_020801.13093","geometry":{"type":"Point","coordinates":[-60.71757953,-32.94628032]},"geometry_name":"geom","properties":{"gid":13093,"entidad":0,"fna":"Centro de Salud San Martín","gna":"Centro de Salud","nam":"San Martín","fdc":"IGN/OSM/SISA","sag":"IGN"},"bbox":[-60.71757953,-32.94628032,-60.71757953,-32.94628032]},{"type":"Feature","id":"salud_020801.13094","geometry":{"type":"Point","coordinates":[-60.71497037,-32.93528085]},"geometry_name":"geom","properties":{"gid":13094,"entidad":0,"fna":"Centro de Salud Vecinal Ángel Invaldi","gna":"Centro de Salud Vecinal","nam":"Ángel Invaldi","fdc":"IGN/SISA","sag":"IGN"},"bbox":[-60.71497037,-32.93528085,-60.71497037,-32.93528085]},{"type":"Feature","id":"salud_020801.13095","geometry":{"type":"Point","coordinates":[-60.62710525,-33.01675603]},"geometry_name":"geom","properties":{"gid":13095,"entidad":0,"fna":"Centro de Salud Niño Jesús","gna":"Centro de Salud","nam":"Niño Jesús","fdc":"IGN/SISA","sag":"IGN"},"bbox":[-60.62710525,-33.01675603,-60.62710525,-33.01675603]},{"type":"Feature","id":"salud_020801.13096","geometry":{"type":"Point","coordinates":[-60.63565522,-33.03411715]},"geometry_name":"geom","properties":{"gid":13096,"entidad":0,"fna":"Centro de Salud Posta Sanitaria El Triángulo","gna":"Centro de Salud","nam":"Posta Sanitaria El Triángulo","fdc":"IGN/SISA","sag":"IGN"},"bbox":[-60.63565522,-33.03411715,-60.63565522,-33.03411715]},{"type":"Feature","id":"salud_020801.13097","geometry":{"type":"Point","coordinates":[-60.67053963,-32.95270545]},"geometry_name":"geom","properties":{"gid":13097,"entidad":0,"fna":"Hospital de Emergencias Doctor Clemente Álvarez","gna":"Hospital de Emergencias","nam":"Doctor Clemente Álvarez","fdc":"IGN/OSM/SISA","sag":"IGN"},"bbox":[-60.67053963,-32.95270545,-60.67053963,-32.95270545]},{"type":"Feature","id":"salud_020801.13098","geometry":{"type":"Point","coordinates":[-60.76027028,-32.94048249]},"geometry_name":"geom","properties":{"gid":13098,"entidad":0,"fna":"Centro de Salud José Raúl Ugarte","gna":"Centro de Salud","nam":"José Raúl Ugarte","fdc":"IGN/OSM/SISA","sag":"IGN"},"bbox":[-60.76027028,-32.94048249,-60.76027028,-32.94048249]},{"type":"Feature","id":"salud_020801.13099","geometry":{"type":"Point","coordinates":[-61.24425237,-30.29995369]},"geometry_name":"geom","properties":{"gid":13099,"entidad":0,"fna":"Centro de Salud Barrio Pellegrini","gna":"Centro de Salud","nam":"Barrio Pellegrini","fdc":"IGN/SISA","sag":"IGN"},"bbox":[-61.24425237,-30.29995369,-61.24425237,-30.29995369]},{"type":"Feature","id":"salud_020801.13100","geometry":{"type":"Point","coordinates":[-61.22289141,-30.31367294]},"geometry_name":"geom","properties":{"gid":13100,"entidad":0,"fna":"Centro de Salud Barrio San José","gna":"Centro de Salud","nam":"Barrio San José","fdc":"IGN/SISA","sag":"IGN"},"bbox":[-61.22289141,-30.31367294,-61.22289141,-30.31367294]},{"type":"Feature","id":"salud_020801.13101","geometry":{"type":"Point","coordinates":[-61.18171108,-30.1865609]},"geometry_name":"geom","properties":{"gid":13101,"entidad":0,"fna":"Centro de Salud Santurce","gna":"Centro de Salud","nam":"Santurce","fdc":"IGN/SISA","sag":"IGN"},"bbox":[-61.18171108,-30.1865609,-61.18171108,-30.1865609]},{"type":"Feature","id":"salud_020801.13102","geometry":{"type":"Point","coordinates":[-59.93135168,-30.57094732]},"geometry_name":"geom","properties":{"gid":13102,"entidad":0,"fna":"Centro de Salud Barrio San Antonio","gna":"Centro de Salud","nam":"Barrio San Antonio","fdc":"IGN/SISA","sag":"IGN"},"bbox":[-59.93135168,-30.57094732,-59.93135168,-30.57094732]},{"type":"Feature","id":"salud_020801.13103","geometry":{"type":"Point","coordinates":[-59.93758099,-30.57241564]},"geometry_name":"geom","properties":{"gid":13103,"entidad":0,"fna":"Centro de Salud Santa Rosa","gna":"Centro de Salud","nam":"Santa Rosa","fdc":"IGN/SISA","sag":"IGN"},"bbox":[-59.93758099,-30.57241564,-59.93758099,-30.57241564]},{"type":"Feature","id":"salud_020801.13104","geometry":{"type":"Point","coordinates":[-61.12746212,-31.87531001]},"geometry_name":"geom","properties":{"gid":13104,"entidad":0,"fna":"Centro de Salud Gessler","gna":"Centro de Salud","nam":"Gessler","fdc":"IGN/SISA","sag":"IGN"},"bbox":[-61.12746212,-31.87531001,-61.12746212,-31.87531001]},{"type":"Feature","id":"salud_020801.13105","geometry":{"type":"Point","coordinates":[-61.3374886,-32.3640717]},"geometry_name":"geom","properties":{"gid":13105,"entidad":0,"fna":"Centro de Salud San Genaro Norte","gna":"Centro de Salud","nam":"San Genaro Norte","fdc":"IGN/SISA","sag":"IGN"},"bbox":[-61.3374886,-32.3640717,-61.3374886,-32.3640717]},{"type":"Feature","id":"salud_020801.13106","geometry":{"type":"Point","coordinates":[-61.10885596,-32.15743206]},"geometry_name":"geom","properties":{"gid":13106,"entidad":0,"fna":"Servicio para la Atención Médica de la Comunidad Irigoyen","gna":"Servicio para la Atención Médica de la Comunidad","nam":"Irigoyen","fdc":"IGN/SISA","sag":"IGN"},"bbox":[-61.10885596,-32.15743206,-61.10885596,-32.15743206]},{"type":"Feature","id":"salud_020801.13107","geometry":{"type":"Point","coordinates":[-60.90547335,-32.78500279]},"geometry_name":"geom","properties":{"gid":13107,"entidad":0,"fna":"Servicio para la Atención Médica de la Comunidad Luis Palacios","gna":"Servicio para la Atención Médica de la Comunidad","nam":"Luis Palacios","fdc":"IGN/SISA","sag":"IGN"},"bbox":[-60.90547335,-32.78500279,-60.90547335,-32.78500279]},{"type":"Feature","id":"salud_020801.13108","geometry":{"type":"Point","coordinates":[-61.05264461,-33.31245125]},"geometry_name":"geom","properties":{"gid":13108,"entidad":0,"fna":"Servicio para la Atención Médica de la Comunidad Villa Mugueta","gna":"Servicio para la Atención Médica de la Comunidad","nam":"Villa Mugueta","fdc":"IGN/SISA","sag":"IGN"},"bbox":[-61.05264461,-33.31245125,-61.05264461,-33.31245125]},{"type":"Feature","id":"salud_020801.13109","geometry":{"type":"Point","coordinates":[-60.96684666,-33.1053047]},"geometry_name":"geom","properties":{"gid":13109,"entidad":0,"fna":"Servicio para la Atención Médica de la Comunidad Coronel Arnold","gna":"Servicio para la Atención Médica de la Comunidad","nam":"Coronel Arnold","fdc":"IGN/SISA","sag":"IGN"},"bbox":[-60.96684666,-33.1053047,-60.96684666,-33.1053047]},{"type":"Feature","id":"salud_020801.13110","geometry":{"type":"Point","coordinates":[-60.72066197,-32.8086125]},"geometry_name":"geom","properties":{"gid":13110,"entidad":0,"fna":"Centro de Salud Luis Cristallini","gna":"Centro de Salud","nam":"Luis Cristallini","fdc":"IGN/SISA","sag":"IGN"},"bbox":[-60.72066197,-32.8086125,-60.72066197,-32.8086125]},{"type":"Feature","id":"salud_020801.13111","geometry":{"type":"Point","coordinates":[-60.72449664,-32.80233662]},"geometry_name":"geom","properties":{"gid":13111,"entidad":0,"fna":"Centro de Salud Rómulo Zavalla","gna":"Centro de Salud","nam":"Rómulo Zavalla","fdc":"IGN/SISA","sag":"IGN"},"bbox":[-60.72449664,-32.80233662,-60.72449664,-32.80233662]},{"type":"Feature","id":"salud_020801.13112","geometry":{"type":"Point","coordinates":[-61.15725633,-32.85001826]},"geometry_name":"geom","properties":{"gid":13112,"entidad":0,"fna":"Centro de Salud Barrio Los Pinos","gna":"Centro de Salud","nam":"Barrio Los Pinos","fdc":"IGN/SISA","sag":"IGN"},"bbox":[-61.15725633,-32.85001826,-61.15725633,-32.85001826]},{"type":"Feature","id":"salud_020801.13113","geometry":{"type":"Point","coordinates":[-60.74516416,-32.7070399]},"geometry_name":"geom","properties":{"gid":13113,"entidad":0,"fna":"Centro de Salud Barrio Fátima","gna":"Centro de Salud","nam":"Barrio Fátima","fdc":"IGN/SISA","sag":"IGN"},"bbox":[-60.74516416,-32.7070399,-60.74516416,-32.7070399]},{"type":"Feature","id":"salud_020801.13114","geometry":{"type":"Point","coordinates":[-61.40015459,-31.90887289]},"geometry_name":"geom","properties":{"gid":13114,"entidad":0,"fna":"Servicio para la Atención Médica de la Comunidad Colonia Belgrano","gna":"Servicio para la Atención Médica de la Comunidad","nam":"Colonia Belgrano","fdc":"IGN/SISA","sag":"IGN"},"bbox":[-61.40015459,-31.90887289,-61.40015459,-31.90887289]},{"type":"Feature","id":"salud_020801.13115","geometry":{"type":"Point","coordinates":[-62.03661241,-31.74042858]},"geometry_name":"geom","properties":{"gid":13115,"entidad":0,"fna":"Servicio para la Atención Médica de la Comunidad Crispi","gna":"Servicio para la Atención Médica de la Comunidad","nam":"Crispi","fdc":"IGN/SISA","sag":"IGN"},"bbox":[-62.03661241,-31.74042858,-62.03661241,-31.74042858]},{"type":"Feature","id":"salud_020801.13116","geometry":{"type":"Point","coordinates":[-62.06083285,-32.01421541]},"geometry_name":"geom","properties":{"gid":13116,"entidad":0,"fna":"Servicio para la Atención Médica de la Comunidad Landeta","gna":"Servicio para la Atención Médica de la Comunidad","nam":"Landeta","fdc":"IGN/SISA","sag":"IGN"},"bbox":[-62.06083285,-32.01421541,-62.06083285,-32.01421541]},{"type":"Feature","id":"salud_020801.13117","geometry":{"type":"Point","coordinates":[-60.30345805,-29.24569514]},"geometry_name":"geom","properties":{"gid":13117,"entidad":0,"fna":"Centro de Salud Santa Lucía","gna":"Centro de Salud","nam":"Santa Lucía","fdc":"IGN/SISA","sag":"IGN"},"bbox":[-60.30345805,-29.24569514,-60.30345805,-29.24569514]},{"type":"Feature","id":"salud_020801.13118","geometry":{"type":"Point","coordinates":[-60.87215467,-31.83312807]},"geometry_name":"geom","properties":{"gid":13118,"entidad":0,"fna":"Centro de Salud Barrio Caima","gna":"Centro de Salud","nam":"Barrio Caima","fdc":"IGN/SISA","sag":"IGN"},"bbox":[-60.87215467,-31.83312807,-60.87215467,-31.83312807]},{"type":"Feature","id":"salud_020801.13119","geometry":{"type":"Point","coordinates":[-61.22842189,-30.30137291]},"geometry_name":"geom","properties":{"gid":13119,"entidad":0,"fna":"Centro de Salud José Dho","gna":"Centro de Salud","nam":"José Dho","fdc":"IGN/SISA","sag":"IGN"},"bbox":[-61.22842189,-30.30137291,-61.22842189,-30.30137291]},{"type":"Feature","id":"salud_020801.13120","geometry":{"type":"Point","coordinates":[-59.92696758,-29.560757]},"geometry_name":"geom","properties":{"gid":13120,"entidad":0,"fna":"Centro de Salud Colonia Durán","gna":"Centro de Salud","nam":"Colonia Durán","fdc":"IGN/SISA","sag":"IGN"},"bbox":[-59.92696758,-29.560757,-59.92696758,-29.560757]},{"type":"Feature","id":"salud_020801.13121","geometry":{"type":"Point","coordinates":[-59.92621307,-29.54958787]},"geometry_name":"geom","properties":{"gid":13121,"entidad":0,"fna":"Centro de Salud San Roque","gna":"Centro de Salud","nam":"San Roque","fdc":"IGN/SISA","sag":"IGN"},"bbox":[-59.92621307,-29.54958787,-59.92621307,-29.54958787]},{"type":"Feature","id":"salud_020801.13122","geometry":{"type":"Point","coordinates":[-60.70625589,-33.26270257]},"geometry_name":"geom","properties":{"gid":13122,"entidad":0,"fna":"Centro de Salud Pueblo Uranga","gna":"Centro de Salud","nam":"Pueblo Uranga","fdc":"IGN/SISA","sag":"IGN"},"bbox":[-60.70625589,-33.26270257,-60.70625589,-33.26270257]},{"type":"Feature","id":"salud_020801.13194","geometry":{"type":"Point","coordinates":[-56.01793453,-27.35544129]},"geometry_name":"geom","properties":{"gid":13194,"entidad":0,"fna":"Centro de Atención Primaria de la Salud N° 30 Nemesio Parma","gna":"Centro de Atención Primaria de la Salud","nam":"N° 30 Nemesio Parma","fdc":"IGN/SISA/Sitio web de la Municipalidad","sag":"IGN"},"bbox":[-56.01793453,-27.35544129,-56.01793453,-27.35544129]},{"type":"Feature","id":"salud_020801.13197","geometry":{"type":"Point","coordinates":[-61.9990119,-23.19015391]},"geometry_name":"geom","properties":{"gid":13197,"entidad":0,"fna":"Centro de Salud El Silencio","gna":"Centro de Salud","nam":"El Silencio","fdc":"IGN/SISA","sag":"IGN"},"bbox":[-61.9990119,-23.19015391,-61.9990119,-23.19015391]},{"type":"Feature","id":"salud_020801.13198","geometry":{"type":"Point","coordinates":[-61.95004324,-24.1131573]},"geometry_name":"geom","properties":{"gid":13198,"entidad":0,"fna":"Centro de Salud Pozo de los Patos","gna":"Centro de Salud","nam":"Pozo de los Patos","fdc":"IGN/SISA","sag":"IGN"},"bbox":[-61.95004324,-24.1131573,-61.95004324,-24.1131573]},{"type":"Feature","id":"salud_020801.13206","geometry":{"type":"Point","coordinates":[-61.23717987,-31.34665419]},"geometry_name":"geom","properties":{"gid":13206,"entidad":0,"fna":"Centro de Salud Nuevo Torino","gna":"Centro de Salud","nam":"Nuevo Torino","fdc":"IGN/SISA","sag":"IGN"},"bbox":[-61.23717987,-31.34665419,-61.23717987,-31.34665419]},{"type":"Feature","id":"salud_020801.13207","geometry":{"type":"Point","coordinates":[-60.46939738,-30.5812164]},"geometry_name":"geom","properties":{"gid":13207,"entidad":0,"fna":"Centro de Salud Marcelino Escalada","gna":"Centro de Salud","nam":"Marcelino Escalada","fdc":"IGN/SISA","sag":"IGN"},"bbox":[-60.46939738,-30.5812164,-60.46939738,-30.5812164]},{"type":"Feature","id":"salud_020801.13208","geometry":{"type":"Point","coordinates":[-60.3610639,-30.22588096]},"geometry_name":"geom","properties":{"gid":13208,"entidad":0,"fna":"Centro de Salud La Criolla","gna":"Centro de Salud","nam":"La Criolla","fdc":"IGN/SISA","sag":"IGN"},"bbox":[-60.3610639,-30.22588096,-60.3610639,-30.22588096]},{"type":"Feature","id":"salud_020801.13209","geometry":{"type":"Point","coordinates":[-55.50343361,-27.56790396]},"geometry_name":"geom","properties":{"gid":13209,"entidad":0,"fna":"Centro de Atención Primaria de la Salud Olegario V. Andrade","gna":"Centro de Atención Primaria de la Salud","nam":"Olegario V. Andrade","fdc":"IGN/SISA","sag":"IGN"},"bbox":[-55.50343361,-27.56790396,-55.50343361,-27.56790396]},{"type":"Feature","id":"salud_020801.13214","geometry":{"type":"Point","coordinates":[-58.44045432,-25.02784872]},"geometry_name":"geom","properties":{"gid":13214,"entidad":0,"fna":"Centro de Salud Villa Rural","gna":"Centro de Salud","nam":"Villa Rural","fdc":"IGN/SISA","sag":"IGN"},"bbox":[-58.44045432,-25.02784872,-58.44045432,-25.02784872]},{"type":"Feature","id":"salud_020801.13215","geometry":{"type":"Point","coordinates":[-57.586061,-25.51684619]},"geometry_name":"geom","properties":{"gid":13215,"entidad":0,"fna":"Centro de Salud Buey Muerto","gna":"Centro de Salud","nam":"Buey Muerto","fdc":"IGN/SISA","sag":"IGN"},"bbox":[-57.586061,-25.51684619,-57.586061,-25.51684619]},{"type":"Feature","id":"salud_020801.13216","geometry":{"type":"Point","coordinates":[-57.75040684,-25.29097072]},"geometry_name":"geom","properties":{"gid":13216,"entidad":0,"fna":"Centro de Salud El Porteño Norte","gna":"Centro de Salud","nam":"El Porteño Norte","fdc":"IGN/SISA","sag":"IGN"},"bbox":[-57.75040684,-25.29097072,-57.75040684,-25.29097072]},{"type":"Feature","id":"salud_020801.13217","geometry":{"type":"Point","coordinates":[-59.45623824,-25.76160253]},"geometry_name":"geom","properties":{"gid":13217,"entidad":0,"fna":"Centro de Salud Colonia Potrero Norte","gna":"Centro de Salud","nam":"Colonia Potrero Norte","fdc":"IGN/SISA","sag":"IGN"},"bbox":[-59.45623824,-25.76160253,-59.45623824,-25.76160253]},{"type":"Feature","id":"salud_020801.13218","geometry":{"type":"Point","coordinates":[-59.23416367,-25.82961062]},"geometry_name":"geom","properties":{"gid":13218,"entidad":0,"fna":"Centro de Salud Loma Senés","gna":"Centro de Salud","nam":"Loma Senés","fdc":"IGN/SISA","sag":"IGN"},"bbox":[-59.23416367,-25.82961062,-59.23416367,-25.82961062]},{"type":"Feature","id":"salud_020801.13219","geometry":{"type":"Point","coordinates":[-62.32496743,-22.72145957]},"geometry_name":"geom","properties":{"gid":13219,"entidad":0,"fna":"Centro de Salud El Breal","gna":"Centro de Salud","nam":"El Breal","fdc":"IGN/SISA","sag":"IGN"},"bbox":[-62.32496743,-22.72145957,-62.32496743,-22.72145957]},{"type":"Feature","id":"salud_020801.13220","geometry":{"type":"Point","coordinates":[-62.19227462,-22.76850537]},"geometry_name":"geom","properties":{"gid":13220,"entidad":0,"fna":"Centro de Salud El Palmarcito","gna":"Centro de Salud","nam":"El Palmarcito","fdc":"IGN/SISA","sag":"IGN"},"bbox":[-62.19227462,-22.76850537,-62.19227462,-22.76850537]},{"type":"Feature","id":"salud_020801.13221","geometry":{"type":"Point","coordinates":[-62.0706001,-23.10703893]},"geometry_name":"geom","properties":{"gid":13221,"entidad":0,"fna":"Centro de Salud Las Cañitas","gna":"Centro de Salud","nam":"Las Cañitas","fdc":"IGN/SISA","sag":"IGN"},"bbox":[-62.0706001,-23.10703893,-62.0706001,-23.10703893]},{"type":"Feature","id":"salud_020801.13222","geometry":{"type":"Point","coordinates":[-62.29677648,-23.00643723]},"geometry_name":"geom","properties":{"gid":13222,"entidad":0,"fna":"Centro de Salud El Estanque","gna":"Centro de Salud","nam":"El Estanque","fdc":"IGN/SISA","sag":"IGN"},"bbox":[-62.29677648,-23.00643723,-62.29677648,-23.00643723]},{"type":"Feature","id":"salud_020801.13223","geometry":{"type":"Point","coordinates":[-62.27933771,-22.88065378]},"geometry_name":"geom","properties":{"gid":13223,"entidad":0,"fna":"Centro de Salud Lote 1","gna":"Centro de Salud","nam":"Lote 1","fdc":"IGN/SISA","sag":"IGN"},"bbox":[-62.27933771,-22.88065378,-62.27933771,-22.88065378]},{"type":"Feature","id":"salud_020801.13224","geometry":{"type":"Point","coordinates":[-60.98662496,-23.9999993]},"geometry_name":"geom","properties":{"gid":13224,"entidad":0,"fna":"Centro de Salud El Quemado","gna":"Centro de Salud","nam":"El Quemado","fdc":"IGN/SISA","sag":"IGN"},"bbox":[-60.98662496,-23.9999993,-60.98662496,-23.9999993]},{"type":"Feature","id":"salud_020801.13225","geometry":{"type":"Point","coordinates":[-58.15518278,-26.20049569]},"geometry_name":"geom","properties":{"gid":13225,"entidad":0,"fna":"Centro de Salud Bernardino Rivadavia","gna":"Centro de Salud","nam":"Bernardino Rivadavia","fdc":"IGN/SISA","sag":"IGN"},"bbox":[-58.15518278,-26.20049569,-58.15518278,-26.20049569]},{"type":"Feature","id":"salud_020801.13226","geometry":{"type":"Point","coordinates":[-58.1840352,-26.19184099]},"geometry_name":"geom","properties":{"gid":13226,"entidad":0,"fna":"Centro de Salud La Pilar","gna":"Centro de Salud","nam":"La Pilar","fdc":"IGN/SISA","sag":"IGN"},"bbox":[-58.1840352,-26.19184099,-58.1840352,-26.19184099]},{"type":"Feature","id":"salud_020801.13227","geometry":{"type":"Point","coordinates":[-58.17928959,-26.13293617]},"geometry_name":"geom","properties":{"gid":13227,"entidad":0,"fna":"Centro de Salud María Luisa Espinoza","gna":"Centro de Salud","nam":"María Luisa Espinoza","fdc":"IGN/SISA","sag":"IGN"},"bbox":[-58.17928959,-26.13293617,-58.17928959,-26.13293617]},{"type":"Feature","id":"salud_020801.13228","geometry":{"type":"Point","coordinates":[-58.6513777,-26.02936308]},"geometry_name":"geom","properties":{"gid":13228,"entidad":0,"fna":"Centro de Salud San Hilario","gna":"Centro de Salud","nam":"San Hilario","fdc":"IGN/OSM/SISA","sag":"IGN"},"bbox":[-58.6513777,-26.02936308,-58.6513777,-26.02936308]},{"type":"Feature","id":"salud_020801.13229","geometry":{"type":"Point","coordinates":[-58.33735292,-26.70813447]},"geometry_name":"geom","properties":{"gid":13229,"entidad":0,"fna":"Centro de Salud Banco Payaguá","gna":"Centro de Salud","nam":"Banco Payaguá","fdc":"IGN/SISA","sag":"IGN"},"bbox":[-58.33735292,-26.70813447,-58.33735292,-26.70813447]},{"type":"Feature","id":"salud_020801.13230","geometry":{"type":"Point","coordinates":[-61.94128004,-23.68595951]},"geometry_name":"geom","properties":{"gid":13230,"entidad":0,"fna":"Centro de Salud El Rosillo","gna":"Centro de Salud","nam":"El Rosillo","fdc":"IGN/SISA","sag":"IGN"},"bbox":[-61.94128004,-23.68595951,-61.94128004,-23.68595951]},{"type":"Feature","id":"salud_020801.13231","geometry":{"type":"Point","coordinates":[-62.33554396,-24.07775474]},"geometry_name":"geom","properties":{"gid":13231,"entidad":0,"fna":"Centro de Salud Pozo Yacaré","gna":"Centro de Salud","nam":"Pozo Yacaré","fdc":"IGN/SISA","sag":"IGN"},"bbox":[-62.33554396,-24.07775474,-62.33554396,-24.07775474]},{"type":"Feature","id":"salud_020801.13232","geometry":{"type":"Point","coordinates":[-61.57777168,-23.47733745]},"geometry_name":"geom","properties":{"gid":13232,"entidad":0,"fna":"Centro de Salud Tres Yuchanes","gna":"Centro de Salud","nam":"Tres Yuchanes","fdc":"IGN/SISA","sag":"IGN"},"bbox":[-61.57777168,-23.47733745,-61.57777168,-23.47733745]},{"type":"Feature","id":"salud_020801.13367","geometry":{"type":"Point","coordinates":[-60.88728843,-31.12302444]},"geometry_name":"geom","properties":{"gid":13367,"entidad":0,"fna":"Servicio para la Atención Médica de la Comunidad Santo Domingo","gna":"Servicio para la Atención Médica de la Comunidad","nam":"Santo Domingo","fdc":"IGN/SISA","sag":"IGN"},"bbox":[-60.88728843,-31.12302444,-60.88728843,-31.12302444]},{"type":"Feature","id":"salud_020801.13368","geometry":{"type":"Point","coordinates":[-60.34080197,-30.14328014]},"geometry_name":"geom","properties":{"gid":13368,"entidad":0,"fna":"Servicio para la Atención Médica de la Comunidad Vera y Pintado","gna":"Servicio para la Atención Médica de la Comunidad","nam":"Vera y Pintado","fdc":"IGN/SISA","sag":"IGN"},"bbox":[-60.34080197,-30.14328014,-60.34080197,-30.14328014]},{"type":"Feature","id":"salud_020801.13369","geometry":{"type":"Point","coordinates":[-60.90697465,-32.90814905]},"geometry_name":"geom","properties":{"gid":13369,"entidad":0,"fna":"Centro de Salud Villa Flores","gna":"Centro de Salud","nam":"Villa Flores","fdc":"IGN/OSM/SISA","sag":"IGN"},"bbox":[-60.90697465,-32.90814905,-60.90697465,-32.90814905]},{"type":"Feature","id":"salud_020801.13370","geometry":{"type":"Point","coordinates":[-60.37684431,-29.58903409]},"geometry_name":"geom","properties":{"gid":13370,"entidad":0,"fna":"Servicio para la Atención Médica de la Comunidad La Gallareta","gna":"Servicio para la Atención Médica de la Comunidad","nam":"La Gallareta","fdc":"IGN/SISA","sag":"IGN"},"bbox":[-60.37684431,-29.58903409,-60.37684431,-29.58903409]},{"type":"Feature","id":"salud_020801.13371","geometry":{"type":"Point","coordinates":[-60.33074936,-33.23418229]},"geometry_name":"geom","properties":{"gid":13371,"entidad":0,"fna":"Servicio para la Atención Médica de la Comunidad Villa Constitución","gna":"Servicio para la Atención Médica de la Comunidad","nam":"Villa Constitución","fdc":"IGN/SISA","sag":"IGN"},"bbox":[-60.33074936,-33.23418229,-60.33074936,-33.23418229]},{"type":"Feature","id":"salud_020801.13372","geometry":{"type":"Point","coordinates":[-61.33473006,-33.804943]},"geometry_name":"geom","properties":{"gid":13372,"entidad":0,"fna":"Servicio para la Atención Médica de la Comunidad Hughes","gna":"Servicio para la Atención Médica de la Comunidad","nam":"Hughes","fdc":"IGN/SISA","sag":"IGN"},"bbox":[-61.33473006,-33.804943,-61.33473006,-33.804943]},{"type":"Feature","id":"salud_020801.13373","geometry":{"type":"Point","coordinates":[-59.35096984,-28.48019697]},"geometry_name":"geom","properties":{"gid":13373,"entidad":0,"fna":"Servicio para la Atención Médica de la Comunidad Villa Ocampo","gna":"Servicio para la Atención Médica de la Comunidad","nam":"Villa Ocampo","fdc":"IGN/SISA","sag":"IGN"},"bbox":[-59.35096984,-28.48019697,-59.35096984,-28.48019697]},{"type":"Feature","id":"salud_020801.13374","geometry":{"type":"Point","coordinates":[-60.66261468,-31.31037323]},"geometry_name":"geom","properties":{"gid":13374,"entidad":0,"fna":"Servicio para la Atención Médica de la Comunidad Laguna Paiva","gna":"Servicio para la Atención Médica de la Comunidad","nam":"Laguna Paiva","fdc":"IGN/SISA","sag":"IGN"},"bbox":[-60.66261468,-31.31037323,-60.66261468,-31.31037323]},{"type":"Feature","id":"salud_020801.13375","geometry":{"type":"Point","coordinates":[-60.91560427,-31.97989738]},"geometry_name":"geom","properties":{"gid":13375,"entidad":0,"fna":"Servicio para la Atención Médica de la Comunidad Coronda","gna":"Servicio para la Atención Médica de la Comunidad","nam":"Coronda","fdc":"IGN/SISA","sag":"IGN"},"bbox":[-60.91560427,-31.97989738,-60.91560427,-31.97989738]},{"type":"Feature","id":"salud_020801.13376","geometry":{"type":"Point","coordinates":[-61.8336164,-31.77166085]},"geometry_name":"geom","properties":{"gid":13376,"entidad":0,"fna":"Servicio para la Atención Médica de la Comunidad Sastre","gna":"Servicio para la Atención Médica de la Comunidad","nam":"Sastre","fdc":"IGN/SISA","sag":"IGN"},"bbox":[-61.8336164,-31.77166085,-61.8336164,-31.77166085]},{"type":"Feature","id":"salud_020801.13377","geometry":{"type":"Point","coordinates":[-61.78438964,-32.04743428]},"geometry_name":"geom","properties":{"gid":13377,"entidad":0,"fna":"Hospital Doctor Julio Cortés Belascuén","gna":"Hospital","nam":"Doctor Julio Cortés Belascuén","fdc":"IGN/SISA","sag":"IGN"},"bbox":[-61.78438964,-32.04743428,-61.78438964,-32.04743428]},{"type":"Feature","id":"salud_020801.13384","geometry":{"type":"Point","coordinates":[-60.71450055,-27.58619414]},"geometry_name":"geom","properties":{"gid":13384,"entidad":0,"fna":"Hospital Doctor Salvador Mazza","gna":"Hospital","nam":"Doctor Salvador Mazza","fdc":"IGN/SISA","sag":"IGN"},"bbox":[-60.71450055,-27.58619414,-60.71450055,-27.58619414]},{"type":"Feature","id":"salud_020801.13385","geometry":{"type":"Point","coordinates":[-59.86009629,-27.65410913]},"geometry_name":"geom","properties":{"gid":13385,"entidad":0,"fna":"Hospital Rural Charadai","gna":"Hospital Rural","nam":"Charadai","fdc":"IGN/SISA","sag":"IGN"},"bbox":[-59.86009629,-27.65410913,-59.86009629,-27.65410913]},{"type":"Feature","id":"salud_020801.13386","geometry":{"type":"Point","coordinates":[-60.946228,-26.59786785]},"geometry_name":"geom","properties":{"gid":13386,"entidad":0,"fna":"Hospital Enfermero Ramón Alvárez","gna":"Hospital","nam":"Enfermero Ramón Alvárez","fdc":"IGN/SISA","sag":"IGN"},"bbox":[-60.946228,-26.59786785,-60.946228,-26.59786785]},{"type":"Feature","id":"salud_020801.13387","geometry":{"type":"Point","coordinates":[-58.66370907,-26.93365216]},"geometry_name":"geom","properties":{"gid":13387,"entidad":0,"fna":"Hospital Doctor Ángel Ramón Bitti","gna":"Hospital","nam":"Doctor Ángel Ramón Bitti","fdc":"IGN/SISA","sag":"IGN"},"bbox":[-58.66370907,-26.93365216,-58.66370907,-26.93365216]},{"type":"Feature","id":"salud_020801.13388","geometry":{"type":"Point","coordinates":[-60.62846843,-25.94313604]},"geometry_name":"geom","properties":{"gid":13388,"entidad":0,"fna":"Hospital del Bicentenario General Güemes","gna":"Hospital","nam":"del Bicentenario General Güemes","fdc":"IGN/SISA","sag":"IGN"},"bbox":[-60.62846843,-25.94313604,-60.62846843,-25.94313604]},{"type":"Feature","id":"salud_020801.13389","geometry":{"type":"Point","coordinates":[-59.68055,-26.49439]},"geometry_name":"geom","properties":{"gid":13389,"entidad":0,"fna":"Hospital Doctor Carlos Harvey","gna":"Hospital","nam":"Doctor Carlos Harvey","fdc":"IGN/SISA","sag":"IGN"},"bbox":[-59.68055,-26.49439,-59.68055,-26.49439]},{"type":"Feature","id":"salud_020801.13400","geometry":{"type":"Point","coordinates":[-58.81033455,-27.51349614]},"geometry_name":"geom","properties":{"gid":13400,"entidad":0,"fna":"Sala de Atención Primaria de la Salud Doctor Manuel Casusso","gna":"Sala de Atención Primaria de la Salud","nam":"Doctor Manuel Casusso","fdc":"IGN/SISA","sag":"IGN"},"bbox":[-58.81033455,-27.51349614,-58.81033455,-27.51349614]},{"type":"Feature","id":"salud_020801.13401","geometry":{"type":"Point","coordinates":[-59.06954559,-33.43661938]},"geometry_name":"geom","properties":{"gid":13401,"entidad":0,"fna":"Centro de Salud Médanos","gna":"Centro de Salud","nam":"Médanos","fdc":"IGN/SISA","sag":"IGN"},"bbox":[-59.06954559,-33.43661938,-59.06954559,-33.43661938]},{"type":"Feature","id":"salud_020801.13402","geometry":{"type":"Point","coordinates":[-58.90426583,-32.262215]},"geometry_name":"geom","properties":{"gid":13402,"entidad":0,"fna":"Centro de Salud Daniel Elías","gna":"Centro de Salud","nam":"Daniel Elías","fdc":"IGN/SISA","sag":"IGN"},"bbox":[-58.90426583,-32.262215,-58.90426583,-32.262215]},{"type":"Feature","id":"salud_020801.13403","geometry":{"type":"Point","coordinates":[-60.54046119,-31.76447623]},"geometry_name":"geom","properties":{"gid":13403,"entidad":0,"fna":"Centro de Salud Padre Kentenich","gna":"Centro de Salud","nam":"Padre Kentenich","fdc":"IGN/SISA","sag":"IGN"},"bbox":[-60.54046119,-31.76447623,-60.54046119,-31.76447623]},{"type":"Feature","id":"salud_020801.13404","geometry":{"type":"Point","coordinates":[-60.48592823,-31.74145453]},"geometry_name":"geom","properties":{"gid":13404,"entidad":0,"fna":"Centro de Salud Hermana Catalina","gna":"Centro de Salud","nam":"Hermana Catalina","fdc":"IGN/SISA","sag":"IGN"},"bbox":[-60.48592823,-31.74145453,-60.48592823,-31.74145453]},{"type":"Feature","id":"salud_020801.13405","geometry":{"type":"Point","coordinates":[-60.44352051,-31.78202285]},"geometry_name":"geom","properties":{"gid":13405,"entidad":0,"fna":"Centro de Salud Doctor Samuel Margasín","gna":"Centro de Salud","nam":"Doctor Samuel Margasín","fdc":"IGN/SISA","sag":"IGN"},"bbox":[-60.44352051,-31.78202285,-60.44352051,-31.78202285]},{"type":"Feature","id":"salud_020801.13406","geometry":{"type":"Point","coordinates":[-60.4728008,-31.90550082]},"geometry_name":"geom","properties":{"gid":13406,"entidad":0,"fna":"Centro de Salud Jacinto Giacinti","gna":"Centro de Salud","nam":"Jacinto Giacinti","fdc":"IGN/SISA","sag":"IGN"},"bbox":[-60.4728008,-31.90550082,-60.4728008,-31.90550082]},{"type":"Feature","id":"salud_020801.13407","geometry":{"type":"Point","coordinates":[-59.98706003,-31.23442664]},"geometry_name":"geom","properties":{"gid":13407,"entidad":0,"fna":"Centro de Salud Barrio Sur","gna":"Centro de Salud","nam":"Barrio Sur","fdc":"IGN/SISA","sag":"IGN"},"bbox":[-59.98706003,-31.23442664,-59.98706003,-31.23442664]},{"type":"Feature","id":"salud_020801.13408","geometry":{"type":"Point","coordinates":[-58.49895385,-31.62718875]},"geometry_name":"geom","properties":{"gid":13408,"entidad":0,"fna":"Centro de Salud Pancho Ramírez (San Salvador)","gna":"Centro de Salud","nam":"Pancho Ramírez (San Salvador)","fdc":"IGN/SISA","sag":"IGN"},"bbox":[-58.49895385,-31.62718875,-58.49895385,-31.62718875]},{"type":"Feature","id":"salud_020801.13409","geometry":{"type":"Point","coordinates":[-59.17198354,-32.46719784]},"geometry_name":"geom","properties":{"gid":13409,"entidad":0,"fna":"Centro de Salud Pancho Ramírez (Sauce Norte)","gna":"Centro de Salud","nam":"Pancho Ramírez (Sauce Norte)","fdc":"IGN/SISA","sag":"IGN"},"bbox":[-59.17198354,-32.46719784,-59.17198354,-32.46719784]},{"type":"Feature","id":"salud_020801.13410","geometry":{"type":"Point","coordinates":[-59.1711742,-32.46049967]},"geometry_name":"geom","properties":{"gid":13410,"entidad":0,"fna":"Centro de Salud Sauce Norte","gna":"Centro de Salud","nam":"Sauce Norte","fdc":"IGN/SISA","sag":"IGN"},"bbox":[-59.1711742,-32.46049967,-59.1711742,-32.46049967]},{"type":"Feature","id":"salud_020801.13411","geometry":{"type":"Point","coordinates":[-58.48227415,-32.46208342]},"geometry_name":"geom","properties":{"gid":13411,"entidad":0,"fna":"Centro de Salud Caseros","gna":"Centro de Salud","nam":"Caseros","fdc":"IGN/SISA","sag":"IGN"},"bbox":[-58.48227415,-32.46208342,-58.48227415,-32.46208342]},{"type":"Feature","id":"salud_020801.13412","geometry":{"type":"Point","coordinates":[-58.63265264,-32.43792769]},"geometry_name":"geom","properties":{"gid":13412,"entidad":0,"fna":"Centro de Salud Tomás de Rocamora","gna":"Centro de Salud","nam":"Tomás de Rocamora","fdc":"IGN/SISA","sag":"IGN"},"bbox":[-58.63265264,-32.43792769,-58.63265264,-32.43792769]},{"type":"Feature","id":"salud_020801.13413","geometry":{"type":"Point","coordinates":[-58.35327649,-32.34171292]},"geometry_name":"geom","properties":{"gid":13413,"entidad":0,"fna":"Centro de Salud Mateo Zelich","gna":"Centro de Salud","nam":"Mateo Zelich","fdc":"IGN/SISA","sag":"IGN"},"bbox":[-58.35327649,-32.34171292,-58.35327649,-32.34171292]},{"type":"Feature","id":"salud_020801.13414","geometry":{"type":"Point","coordinates":[-58.22733439,-32.48337056]},"geometry_name":"geom","properties":{"gid":13414,"entidad":0,"fna":"Centro de Salud Villa Las Lomas Norte","gna":"Centro de Salud","nam":"Villa Las Lomas Norte","fdc":"IGN/SISA","sag":"IGN"},"bbox":[-58.22733439,-32.48337056,-58.22733439,-32.48337056]},{"type":"Feature","id":"salud_020801.13415","geometry":{"type":"Point","coordinates":[-60.0364458,-32.53466374]},"geometry_name":"geom","properties":{"gid":13415,"entidad":0,"fna":"Centro de Salud Antelo","gna":"Centro de Salud","nam":"Antelo","fdc":"IGN/SISA","sag":"IGN"},"bbox":[-60.0364458,-32.53466374,-60.0364458,-32.53466374]},{"type":"Feature","id":"salud_020801.13416","geometry":{"type":"Point","coordinates":[-60.15306456,-32.6321611]},"geometry_name":"geom","properties":{"gid":13416,"entidad":0,"fna":"Sala de Atención Primaria del Bicentenario","gna":"Sala de Atención Primaria","nam":"del Bicentenario","fdc":"IGN/SISA","sag":"IGN"},"bbox":[-60.15306456,-32.6321611,-60.15306456,-32.6321611]},{"type":"Feature","id":"salud_020801.13417","geometry":{"type":"Point","coordinates":[-58.97364759,-31.42997785]},"geometry_name":"geom","properties":{"gid":13417,"entidad":0,"fna":"Centro de Salud Doctor Carlos M. Tofalo","gna":"Centro de Salud","nam":"Doctor Carlos M. Tofalo","fdc":"IGN/SISA","sag":"IGN"},"bbox":[-58.97364759,-31.42997785,-58.97364759,-31.42997785]},{"type":"Feature","id":"salud_020801.13418","geometry":{"type":"Point","coordinates":[-59.03313233,-31.86241279]},"geometry_name":"geom","properties":{"gid":13418,"entidad":0,"fna":"Centro de Salud Perpetuo Socorro","gna":"Centro de Salud","nam":"Perpetuo Socorro","fdc":"IGN/SISA","sag":"IGN"},"bbox":[-59.03313233,-31.86241279,-59.03313233,-31.86241279]},{"type":"Feature","id":"salud_020801.13419","geometry":{"type":"Point","coordinates":[-58.07379443,-31.39952985]},"geometry_name":"geom","properties":{"gid":13419,"entidad":0,"fna":"Centro de Salud Villa Adela","gna":"Centro de Salud","nam":"Villa Adela","fdc":"IGN/SISA","sag":"IGN"},"bbox":[-58.07379443,-31.39952985,-58.07379443,-31.39952985]},{"type":"Feature","id":"salud_020801.13420","geometry":{"type":"Point","coordinates":[-58.00144486,-31.39630805]},"geometry_name":"geom","properties":{"gid":13420,"entidad":0,"fna":"Centro de Salud Barrio Nebel","gna":"Centro de Salud","nam":"Barrio Nebel","fdc":"IGN/SISA","sag":"IGN"},"bbox":[-58.00144486,-31.39630805,-58.00144486,-31.39630805]},{"type":"Feature","id":"salud_020801.13421","geometry":{"type":"Point","coordinates":[-60.63577537,-32.06537248]},"geometry_name":"geom","properties":{"gid":13421,"entidad":0,"fna":"Centro Municipal de Salud Libertador San Martín","gna":"Centro Municipal de Salud","nam":"Libertador San Martín","fdc":"IGN/SISA","sag":"IGN"},"bbox":[-60.63577537,-32.06537248,-60.63577537,-32.06537248]},{"type":"Feature","id":"salud_020801.13422","geometry":{"type":"Point","coordinates":[-60.58979993,-31.99216872]},"geometry_name":"geom","properties":{"gid":13422,"entidad":0,"fna":"Centro de Salud Doctor Rubén Ghiggi","gna":"Centro de Salud","nam":"Doctor Rubén Ghiggi","fdc":"IGN/SISA","sag":"IGN"},"bbox":[-60.58979993,-31.99216872,-60.58979993,-31.99216872]},{"type":"Feature","id":"salud_020801.13423","geometry":{"type":"Point","coordinates":[-58.97881599,-30.98505939]},"geometry_name":"geom","properties":{"gid":13423,"entidad":0,"fna":"Centro de Salud Colombia","gna":"Centro de Salud","nam":"Colombia","fdc":"IGN/SISA","sag":"IGN"},"bbox":[-58.97881599,-30.98505939,-58.97881599,-30.98505939]},{"type":"Feature","id":"salud_020801.13424","geometry":{"type":"Point","coordinates":[-59.08550484,-31.04955788]},"geometry_name":"geom","properties":{"gid":13424,"entidad":0,"fna":"Centro de Salud Conscripto Bernardi","gna":"Centro de Salud","nam":"Conscripto Bernardi","fdc":"IGN/SISA","sag":"IGN"},"bbox":[-59.08550484,-31.04955788,-59.08550484,-31.04955788]},{"type":"Feature","id":"salud_020801.13425","geometry":{"type":"Point","coordinates":[-59.24000863,-32.82373997]},"geometry_name":"geom","properties":{"gid":13425,"entidad":0,"fna":"Centro de Salud Doctor Horacio Marcot","gna":"Centro de Salud","nam":"Doctor Horacio Marcot","fdc":"IGN/SISA","sag":"IGN"},"bbox":[-59.24000863,-32.82373997,-59.24000863,-32.82373997]},{"type":"Feature","id":"salud_020801.13426","geometry":{"type":"Point","coordinates":[-59.21122908,-33.14842007]},"geometry_name":"geom","properties":{"gid":13426,"entidad":0,"fna":"Centro de Salud Juana E. Morel","gna":"Centro de Salud","nam":"Juana E. Morel","fdc":"IGN/SISA","sag":"IGN"},"bbox":[-59.21122908,-33.14842007,-59.21122908,-33.14842007]},{"type":"Feature","id":"salud_020801.13427","geometry":{"type":"Point","coordinates":[-58.80540398,-32.83760708]},"geometry_name":"geom","properties":{"gid":13427,"entidad":0,"fna":"Centro de Salud General Almada","gna":"Centro de Salud","nam":"General Almada","fdc":"IGN/SISA","sag":"IGN"},"bbox":[-58.80540398,-32.83760708,-58.80540398,-32.83760708]},{"type":"Feature","id":"salud_020801.13428","geometry":{"type":"Point","coordinates":[-58.51598408,-33.01346866]},"geometry_name":"geom","properties":{"gid":13428,"entidad":0,"fna":"Centro de Salud Juan Baggio","gna":"Centro de Salud","nam":"Juan Baggio","fdc":"IGN/SISA","sag":"IGN"},"bbox":[-58.51598408,-33.01346866,-58.51598408,-33.01346866]},{"type":"Feature","id":"salud_020801.13429","geometry":{"type":"Point","coordinates":[-58.51562855,-33.02009833]},"geometry_name":"geom","properties":{"gid":13429,"entidad":0,"fna":"Centro de Salud Nº 2","gna":"Centro de Salud","nam":"Nº 2","fdc":"IGN/SISA","sag":"IGN"},"bbox":[-58.51562855,-33.02009833,-58.51562855,-33.02009833]},{"type":"Feature","id":"salud_020801.13430","geometry":{"type":"Point","coordinates":[-58.50460816,-33.00920792]},"geometry_name":"geom","properties":{"gid":13430,"entidad":0,"fna":"Centro de Salud San Isidro","gna":"Centro de Salud","nam":"San Isidro","fdc":"IGN/SISA","sag":"IGN"},"bbox":[-58.50460816,-33.00920792,-58.50460816,-33.00920792]},{"type":"Feature","id":"salud_020801.13431","geometry":{"type":"Point","coordinates":[-59.27699222,-33.607833]},"geometry_name":"geom","properties":{"gid":13431,"entidad":0,"fna":"Centro de Salud Mazaruca","gna":"Centro de Salud","nam":"Mazaruca","fdc":"IGN/SISA","sag":"IGN"},"bbox":[-59.27699222,-33.607833,-59.27699222,-33.607833]},{"type":"Feature","id":"salud_020801.13432","geometry":{"type":"Point","coordinates":[-59.78632349,-30.94855422]},"geometry_name":"geom","properties":{"gid":13432,"entidad":0,"fna":"Centro de Salud Nueva Esperanza","gna":"Centro de Salud","nam":"Nueva Esperanza","fdc":"IGN/SISA","sag":"IGN"},"bbox":[-59.78632349,-30.94855422,-59.78632349,-30.94855422]},{"type":"Feature","id":"salud_020801.13433","geometry":{"type":"Point","coordinates":[-59.66287502,-32.38754491]},"geometry_name":"geom","properties":{"gid":13433,"entidad":0,"fna":"Centro de Salud Doctor Pedro Camet","gna":"Centro de Salud","nam":"Doctor Pedro Camet","fdc":"IGN/SISA","sag":"IGN"},"bbox":[-59.66287502,-32.38754491,-59.66287502,-32.38754491]},{"type":"Feature","id":"salud_020801.13434","geometry":{"type":"Point","coordinates":[-59.91164523,-31.73592626]},"geometry_name":"geom","properties":{"gid":13434,"entidad":0,"fna":"Centro de Salud Venezuela","gna":"Centro de Salud","nam":"Venezuela","fdc":"IGN/SISA","sag":"IGN"},"bbox":[-59.91164523,-31.73592626,-59.91164523,-31.73592626]},{"type":"Feature","id":"salud_020801.13435","geometry":{"type":"Point","coordinates":[-58.15516199,-32.23267255]},"geometry_name":"geom","properties":{"gid":13435,"entidad":0,"fna":"Centro de Salud Hipólito Yrigoyen","gna":"Centro de Salud","nam":"Hipólito Yrigoyen","fdc":"IGN/SISA","sag":"IGN"},"bbox":[-58.15516199,-32.23267255,-58.15516199,-32.23267255]},{"type":"Feature","id":"salud_020801.13436","geometry":{"type":"Point","coordinates":[-61.6335358,-30.4877344]},"geometry_name":"geom","properties":{"gid":13436,"entidad":0,"fna":"Servicio para la Atención Médica de la Comunidad Monigotes","gna":"Servicio para la Atención Médica de la Comunidad","nam":"Monigotes","fdc":"IGN/SISA","sag":"IGN"},"bbox":[-61.6335358,-30.4877344,-61.6335358,-30.4877344]},{"type":"Feature","id":"salud_020801.13437","geometry":{"type":"Point","coordinates":[-61.54873974,-28.30904228]},"geometry_name":"geom","properties":{"gid":13437,"entidad":0,"fna":"Centro de Salud Santa Margarita","gna":"Centro de Salud","nam":"Santa Margarita","fdc":"IGN/SISA","sag":"IGN"},"bbox":[-61.54873974,-28.30904228,-61.54873974,-28.30904228]},{"type":"Feature","id":"salud_020801.13438","geometry":{"type":"Point","coordinates":[-61.71057823,-28.93660554]},"geometry_name":"geom","properties":{"gid":13438,"entidad":0,"fna":"Centro de Salud Pozo Borrado","gna":"Centro de Salud","nam":"Pozo Borrado","fdc":"IGN/SISA","sag":"IGN"},"bbox":[-61.71057823,-28.93660554,-61.71057823,-28.93660554]},{"type":"Feature","id":"salud_020801.13454","geometry":{"type":"Point","coordinates":[-58.16621381,-26.19565783]},"geometry_name":"geom","properties":{"gid":13454,"entidad":0,"fna":"Centro de Salud San José Obrero","gna":"Centro de Salud","nam":"San José Obrero","fdc":"IGN/SISA","sag":"IGN"},"bbox":[-58.16621381,-26.19565783,-58.16621381,-26.19565783]},{"type":"Feature","id":"salud_020801.13455","geometry":{"type":"Point","coordinates":[-58.57278342,-26.41426204]},"geometry_name":"geom","properties":{"gid":13455,"entidad":0,"fna":"Centro de Salud Colonia Yatay","gna":"Centro de Salud","nam":"Colonia Yatay","fdc":"IGN/SISA","sag":"IGN"},"bbox":[-58.57278342,-26.41426204,-58.57278342,-26.41426204]},{"type":"Feature","id":"salud_020801.13456","geometry":{"type":"Point","coordinates":[-60.58616131,-24.70972624]},"geometry_name":"geom","properties":{"gid":13456,"entidad":0,"fna":"Centro de Salud Barrio Emisora","gna":"Centro de Salud","nam":"Barrio Emisora","fdc":"IGN/SISA","sag":"IGN"},"bbox":[-60.58616131,-24.70972624,-60.58616131,-24.70972624]},{"type":"Feature","id":"salud_020801.13457","geometry":{"type":"Point","coordinates":[-60.87363361,-24.5267818]},"geometry_name":"geom","properties":{"gid":13457,"entidad":0,"fna":"Centro de Salud Tres Pozos","gna":"Centro de Salud","nam":"Tres Pozos","fdc":"IGN/SISA","sag":"IGN"},"bbox":[-60.87363361,-24.5267818,-60.87363361,-24.5267818]},{"type":"Feature","id":"salud_020801.13458","geometry":{"type":"Point","coordinates":[-59.1122683,-25.7307077]},"geometry_name":"geom","properties":{"gid":13458,"entidad":0,"fna":"Centro de Salud Monseñor D'Andrea","gna":"Centro de Salud","nam":"Monseñor D'Andrea","fdc":"IGN/SISA","sag":"IGN"},"bbox":[-59.1122683,-25.7307077,-59.1122683,-25.7307077]},{"type":"Feature","id":"salud_020801.13459","geometry":{"type":"Point","coordinates":[-59.48226114,-24.75807334]},"geometry_name":"geom","properties":{"gid":13459,"entidad":0,"fna":"Centro de Salud Unión Escuela","gna":"Centro de Salud","nam":"Unión Escuela","fdc":"IGN/SISA","sag":"IGN"},"bbox":[-59.48226114,-24.75807334,-59.48226114,-24.75807334]},{"type":"Feature","id":"salud_020801.13460","geometry":{"type":"Point","coordinates":[-59.97205795,-24.16565804]},"geometry_name":"geom","properties":{"gid":13460,"entidad":0,"fna":"Centro de Salud Pozo Novagán","gna":"Centro de Salud","nam":"Pozo Novagán","fdc":"IGN/SISA","sag":"IGN"},"bbox":[-59.97205795,-24.16565804,-59.97205795,-24.16565804]},{"type":"Feature","id":"salud_020801.13461","geometry":{"type":"Point","coordinates":[-59.90228957,-24.53210034]},"geometry_name":"geom","properties":{"gid":13461,"entidad":0,"fna":"Centro de Salud San Martín Nº 1","gna":"Centro de Salud","nam":"San Martín Nº 1","fdc":"IGN/SISA","sag":"IGN"},"bbox":[-59.90228957,-24.53210034,-59.90228957,-24.53210034]},{"type":"Feature","id":"salud_020801.13462","geometry":{"type":"Point","coordinates":[-57.89883018,-25.8425321]},"geometry_name":"geom","properties":{"gid":13462,"entidad":0,"fna":"Centro de Salud Santa Catalina","gna":"Centro de Salud","nam":"Santa Catalina","fdc":"IGN/SISA","sag":"IGN"},"bbox":[-57.89883018,-25.8425321,-57.89883018,-25.8425321]},{"type":"Feature","id":"salud_020801.13463","geometry":{"type":"Point","coordinates":[-59.28547244,-25.03940097]},"geometry_name":"geom","properties":{"gid":13463,"entidad":0,"fna":"Centro de Salud El Recreo","gna":"Centro de Salud","nam":"El Recreo","fdc":"IGN/SISA","sag":"IGN"},"bbox":[-59.28547244,-25.03940097,-59.28547244,-25.03940097]},{"type":"Feature","id":"salud_020801.13464","geometry":{"type":"Point","coordinates":[-59.38493666,-24.55329972]},"geometry_name":"geom","properties":{"gid":13464,"entidad":0,"fna":"Centro de Salud Fortín Sargento 1º Leyes","gna":"Centro de Salud","nam":"Fortín Sargento 1º Leyes","fdc":"IGN/SISA","sag":"IGN"},"bbox":[-59.38493666,-24.55329972,-59.38493666,-24.55329972]},{"type":"Feature","id":"salud_020801.13465","geometry":{"type":"Point","coordinates":[-60.74133161,-23.94348311]},"geometry_name":"geom","properties":{"gid":13465,"entidad":0,"fna":"Centro de Salud Lamadrid","gna":"Centro de Salud","nam":"Lamadrid","fdc":"IGN/SISA","sag":"IGN"},"bbox":[-60.74133161,-23.94348311,-60.74133161,-23.94348311]},{"type":"Feature","id":"salud_020801.13466","geometry":{"type":"Point","coordinates":[-61.76207693,-23.2337359]},"geometry_name":"geom","properties":{"gid":13466,"entidad":0,"fna":"Centro de Salud Puesto Cabo Irigoyen","gna":"Centro de Salud","nam":"Puesto Cabo Irigoyen","fdc":"IGN/SISA","sag":"IGN"},"bbox":[-61.76207693,-23.2337359,-61.76207693,-23.2337359]},{"type":"Feature","id":"salud_020801.13467","geometry":{"type":"Point","coordinates":[-60.33297277,-25.13243596]},"geometry_name":"geom","properties":{"gid":13467,"entidad":0,"fna":"Centro de Salud Campo Alegre","gna":"Centro de Salud","nam":"Campo Alegre","fdc":"IGN/SISA","sag":"IGN"},"bbox":[-60.33297277,-25.13243596,-60.33297277,-25.13243596]},{"type":"Feature","id":"salud_020801.13468","geometry":{"type":"Point","coordinates":[-60.23288288,-24.64501562]},"geometry_name":"geom","properties":{"gid":13468,"entidad":0,"fna":"Centro de Salud Villa General Urquiza","gna":"Centro de Salud","nam":"Villa General Urquiza","fdc":"IGN/SISA","sag":"IGN"},"bbox":[-60.23288288,-24.64501562,-60.23288288,-24.64501562]},{"type":"Feature","id":"salud_020801.13469","geometry":{"type":"Point","coordinates":[-60.01014555,-25.10100336]},"geometry_name":"geom","properties":{"gid":13469,"entidad":0,"fna":"Centro de Salud Lago Verde","gna":"Centro de Salud","nam":"Lago Verde","fdc":"IGN/SISA","sag":"IGN"},"bbox":[-60.01014555,-25.10100336,-60.01014555,-25.10100336]},{"type":"Feature","id":"salud_020801.13470","geometry":{"type":"Point","coordinates":[-58.68812903,-24.99024542]},"geometry_name":"geom","properties":{"gid":13470,"entidad":0,"fna":"Centro de Salud Apayerey","gna":"Centro de Salud","nam":"Apayerey","fdc":"IGN/SISA","sag":"IGN"},"bbox":[-58.68812903,-24.99024542,-58.68812903,-24.99024542]},{"type":"Feature","id":"salud_020801.13471","geometry":{"type":"Point","coordinates":[-58.93681084,-25.25759174]},"geometry_name":"geom","properties":{"gid":13471,"entidad":0,"fna":"Centro de Salud Salvación","gna":"Centro de Salud","nam":"Salvación","fdc":"IGN/SISA","sag":"IGN"},"bbox":[-58.93681084,-25.25759174,-58.93681084,-25.25759174]},{"type":"Feature","id":"salud_020801.13472","geometry":{"type":"Point","coordinates":[-57.79225558,-25.42524367]},"geometry_name":"geom","properties":{"gid":13472,"entidad":0,"fna":"Centro de Salud Riacho Negro","gna":"Centro de Salud","nam":"Riacho Negro","fdc":"IGN/SISA","sag":"IGN"},"bbox":[-57.79225558,-25.42524367,-57.79225558,-25.42524367]},{"type":"Feature","id":"salud_020801.13473","geometry":{"type":"Point","coordinates":[-58.3519269,-25.16519893]},"geometry_name":"geom","properties":{"gid":13473,"entidad":0,"fna":"Centro de Salud Sol de Mayo","gna":"Centro de Salud","nam":"Sol de Mayo","fdc":"IGN/SISA","sag":"IGN"},"bbox":[-58.3519269,-25.16519893,-58.3519269,-25.16519893]},{"type":"Feature","id":"salud_020801.13500","geometry":{"type":"Point","coordinates":[-55.23701417,-27.02861298]},"geometry_name":"geom","properties":{"gid":13500,"entidad":0,"fna":"Centro de Atención Primaria de la Salud Juan Manuel de Rosas","gna":"Centro de Atención Primaria de la Salud","nam":"Juan Manuel de Rosas","fdc":"IGN/SISA","sag":"IGN"},"bbox":[-55.23701417,-27.02861298,-55.23701417,-27.02861298]},{"type":"Feature","id":"salud_020801.13501","geometry":{"type":"Point","coordinates":[-55.13907503,-27.87213364]},"geometry_name":"geom","properties":{"gid":13501,"entidad":0,"fna":"Centro de Atención Primaria de la Salud Santa Teresita","gna":"Centro de Atención Primaria de la Salud","nam":"Santa Teresita","fdc":"IGN/SISA","sag":"IGN"},"bbox":[-55.13907503,-27.87213364,-55.13907503,-27.87213364]},{"type":"Feature","id":"salud_020801.13502","geometry":{"type":"Point","coordinates":[-55.22583657,-27.0445455]},"geometry_name":"geom","properties":{"gid":13502,"entidad":0,"fna":"Centro de Atención Primaria de la Salud Barrio Cantera","gna":"Centro de Atención Primaria de la Salud","nam":"Barrio Cantera","fdc":"IGN/SISA","sag":"IGN"},"bbox":[-55.22583657,-27.0445455,-55.22583657,-27.0445455]},{"type":"Feature","id":"salud_020801.13503","geometry":{"type":"Point","coordinates":[-55.25210937,-26.97154971]},"geometry_name":"geom","properties":{"gid":13503,"entidad":0,"fna":"Centro de Atención Primaria de la Salud Colonia Oasis","gna":"Centro de Atención Primaria de la Salud","nam":"Colonia Oasis","fdc":"IGN/SISA","sag":"IGN"},"bbox":[-55.25210937,-26.97154971,-55.25210937,-26.97154971]},{"type":"Feature","id":"salud_020801.13504","geometry":{"type":"Point","coordinates":[-55.22818987,-27.02361826]},"geometry_name":"geom","properties":{"gid":13504,"entidad":0,"fna":"Centro de Atención Primaria de la Salud Prosol","gna":"Centro de Atención Primaria de la Salud","nam":"Prosol","fdc":"IGN/SISA","sag":"IGN"},"bbox":[-55.22818987,-27.02361826,-55.22818987,-27.02361826]},{"type":"Feature","id":"salud_020801.13505","geometry":{"type":"Point","coordinates":[-55.52898804,-27.23340511]},"geometry_name":"geom","properties":{"gid":13505,"entidad":0,"fna":"Centro de Atención Primaria de la Salud Villa Emma","gna":"Centro de Atención Primaria de la Salud","nam":"Villa Emma","fdc":"IGN/SISA","sag":"IGN"},"bbox":[-55.52898804,-27.23340511,-55.52898804,-27.23340511]},{"type":"Feature","id":"salud_020801.13506","geometry":{"type":"Point","coordinates":[-55.1094845,-27.79496546]},"geometry_name":"geom","properties":{"gid":13506,"entidad":0,"fna":"Centro de Atención Primaria de la Salud Santa Irene","gna":"Centro de Atención Primaria de la Salud","nam":"Santa Irene","fdc":"IGN/SISA","sag":"IGN"},"bbox":[-55.1094845,-27.79496546,-55.1094845,-27.79496546]},{"type":"Feature","id":"salud_020801.13507","geometry":{"type":"Point","coordinates":[-54.14969503,-26.64402969]},"geometry_name":"geom","properties":{"gid":13507,"entidad":0,"fna":"Centro de Atención Primaria de la Salud Kilómetro 48","gna":"Centro de Atención Primaria de la Salud","nam":"Kilómetro 48","fdc":"IGN/SISA","sag":"IGN"},"bbox":[-54.14969503,-26.64402969,-54.14969503,-26.64402969]},{"type":"Feature","id":"salud_020801.13508","geometry":{"type":"Point","coordinates":[-54.12064516,-26.63368942]},"geometry_name":"geom","properties":{"gid":13508,"entidad":0,"fna":"Centro de Atención Primaria de la Salud Puerto Argentino 1","gna":"Centro de Atención Primaria de la Salud","nam":"Puerto Argentino 1","fdc":"IGN/SISA","sag":"IGN"},"bbox":[-54.12064516,-26.63368942,-54.12064516,-26.63368942]},{"type":"Feature","id":"salud_020801.13550","geometry":{"type":"Point","coordinates":[-61.15565459,-33.04971201]},"geometry_name":"geom","properties":{"gid":13550,"entidad":0,"fna":"Centro de Salud Granaderos a Caballo","gna":"Centro de Salud","nam":"Granaderos a Caballo","fdc":"IGN/SISA","sag":"IGN"},"bbox":[-61.15565459,-33.04971201,-61.15565459,-33.04971201]},{"type":"Feature","id":"salud_020801.13551","geometry":{"type":"Point","coordinates":[-61.62909028,-31.09558374]},"geometry_name":"geom","properties":{"gid":13551,"entidad":0,"fna":"Centro de Salud Doctor Domingo Preiti","gna":"Centro de Salud","nam":"Doctor Domingo Preiti","fdc":"IGN/SISA","sag":"IGN"},"bbox":[-61.62909028,-31.09558374,-61.62909028,-31.09558374]},{"type":"Feature","id":"salud_020801.13552","geometry":{"type":"Point","coordinates":[-61.93114046,-31.61599579]},"geometry_name":"geom","properties":{"gid":13552,"entidad":0,"fna":"Centro de Salud Esmeralda","gna":"Centro de Salud","nam":"Esmeralda","fdc":"IGN/SISA","sag":"IGN"},"bbox":[-61.93114046,-31.61599579,-61.93114046,-31.61599579]},{"type":"Feature","id":"salud_020801.13553","geometry":{"type":"Point","coordinates":[-61.85554358,-30.94756602]},"geometry_name":"geom","properties":{"gid":13553,"entidad":0,"fna":"Centro de Salud Eusebia","gna":"Centro de Salud","nam":"Eusebia","fdc":"IGN/SISA","sag":"IGN"},"bbox":[-61.85554358,-30.94756602,-61.85554358,-30.94756602]},{"type":"Feature","id":"salud_020801.13554","geometry":{"type":"Point","coordinates":[-62.06025338,-31.42276752]},"geometry_name":"geom","properties":{"gid":13554,"entidad":0,"fna":"Centro de Salud Barrio Francucci","gna":"Centro de Salud","nam":"Barrio Francucci","fdc":"IGN/SISA","sag":"IGN"},"bbox":[-62.06025338,-31.42276752,-62.06025338,-31.42276752]},{"type":"Feature","id":"salud_020801.13555","geometry":{"type":"Point","coordinates":[-61.51520795,-31.25603506]},"geometry_name":"geom","properties":{"gid":13555,"entidad":0,"fna":"Centro de Salud Nº 9 Barrio Jardín","gna":"Centro de Salud","nam":"Nº 9 Barrio Jardín","fdc":"IGN/SISA","sag":"IGN"},"bbox":[-61.51520795,-31.25603506,-61.51520795,-31.25603506]},{"type":"Feature","id":"salud_020801.13556","geometry":{"type":"Point","coordinates":[-61.7248126,-31.21163771]},"geometry_name":"geom","properties":{"gid":13556,"entidad":0,"fna":"Centro de Salud San Antonio","gna":"Centro de Salud","nam":"San Antonio","fdc":"IGN/SISA","sag":"IGN"},"bbox":[-61.7248126,-31.21163771,-61.7248126,-31.21163771]},{"type":"Feature","id":"salud_020801.13557","geometry":{"type":"Point","coordinates":[-61.75477871,-31.677504]},"geometry_name":"geom","properties":{"gid":13557,"entidad":0,"fna":"Centro de Salud María Juana","gna":"Centro de Salud","nam":"María Juana","fdc":"IGN/SISA","sag":"IGN"},"bbox":[-61.75477871,-31.677504,-61.75477871,-31.677504]},{"type":"Feature","id":"salud_020801.13558","geometry":{"type":"Point","coordinates":[-61.591255,-30.84478104]},"geometry_name":"geom","properties":{"gid":13558,"entidad":0,"fna":"Centro de Salud Doctor Carlos Franzini","gna":"Centro de Salud","nam":"Doctor Carlos Franzini","fdc":"IGN/SISA","sag":"IGN"},"bbox":[-61.591255,-30.84478104,-61.591255,-30.84478104]},{"type":"Feature","id":"salud_020801.13559","geometry":{"type":"Point","coordinates":[-60.61185919,-33.51692502]},"geometry_name":"geom","properties":{"gid":13559,"entidad":0,"fna":"Centro de Salud Cañada Rica","gna":"Centro de Salud","nam":"Cañada Rica","fdc":"IGN/SISA","sag":"IGN"},"bbox":[-60.61185919,-33.51692502,-60.61185919,-33.51692502]},{"type":"Feature","id":"salud_020801.13560","geometry":{"type":"Point","coordinates":[-60.31143061,-33.31085289]},"geometry_name":"geom","properties":{"gid":13560,"entidad":0,"fna":"Centro de Salud Theobald","gna":"Centro de Salud","nam":"Theobald","fdc":"IGN/SISA","sag":"IGN"},"bbox":[-60.31143061,-33.31085289,-60.31143061,-33.31085289]},{"type":"Feature","id":"salud_020801.13561","geometry":{"type":"Point","coordinates":[-60.42811473,-31.49132314]},"geometry_name":"geom","properties":{"gid":13561,"entidad":0,"fna":"Centro de Salud Los Zapallos","gna":"Centro de Salud","nam":"Los Zapallos","fdc":"IGN/SISA","sag":"IGN"},"bbox":[-60.42811473,-31.49132314,-60.42811473,-31.49132314]},{"type":"Feature","id":"salud_020801.13562","geometry":{"type":"Point","coordinates":[-61.7581933,-33.73276874]},"geometry_name":"geom","properties":{"gid":13562,"entidad":0,"fna":"Centro de Salud Carmen","gna":"Centro de Salud","nam":"Carmen","fdc":"IGN/SISA","sag":"IGN"},"bbox":[-61.7581933,-33.73276874,-61.7581933,-33.73276874]},{"type":"Feature","id":"salud_020801.13563","geometry":{"type":"Point","coordinates":[-61.46590072,-33.5273237]},"geometry_name":"geom","properties":{"gid":13563,"entidad":0,"fna":"Centro de Salud Miguel Torres","gna":"Centro de Salud","nam":"Miguel Torres","fdc":"IGN/SISA","sag":"IGN"},"bbox":[-61.46590072,-33.5273237,-61.46590072,-33.5273237]},{"type":"Feature","id":"salud_020801.13564","geometry":{"type":"Point","coordinates":[-62.70997498,-34.25729661]},"geometry_name":"geom","properties":{"gid":13564,"entidad":0,"fna":"Centro de Salud Ángel Bulgheroni","gna":"Centro de Salud","nam":"Ángel Bulgheroni","fdc":"IGN/SISA","sag":"IGN"},"bbox":[-62.70997498,-34.25729661,-62.70997498,-34.25729661]},{"type":"Feature","id":"salud_020801.13565","geometry":{"type":"Point","coordinates":[-61.61860742,-33.69460756]},"geometry_name":"geom","properties":{"gid":13565,"entidad":0,"fna":"Centro de Salud Nº 1","gna":"Centro de Salud","nam":"Nº 1","fdc":"IGN/SISA","sag":"IGN"},"bbox":[-61.61860742,-33.69460756,-61.61860742,-33.69460756]},{"type":"Feature","id":"salud_020801.13566","geometry":{"type":"Point","coordinates":[-61.62292546,-33.70565019]},"geometry_name":"geom","properties":{"gid":13566,"entidad":0,"fna":"Centro de Salud Nº 2","gna":"Centro de Salud","nam":"Nº 2","fdc":"IGN/SISA","sag":"IGN"},"bbox":[-61.62292546,-33.70565019,-61.62292546,-33.70565019]},{"type":"Feature","id":"salud_020801.13567","geometry":{"type":"Point","coordinates":[-61.94630803,-33.7378454]},"geometry_name":"geom","properties":{"gid":13567,"entidad":0,"fna":"Centro de Salud Ciudad Nueva","gna":"Centro de Salud","nam":"Ciudad Nueva","fdc":"IGN/SISA","sag":"IGN"},"bbox":[-61.94630803,-33.7378454,-61.94630803,-33.7378454]},{"type":"Feature","id":"salud_020801.13568","geometry":{"type":"Point","coordinates":[-61.94295141,-33.74044183]},"geometry_name":"geom","properties":{"gid":13568,"entidad":0,"fna":"Centro de Salud Güemes","gna":"Centro de Salud","nam":"Güemes","fdc":"IGN/SISA","sag":"IGN"},"bbox":[-61.94295141,-33.74044183,-61.94295141,-33.74044183]},{"type":"Feature","id":"salud_020801.13569","geometry":{"type":"Point","coordinates":[-59.47683077,-28.72297305]},"geometry_name":"geom","properties":{"gid":13569,"entidad":0,"fna":"Centro de Salud Arroyo Ceibal","gna":"Centro de Salud","nam":"Arroyo Ceibal","fdc":"IGN/SISA","sag":"IGN"},"bbox":[-59.47683077,-28.72297305,-59.47683077,-28.72297305]},{"type":"Feature","id":"salud_020801.13570","geometry":{"type":"Point","coordinates":[-59.69099466,-28.79738171]},"geometry_name":"geom","properties":{"gid":13570,"entidad":0,"fna":"Centro de Salud El Carmen","gna":"Centro de Salud","nam":"El Carmen","fdc":"IGN/SISA","sag":"IGN"},"bbox":[-59.69099466,-28.79738171,-59.69099466,-28.79738171]},{"type":"Feature","id":"salud_020801.13571","geometry":{"type":"Point","coordinates":[-59.57625935,-28.76078219]},"geometry_name":"geom","properties":{"gid":13571,"entidad":0,"fna":"Centro de Salud Ingeniero Chanourdie","gna":"Centro de Salud","nam":"Ingeniero Chanourdie","fdc":"IGN/SISA","sag":"IGN"},"bbox":[-59.57625935,-28.76078219,-59.57625935,-28.76078219]},{"type":"Feature","id":"salud_020801.13572","geometry":{"type":"Point","coordinates":[-59.66828314,-28.74482136]},"geometry_name":"geom","properties":{"gid":13572,"entidad":0,"fna":"Centro de Salud Los Lapachos","gna":"Centro de Salud","nam":"Los Lapachos","fdc":"IGN/SISA","sag":"IGN"},"bbox":[-59.66828314,-28.74482136,-59.66828314,-28.74482136]},{"type":"Feature","id":"salud_020801.13573","geometry":{"type":"Point","coordinates":[-59.64086452,-29.15231323]},"geometry_name":"geom","properties":{"gid":13573,"entidad":0,"fna":"Centro de Salud Barrio El Ombusal","gna":"Centro de Salud","nam":"Barrio El Ombusal","fdc":"IGN/SISA","sag":"IGN"},"bbox":[-59.64086452,-29.15231323,-59.64086452,-29.15231323]},{"type":"Feature","id":"salud_020801.13574","geometry":{"type":"Point","coordinates":[-59.26010479,-28.41357187]},"geometry_name":"geom","properties":{"gid":13574,"entidad":0,"fna":"Centro de Salud Doctor Jorge Caniza","gna":"Centro de Salud","nam":"Doctor Jorge Caniza","fdc":"IGN/SISA","sag":"IGN"},"bbox":[-59.26010479,-28.41357187,-59.26010479,-28.41357187]},{"type":"Feature","id":"salud_020801.13575","geometry":{"type":"Point","coordinates":[-59.65566087,-29.11602911]},"geometry_name":"geom","properties":{"gid":13575,"entidad":0,"fna":"Centro de Salud Avellaneda","gna":"Centro de Salud","nam":"Avellaneda","fdc":"IGN/SISA","sag":"IGN"},"bbox":[-59.65566087,-29.11602911,-59.65566087,-29.11602911]},{"type":"Feature","id":"salud_020801.13576","geometry":{"type":"Point","coordinates":[-61.02280486,-32.71214016]},"geometry_name":"geom","properties":{"gid":13576,"entidad":0,"fna":"Centro de Salud Lucio V. López","gna":"Centro de Salud","nam":"Lucio V. López","fdc":"IGN/SISA","sag":"IGN"},"bbox":[-61.02280486,-32.71214016,-61.02280486,-32.71214016]},{"type":"Feature","id":"salud_020801.13577","geometry":{"type":"Point","coordinates":[-61.28948197,-32.73818235]},"geometry_name":"geom","properties":{"gid":13577,"entidad":0,"fna":"Servicio para la Atención Médica de la Comunidad Bustinza","gna":"Servicio para la Atención Médica de la Comunidad","nam":"Bustinza","fdc":"IGN/SISA","sag":"IGN"},"bbox":[-61.28948197,-32.73818235,-61.28948197,-32.73818235]},{"type":"Feature","id":"salud_020801.13578","geometry":{"type":"Point","coordinates":[-61.25439854,-32.85064627]},"geometry_name":"geom","properties":{"gid":13578,"entidad":0,"fna":"Centro de Salud Correa","gna":"Centro de Salud","nam":"Correa","fdc":"IGN/SISA","sag":"IGN"},"bbox":[-61.25439854,-32.85064627,-61.25439854,-32.85064627]},{"type":"Feature","id":"salud_020801.13579","geometry":{"type":"Point","coordinates":[-60.85151738,-32.573298]},"geometry_name":"geom","properties":{"gid":13579,"entidad":0,"fna":"Centro de Salud Oliveros","gna":"Centro de Salud","nam":"Oliveros","fdc":"IGN/SISA","sag":"IGN"},"bbox":[-60.85151738,-32.573298,-60.85151738,-32.573298]},{"type":"Feature","id":"salud_020801.13580","geometry":{"type":"Point","coordinates":[-61.02757951,-32.50855604]},"geometry_name":"geom","properties":{"gid":13580,"entidad":0,"fna":"Centro de Salud Carrizales","gna":"Centro de Salud","nam":"Carrizales","fdc":"IGN/SISA","sag":"IGN"},"bbox":[-61.02757951,-32.50855604,-61.02757951,-32.50855604]},{"type":"Feature","id":"salud_020801.13581","geometry":{"type":"Point","coordinates":[-60.53234047,-31.56440132]},"geometry_name":"geom","properties":{"gid":13581,"entidad":0,"fna":"Centro de Salud Rincón Norte","gna":"Centro de Salud","nam":"Rincón Norte","fdc":"IGN/SISA","sag":"IGN"},"bbox":[-60.53234047,-31.56440132,-60.53234047,-31.56440132]},{"type":"Feature","id":"salud_020801.13582","geometry":{"type":"Point","coordinates":[-60.53015225,-31.23918622]},"geometry_name":"geom","properties":{"gid":13582,"entidad":0,"fna":"Centro de Salud Campo Andino","gna":"Centro de Salud","nam":"Campo Andino","fdc":"IGN/SISA","sag":"IGN"},"bbox":[-60.53015225,-31.23918622,-60.53015225,-31.23918622]},{"type":"Feature","id":"salud_020801.13583","geometry":{"type":"Point","coordinates":[-60.72327214,-31.66256954]},"geometry_name":"geom","properties":{"gid":13583,"entidad":0,"fna":"Centro de Salud Barrio Chalet","gna":"Centro de Salud","nam":"Barrio Chalet","fdc":"IGN/SISA","sag":"IGN"},"bbox":[-60.72327214,-31.66256954,-60.72327214,-31.66256954]},{"type":"Feature","id":"salud_020801.13584","geometry":{"type":"Point","coordinates":[-60.7345445,-31.57718466]},"geometry_name":"geom","properties":{"gid":13584,"entidad":0,"fna":"Centro de Salud Estanislao López","gna":"Centro de Salud","nam":"Estanislao López","fdc":"IGN/SISA","sag":"IGN"},"bbox":[-60.7345445,-31.57718466,-60.7345445,-31.57718466]},{"type":"Feature","id":"salud_020801.13585","geometry":{"type":"Point","coordinates":[-60.72651251,-31.64883385]},"geometry_name":"geom","properties":{"gid":13585,"entidad":0,"fna":"Centro de Salud Evita Barrio La Florida","gna":"Centro de Salud","nam":"Evita Barrio La Florida","fdc":"IGN/SISA","sag":"IGN"},"bbox":[-60.72651251,-31.64883385,-60.72651251,-31.64883385]},{"type":"Feature","id":"salud_020801.13586","geometry":{"type":"Point","coordinates":[-60.69385885,-31.61950889]},"geometry_name":"geom","properties":{"gid":13586,"entidad":0,"fna":"Centro de Salud Policlínico Vecinal","gna":"Centro de Salud","nam":"Policlínico Vecinal","fdc":"IGN/SISA","sag":"IGN"},"bbox":[-60.69385885,-31.61950889,-60.69385885,-31.61950889]},{"type":"Feature","id":"salud_020801.13587","geometry":{"type":"Point","coordinates":[-60.66455383,-31.59815164]},"geometry_name":"geom","properties":{"gid":13587,"entidad":0,"fna":"Centro de Salud Setubal","gna":"Centro de Salud","nam":"Setubal","fdc":"IGN/SISA","sag":"IGN"},"bbox":[-60.66455383,-31.59815164,-60.66455383,-31.59815164]},{"type":"Feature","id":"salud_020801.13588","geometry":{"type":"Point","coordinates":[-60.60301136,-31.62358593]},"geometry_name":"geom","properties":{"gid":13588,"entidad":0,"fna":"Centro de Salud Colastiné","gna":"Centro de Salud","nam":"Colastiné","fdc":"IGN/SISA","sag":"IGN"},"bbox":[-60.60301136,-31.62358593,-60.60301136,-31.62358593]},{"type":"Feature","id":"salud_020801.13589","geometry":{"type":"Point","coordinates":[-60.66275753,-31.27445909]},"geometry_name":"geom","properties":{"gid":13589,"entidad":0,"fna":"Centro de Salud Los Hornos Norte","gna":"Centro de Salud","nam":"Los Hornos Norte","fdc":"IGN/SISA","sag":"IGN"},"bbox":[-60.66275753,-31.27445909,-60.66275753,-31.27445909]},{"type":"Feature","id":"salud_020801.13590","geometry":{"type":"Point","coordinates":[-60.83691922,-31.77161646]},"geometry_name":"geom","properties":{"gid":13590,"entidad":0,"fna":"Centro de Salud Centenario","gna":"Centro de Salud","nam":"Centenario","fdc":"IGN/SISA","sag":"IGN"},"bbox":[-60.83691922,-31.77161646,-60.83691922,-31.77161646]},{"type":"Feature","id":"salud_020801.13591","geometry":{"type":"Point","coordinates":[-60.78832805,-31.69502972]},"geometry_name":"geom","properties":{"gid":13591,"entidad":0,"fna":"Centro de Salud Adelina Oeste","gna":"Centro de Salud","nam":"Adelina Oeste","fdc":"IGN/SISA","sag":"IGN"},"bbox":[-60.78832805,-31.69502972,-60.78832805,-31.69502972]},{"type":"Feature","id":"salud_020801.13592","geometry":{"type":"Point","coordinates":[-61.14315568,-31.60830775]},"geometry_name":"geom","properties":{"gid":13592,"entidad":0,"fna":"Centro de Salud San Jerónimo del Sauce","gna":"Centro de Salud","nam":"San Jerónimo del Sauce","fdc":"IGN/SISA","sag":"IGN"},"bbox":[-61.14315568,-31.60830775,-61.14315568,-31.60830775]},{"type":"Feature","id":"salud_020801.13593","geometry":{"type":"Point","coordinates":[-60.90461509,-31.45219655]},"geometry_name":"geom","properties":{"gid":13593,"entidad":0,"fna":"Centro de Salud Barrio Unidos","gna":"Centro de Salud","nam":"Barrio Unidos","fdc":"IGN/SISA","sag":"IGN"},"bbox":[-60.90461509,-31.45219655,-60.90461509,-31.45219655]},{"type":"Feature","id":"salud_020801.13594","geometry":{"type":"Point","coordinates":[-60.99581691,-31.57141587]},"geometry_name":"geom","properties":{"gid":13594,"entidad":0,"fna":"Centro de Salud Las Tunas","gna":"Centro de Salud","nam":"Las Tunas","fdc":"IGN/SISA","sag":"IGN"},"bbox":[-60.99581691,-31.57141587,-60.99581691,-31.57141587]},{"type":"Feature","id":"salud_020801.13595","geometry":{"type":"Point","coordinates":[-61.10213067,-31.76191498]},"geometry_name":"geom","properties":{"gid":13595,"entidad":0,"fna":"Centro de Salud San Carlos Sud","gna":"Centro de Salud","nam":"San Carlos Sud","fdc":"IGN/SISA","sag":"IGN"},"bbox":[-61.10213067,-31.76191498,-61.10213067,-31.76191498]},{"type":"Feature","id":"salud_020801.13596","geometry":{"type":"Point","coordinates":[-60.70813262,-32.98245558]},"geometry_name":"geom","properties":{"gid":13596,"entidad":0,"fna":"Centro de Salud Libertad","gna":"Centro de Salud","nam":"Libertad","fdc":"IGN/SISA","sag":"IGN"},"bbox":[-60.70813262,-32.98245558,-60.70813262,-32.98245558]},{"type":"Feature","id":"salud_020801.13597","geometry":{"type":"Point","coordinates":[-60.70048168,-32.93195997]},"geometry_name":"geom","properties":{"gid":13597,"entidad":0,"fna":"Centro de Salud Nº 27 Ramón Carrillo","gna":"Centro de Salud","nam":"Nº 27 Ramón Carrillo","fdc":"IGN/SISA","sag":"IGN"},"bbox":[-60.70048168,-32.93195997,-60.70048168,-32.93195997]},{"type":"Feature","id":"salud_020801.13598","geometry":{"type":"Point","coordinates":[-60.69009687,-32.91929642]},"geometry_name":"geom","properties":{"gid":13598,"entidad":0,"fna":"Centro de Salud Nº 47 Barrio Toba","gna":"Centro de Salud","nam":"Nº 47 Barrio Toba","fdc":"IGN/SISA","sag":"IGN"},"bbox":[-60.69009687,-32.91929642,-60.69009687,-32.91929642]},{"type":"Feature","id":"salud_020801.13599","geometry":{"type":"Point","coordinates":[-60.67270333,-32.96861689]},"geometry_name":"geom","properties":{"gid":13599,"entidad":0,"fna":"Centro de Salud Nº 5 Pedro Fiorina","gna":"Centro de Salud","nam":"Nº 5 Pedro Fiorina","fdc":"IGN/SISA","sag":"IGN"},"bbox":[-60.67270333,-32.96861689,-60.67270333,-32.96861689]},{"type":"Feature","id":"salud_020801.13600","geometry":{"type":"Point","coordinates":[-60.60645273,-33.00959058]},"geometry_name":"geom","properties":{"gid":13600,"entidad":0,"fna":"Centro de Salud 17 de Octubre","gna":"Centro de Salud","nam":"17 de Octubre","fdc":"IGN/SISA","sag":"IGN"},"bbox":[-60.60645273,-33.00959058,-60.60645273,-33.00959058]},{"type":"Feature","id":"salud_020801.13601","geometry":{"type":"Point","coordinates":[-60.65757166,-32.99758891]},"geometry_name":"geom","properties":{"gid":13601,"entidad":0,"fna":"Centro de Salud 20 de Junio","gna":"Centro de Salud","nam":"20 de Junio","fdc":"IGN/SISA","sag":"IGN"},"bbox":[-60.65757166,-32.99758891,-60.65757166,-32.99758891]},{"type":"Feature","id":"salud_020801.13602","geometry":{"type":"Point","coordinates":[-60.64246299,-33.02870701]},"geometry_name":"geom","properties":{"gid":13602,"entidad":0,"fna":"Centro de Salud San Enrique","gna":"Centro de Salud","nam":"San Enrique","fdc":"IGN/SISA","sag":"IGN"},"bbox":[-60.64246299,-33.02870701,-60.64246299,-33.02870701]},{"type":"Feature","id":"salud_020801.13603","geometry":{"type":"Point","coordinates":[-60.87534811,-33.0206421]},"geometry_name":"geom","properties":{"gid":13603,"entidad":0,"fna":"Servicio para la Atención Médica de la Comunidad Zavalla","gna":"Servicio para la Atención Médica de la Comunidad","nam":"Zavalla","fdc":"IGN/SISA","sag":"IGN"},"bbox":[-60.87534811,-33.0206421,-60.87534811,-33.0206421]},{"type":"Feature","id":"salud_020801.13604","geometry":{"type":"Point","coordinates":[-60.65457231,-32.96827444]},"geometry_name":"geom","properties":{"gid":13604,"entidad":0,"fna":"Hospital de Niños Víctor J. Vilela","gna":"Hospital de Niños","nam":"Víctor J. Vilela","fdc":"IGN/OSM/SISA","sag":"IGN"},"bbox":[-60.65457231,-32.96827444,-60.65457231,-32.96827444]},{"type":"Feature","id":"salud_020801.13605","geometry":{"type":"Point","coordinates":[-60.70952725,-32.9558004]},"geometry_name":"geom","properties":{"gid":13605,"entidad":0,"fna":"Centro de Salud Juan Pablo II","gna":"Centro de Salud","nam":"Juan Pablo II","fdc":"IGN/SISA","sag":"IGN"},"bbox":[-60.70952725,-32.9558004,-60.70952725,-32.9558004]},{"type":"Feature","id":"salud_020801.13606","geometry":{"type":"Point","coordinates":[-60.71196898,-32.9162139]},"geometry_name":"geom","properties":{"gid":13606,"entidad":0,"fna":"Centro de Salud Juana Azurduy","gna":"Centro de Salud","nam":"Juana Azurduy","fdc":"IGN/OSM/SISA","sag":"IGN"},"bbox":[-60.71196898,-32.9162139,-60.71196898,-32.9162139]},{"type":"Feature","id":"salud_020801.13607","geometry":{"type":"Point","coordinates":[-60.65274563,-33.01188078]},"geometry_name":"geom","properties":{"gid":13607,"entidad":0,"fna":"Centro de Salud Las Flores Este","gna":"Centro de Salud","nam":"Las Flores Este","fdc":"IGN/SISA","sag":"IGN"},"bbox":[-60.65274563,-33.01188078,-60.65274563,-33.01188078]},{"type":"Feature","id":"salud_020801.13720","geometry":{"type":"Point","coordinates":[-60.68375833,-32.99936268]},"geometry_name":"geom","properties":{"gid":13720,"entidad":0,"fna":"Centro de Salud Vecinal Barrio Plata","gna":"Centro de Salud Vecinal","nam":"Barrio Plata","fdc":"IGN/SISA","sag":"IGN"},"bbox":[-60.68375833,-32.99936268,-60.68375833,-32.99936268]},{"type":"Feature","id":"salud_020801.13721","geometry":{"type":"Point","coordinates":[-60.62195853,-33.03534959]},"geometry_name":"geom","properties":{"gid":13721,"entidad":0,"fna":"Centro de Salud Barrio Mortelari","gna":"Centro de Salud","nam":"Barrio Mortelari","fdc":"IGN/SISA","sag":"IGN"},"bbox":[-60.62195853,-33.03534959,-60.62195853,-33.03534959]},{"type":"Feature","id":"salud_020801.13722","geometry":{"type":"Point","coordinates":[-60.61701518,-33.02405211]},"geometry_name":"geom","properties":{"gid":13722,"entidad":0,"fna":"Centro de Salud Intendente Andreu","gna":"Centro de Salud","nam":"Intendente Andreu","fdc":"IGN/SISA","sag":"IGN"},"bbox":[-60.61701518,-33.02405211,-60.61701518,-33.02405211]},{"type":"Feature","id":"salud_020801.13723","geometry":{"type":"Point","coordinates":[-60.7952053,-33.10837665]},"geometry_name":"geom","properties":{"gid":13723,"entidad":0,"fna":"Centro de Salud Comunal Piñero","gna":"Centro de Salud Comunal","nam":"Piñero","fdc":"IGN/SISA","sag":"IGN"},"bbox":[-60.7952053,-33.10837665,-60.7952053,-33.10837665]},{"type":"Feature","id":"salud_020801.13724","geometry":{"type":"Point","coordinates":[-60.68745824,-33.02802741]},"geometry_name":"geom","properties":{"gid":13724,"entidad":0,"fna":"Centro de Salud San Vicente de Paul","gna":"Centro de Salud","nam":"San Vicente de Paul","fdc":"IGN/OSM/SISA","sag":"IGN"},"bbox":[-60.68745824,-33.02802741,-60.68745824,-33.02802741]},{"type":"Feature","id":"salud_020801.13725","geometry":{"type":"Point","coordinates":[-60.721699,-32.9662555]},"geometry_name":"geom","properties":{"gid":13725,"entidad":0,"fna":"Centro de Salud Santa María Josefa Rosello","gna":"Centro de Salud","nam":"Santa María Josefa Rosello","fdc":"IGN/SISA","sag":"IGN"},"bbox":[-60.721699,-32.9662555,-60.721699,-32.9662555]},{"type":"Feature","id":"salud_020801.13726","geometry":{"type":"Point","coordinates":[-60.65159179,-32.98123152]},"geometry_name":"geom","properties":{"gid":13726,"entidad":0,"fna":"Centro de Salud Vecinal Domingo Matheu","gna":"Centro de Salud Vecinal","nam":"Domingo Matheu","fdc":"IGN/SISA/IDE Rosario","sag":"IGN"},"bbox":[-60.65159179,-32.98123152,-60.65159179,-32.98123152]},{"type":"Feature","id":"salud_020801.13727","geometry":{"type":"Point","coordinates":[-61.57779209,-30.01303005]},"geometry_name":"geom","properties":{"gid":13727,"entidad":0,"fna":"Servicio para la Atención Médica de la Comunidad Ambrosetti","gna":"Servicio para la Atención Médica de la Comunidad","nam":"Ambrosetti","fdc":"IGN/SISA","sag":"IGN"},"bbox":[-61.57779209,-30.01303005,-61.57779209,-30.01303005]},{"type":"Feature","id":"salud_020801.13728","geometry":{"type":"Point","coordinates":[-61.17757673,-30.08742079]},"geometry_name":"geom","properties":{"gid":13728,"entidad":0,"fna":"Centro de Salud La Cabral","gna":"Centro de Salud","nam":"La Cabral","fdc":"IGN/SISA","sag":"IGN"},"bbox":[-61.17757673,-30.08742079,-61.17757673,-30.08742079]},{"type":"Feature","id":"salud_020801.13729","geometry":{"type":"Point","coordinates":[-61.24403527,-30.3159145]},"geometry_name":"geom","properties":{"gid":13729,"entidad":0,"fna":"Centro de Salud Barrio Juan XXIII","gna":"Centro de Salud","nam":"Barrio Juan XXIII","fdc":"IGN/SISA","sag":"IGN"},"bbox":[-61.24403527,-30.3159145,-61.24403527,-30.3159145]},{"type":"Feature","id":"salud_020801.13730","geometry":{"type":"Point","coordinates":[-61.1334261,-30.36997395]},"geometry_name":"geom","properties":{"gid":13730,"entidad":0,"fna":"Centro de Salud Ñanducita","gna":"Centro de Salud","nam":"Ñanducita","fdc":"IGN/SISA","sag":"IGN"},"bbox":[-61.1334261,-30.36997395,-61.1334261,-30.36997395]},{"type":"Feature","id":"salud_020801.13731","geometry":{"type":"Point","coordinates":[-60.22989537,-30.65549157]},"geometry_name":"geom","properties":{"gid":13731,"entidad":0,"fna":"Centro de Salud Cacique Ariacaiquín","gna":"Centro de Salud","nam":"Cacique Ariacaiquín","fdc":"IGN/SISA","sag":"IGN"},"bbox":[-60.22989537,-30.65549157,-60.22989537,-30.65549157]},{"type":"Feature","id":"salud_020801.13732","geometry":{"type":"Point","coordinates":[-61.27757368,-31.90635213]},"geometry_name":"geom","properties":{"gid":13732,"entidad":0,"fna":"Servicio para la Atención Médica de la Comunidad López","gna":"Servicio para la Atención Médica de la Comunidad","nam":"López","fdc":"IGN/OSM/SISA","sag":"IGN"},"bbox":[-61.27757368,-31.90635213,-61.27757368,-31.90635213]},{"type":"Feature","id":"salud_020801.13733","geometry":{"type":"Point","coordinates":[-61.22971725,-32.03132839]},"geometry_name":"geom","properties":{"gid":13733,"entidad":0,"fna":"Centro de Salud Eva Perón Barrio Oeste","gna":"Centro de Salud","nam":"Eva Perón Barrio Oeste","fdc":"IGN/SISA","sag":"IGN"},"bbox":[-61.22971725,-32.03132839,-61.22971725,-32.03132839]},{"type":"Feature","id":"salud_020801.13734","geometry":{"type":"Point","coordinates":[-61.40843151,-32.29621451]},"geometry_name":"geom","properties":{"gid":13734,"entidad":0,"fna":"Centro de Salud Centeno","gna":"Centro de Salud","nam":"Centeno","fdc":"IGN/SISA","sag":"IGN"},"bbox":[-61.40843151,-32.29621451,-61.40843151,-32.29621451]},{"type":"Feature","id":"salud_020801.13735","geometry":{"type":"Point","coordinates":[-60.57747555,-30.78959498]},"geometry_name":"geom","properties":{"gid":13735,"entidad":0,"fna":"Centro de Salud Barrio Reyes","gna":"Centro de Salud","nam":"Barrio Reyes","fdc":"IGN/SISA","sag":"IGN"},"bbox":[-60.57747555,-30.78959498,-60.57747555,-30.78959498]},{"type":"Feature","id":"salud_020801.13736","geometry":{"type":"Point","coordinates":[-60.58900165,-30.78315829]},"geometry_name":"geom","properties":{"gid":13736,"entidad":0,"fna":"Centro de Salud San José Obrero","gna":"Centro de Salud","nam":"San José Obrero","fdc":"IGN/SISA","sag":"IGN"},"bbox":[-60.58900165,-30.78315829,-60.58900165,-30.78315829]},{"type":"Feature","id":"salud_020801.13737","geometry":{"type":"Point","coordinates":[-60.42948627,-30.44786608]},"geometry_name":"geom","properties":{"gid":13737,"entidad":0,"fna":"Centro de Salud Silva","gna":"Centro de Salud","nam":"Silva","fdc":"IGN/SISA","sag":"IGN"},"bbox":[-60.42948627,-30.44786608,-60.42948627,-30.44786608]},{"type":"Feature","id":"salud_020801.13738","geometry":{"type":"Point","coordinates":[-60.60674767,-30.78742009]},"geometry_name":"geom","properties":{"gid":13738,"entidad":0,"fna":"Centro de Salud Barrio Fátima","gna":"Centro de Salud","nam":"Barrio Fátima","fdc":"IGN/SISA","sag":"IGN"},"bbox":[-60.60674767,-30.78742009,-60.60674767,-30.78742009]},{"type":"Feature","id":"salud_020801.13739","geometry":{"type":"Point","coordinates":[-60.78716061,-32.77418239]},"geometry_name":"geom","properties":{"gid":13739,"entidad":0,"fna":"Centro de Salud San Juan Bautista","gna":"Centro de Salud","nam":"San Juan Bautista","fdc":"IGN/SISA","sag":"IGN"},"bbox":[-60.78716061,-32.77418239,-60.78716061,-32.77418239]},{"type":"Feature","id":"salud_020801.13740","geometry":{"type":"Point","coordinates":[-60.71698555,-32.8320356]},"geometry_name":"geom","properties":{"gid":13740,"entidad":0,"fna":"Centro de Salud Don Segundo Pillado","gna":"Centro de Salud","nam":"Don Segundo Pillado","fdc":"IGN/SISA","sag":"IGN"},"bbox":[-60.71698555,-32.8320356,-60.71698555,-32.8320356]},{"type":"Feature","id":"salud_020801.13741","geometry":{"type":"Point","coordinates":[-60.73893767,-32.76419756]},"geometry_name":"geom","properties":{"gid":13741,"entidad":0,"fna":"Centro de Salud Villa Felisa","gna":"Centro de Salud","nam":"Villa Felisa","fdc":"IGN/SISA","sag":"IGN"},"bbox":[-60.73893767,-32.76419756,-60.73893767,-32.76419756]},{"type":"Feature","id":"salud_020801.13742","geometry":{"type":"Point","coordinates":[-61.70031309,-32.20671447]},"geometry_name":"geom","properties":{"gid":13742,"entidad":0,"fna":"Centro de Salud Doctor Fernando O. Degano","gna":"Centro de Salud","nam":"Doctor Fernando O. Degano","fdc":"IGN/SISA","sag":"IGN"},"bbox":[-61.70031309,-32.20671447,-61.70031309,-32.20671447]},{"type":"Feature","id":"salud_020801.13743","geometry":{"type":"Point","coordinates":[-60.2222069,-29.4705763]},"geometry_name":"geom","properties":{"gid":13743,"entidad":0,"fna":"Centro de Salud San Martín de Porres","gna":"Centro de Salud","nam":"San Martín de Porres","fdc":"IGN/SISA","sag":"IGN"},"bbox":[-60.2222069,-29.4705763,-60.2222069,-29.4705763]},{"type":"Feature","id":"salud_020801.13744","geometry":{"type":"Point","coordinates":[-60.17200374,-29.26535414]},"geometry_name":"geom","properties":{"gid":13744,"entidad":0,"fna":"Centro de Salud Toba","gna":"Centro de Salud","nam":"Toba","fdc":"IGN/SISA","sag":"IGN"},"bbox":[-60.17200374,-29.26535414,-60.17200374,-29.26535414]},{"type":"Feature","id":"salud_020801.13745","geometry":{"type":"Point","coordinates":[-60.23881903,-29.10797337]},"geometry_name":"geom","properties":{"gid":13745,"entidad":0,"fna":"Centro de Salud Paraje 29","gna":"Centro de Salud","nam":"Paraje 29","fdc":"IGN/SISA","sag":"IGN"},"bbox":[-60.23881903,-29.10797337,-60.23881903,-29.10797337]},{"type":"Feature","id":"salud_020801.13746","geometry":{"type":"Point","coordinates":[-60.08954239,-28.76046927]},"geometry_name":"geom","properties":{"gid":13746,"entidad":0,"fna":"Centro de Salud Colmena","gna":"Centro de Salud","nam":"Colmena","fdc":"IGN/SISA","sag":"IGN"},"bbox":[-60.08954239,-28.76046927,-60.08954239,-28.76046927]},{"type":"Feature","id":"salud_020801.13747","geometry":{"type":"Point","coordinates":[-61.01660126,-31.36553512]},"geometry_name":"geom","properties":{"gid":13747,"entidad":0,"fna":"Centro de Salud Cavour","gna":"Centro de Salud","nam":"Cavour","fdc":"IGN/SISA","sag":"IGN"},"bbox":[-61.01660126,-31.36553512,-61.01660126,-31.36553512]},{"type":"Feature","id":"salud_020801.13748","geometry":{"type":"Point","coordinates":[-60.90748312,-32.8933849]},"geometry_name":"geom","properties":{"gid":13748,"entidad":0,"fna":"Centro de Salud Beaudrix","gna":"Centro de Salud","nam":"Beaudrix","fdc":"IGN/OSM/SISA","sag":"IGN"},"bbox":[-60.90748312,-32.8933849,-60.90748312,-32.8933849]},{"type":"Feature","id":"salud_020801.13749","geometry":{"type":"Point","coordinates":[-61.40982002,-31.2827287]},"geometry_name":"geom","properties":{"gid":13749,"entidad":0,"fna":"Centro de Salud Bella Italia","gna":"Centro de Salud","nam":"Bella Italia","fdc":"IGN/SISA","sag":"IGN"},"bbox":[-61.40982002,-31.2827287,-61.40982002,-31.2827287]},{"type":"Feature","id":"salud_020801.13750","geometry":{"type":"Point","coordinates":[-61.17881317,-33.04710242]},"geometry_name":"geom","properties":{"gid":13750,"entidad":0,"fna":"Centro de Salud Nueva Roma 1","gna":"Centro de Salud","nam":"Nueva Roma 1","fdc":"IGN/SISA","sag":"IGN"},"bbox":[-61.17881317,-33.04710242,-61.17881317,-33.04710242]},{"type":"Feature","id":"salud_020801.13921","geometry":{"type":"Point","coordinates":[-55.7708238,-27.77128946]},"geometry_name":"geom","properties":{"gid":13921,"entidad":0,"fna":"Centro de Atención Primaria de la Salud Don Bosco","gna":"Centro de Atención Primaria de la Salud","nam":"Don Bosco","fdc":"IGN/SISA","sag":"IGN"},"bbox":[-55.7708238,-27.77128946,-55.7708238,-27.77128946]},{"type":"Feature","id":"salud_020801.13922","geometry":{"type":"Point","coordinates":[-55.02626878,-27.16968692]},"geometry_name":"geom","properties":{"gid":13922,"entidad":0,"fna":"Centro de Atención Primaria de la Salud 1º de Mayo","gna":"Centro de Atención Primaria de la Salud","nam":"1º de Mayo","fdc":"IGN/SISA","sag":"IGN"},"bbox":[-55.02626878,-27.16968692,-55.02626878,-27.16968692]},{"type":"Feature","id":"salud_020801.13923","geometry":{"type":"Point","coordinates":[-54.8490529,-27.20538505]},"geometry_name":"geom","properties":{"gid":13923,"entidad":0,"fna":"Centro de Atención Primaria de la Salud Picada Propaganda","gna":"Centro de Atención Primaria de la Salud","nam":"Picada Propaganda","fdc":"IGN/SISA","sag":"IGN"},"bbox":[-54.8490529,-27.20538505,-54.8490529,-27.20538505]},{"type":"Feature","id":"salud_020801.13924","geometry":{"type":"Point","coordinates":[-55.88916327,-27.44424063]},"geometry_name":"geom","properties":{"gid":13924,"entidad":0,"fna":"Centro de Atención Primaria de la Salud Los Paraísos","gna":"Centro de Atención Primaria de la Salud","nam":"Los Paraísos","fdc":"IGN/SISA","sag":"IGN"},"bbox":[-55.88916327,-27.44424063,-55.88916327,-27.44424063]},{"type":"Feature","id":"salud_020801.13925","geometry":{"type":"Point","coordinates":[-55.86940059,-27.43639289]},"geometry_name":"geom","properties":{"gid":13925,"entidad":0,"fna":"Hospital Nuestra Señora de Fátima","gna":"Hospital","nam":"Nuestra Señora de Fátima","fdc":"IGN/OSM/SISA","sag":"IGN"},"bbox":[-55.86940059,-27.43639289,-55.86940059,-27.43639289]},{"type":"Feature","id":"salud_020801.13926","geometry":{"type":"Point","coordinates":[-55.87438969,-27.42763754]},"geometry_name":"geom","properties":{"gid":13926,"entidad":0,"fna":"Centro de Atención Primaria de la Salud Miguel Lanús","gna":"Centro de Atención Primaria de la Salud","nam":"Miguel Lanús","fdc":"IGN/SISA","sag":"IGN"},"bbox":[-55.87438969,-27.42763754,-55.87438969,-27.42763754]},{"type":"Feature","id":"salud_020801.13927","geometry":{"type":"Point","coordinates":[-55.91619738,-27.41443815]},"geometry_name":"geom","properties":{"gid":13927,"entidad":0,"fna":"Centro de Atención Primaria de la Salud Nº 21 Independencia","gna":"Centro de Atención Primaria de la Salud","nam":"Nº 21 Independencia","fdc":"IGN/SISA","sag":"IGN"},"bbox":[-55.91619738,-27.41443815,-55.91619738,-27.41443815]},{"type":"Feature","id":"salud_020801.13928","geometry":{"type":"Point","coordinates":[-55.93257645,-27.4287033]},"geometry_name":"geom","properties":{"gid":13928,"entidad":0,"fna":"Centro de Atención Primaria de la Salud Nº 25 Barrio Sur","gna":"Centro de Atención Primaria de la Salud","nam":"Nº 25 Barrio Sur","fdc":"IGN/SISA","sag":"IGN"},"bbox":[-55.93257645,-27.4287033,-55.93257645,-27.4287033]},{"type":"Feature","id":"salud_020801.13929","geometry":{"type":"Point","coordinates":[-55.91744482,-27.39609448]},"geometry_name":"geom","properties":{"gid":13929,"entidad":0,"fna":"Centro de Atención Primaria de la Salud Nº 15 Alta Gracia","gna":"Centro de Atención Primaria de la Salud","nam":"Nº 15 Alta Gracia","fdc":"IGN/SISA","sag":"IGN"},"bbox":[-55.91744482,-27.39609448,-55.91744482,-27.39609448]},{"type":"Feature","id":"salud_020801.13930","geometry":{"type":"Point","coordinates":[-55.92420142,-27.40453741]},"geometry_name":"geom","properties":{"gid":13930,"entidad":0,"fna":"Centro de Atención Primaria de la Salud Nº 11 Cecilia Grierson","gna":"Centro de Atención Primaria de la Salud","nam":"Nº 11 Cecilia Grierson","fdc":"IGN/SISA","sag":"IGN"},"bbox":[-55.92420142,-27.40453741,-55.92420142,-27.40453741]},{"type":"Feature","id":"salud_020801.13931","geometry":{"type":"Point","coordinates":[-55.94458334,-27.39242054]},"geometry_name":"geom","properties":{"gid":13931,"entidad":0,"fna":"Centro de Atención Primaria de la Salud San Benito","gna":"Centro de Atención Primaria de la Salud","nam":"San Benito","fdc":"IGN/SISA","sag":"IGN"},"bbox":[-55.94458334,-27.39242054,-55.94458334,-27.39242054]},{"type":"Feature","id":"salud_020801.13932","geometry":{"type":"Point","coordinates":[-55.92118329,-27.38914891]},"geometry_name":"geom","properties":{"gid":13932,"entidad":0,"fna":"Centro de Atención Primaria de la Salud Nº 28 Barrio Tacurú","gna":"Centro de Atención Primaria de la Salud","nam":"Nº 28 Barrio Tacurú","fdc":"IGN/SISA","sag":"IGN"},"bbox":[-55.92118329,-27.38914891,-55.92118329,-27.38914891]},{"type":"Feature","id":"salud_020801.13933","geometry":{"type":"Point","coordinates":[-55.91371839,-27.37623492]},"geometry_name":"geom","properties":{"gid":13933,"entidad":0,"fna":"Centro de Atención Primaria de la Salud Nº 8 Rocamora","gna":"Centro de Atención Primaria de la Salud","nam":"Nº 8 Rocamora","fdc":"IGN/SISA","sag":"IGN"},"bbox":[-55.91371839,-27.37623492,-55.91371839,-27.37623492]},{"type":"Feature","id":"salud_020801.13934","geometry":{"type":"Point","coordinates":[-55.91120819,-27.36935138]},"geometry_name":"geom","properties":{"gid":13934,"entidad":0,"fna":"Centro de Atención Primaria de la Salud Nº 4 La Picada","gna":"Centro de Atención Primaria de la Salud","nam":"Nº 4 La Picada","fdc":"IGN/SISA","sag":"IGN"},"bbox":[-55.91120819,-27.36935138,-55.91120819,-27.36935138]},{"type":"Feature","id":"salud_020801.13935","geometry":{"type":"Point","coordinates":[-55.8860687,-27.36696144]},"geometry_name":"geom","properties":{"gid":13935,"entidad":0,"fna":"Centro de Atención Primaria de la Salud Nº 6 Villa Blossett","gna":"Centro de Atención Primaria de la Salud","nam":"Nº 6 Villa Blossett","fdc":"IGN/SISA","sag":"IGN"},"bbox":[-55.8860687,-27.36696144,-55.8860687,-27.36696144]},{"type":"Feature","id":"salud_020801.13936","geometry":{"type":"Point","coordinates":[-55.89077888,-27.38284682]},"geometry_name":"geom","properties":{"gid":13936,"entidad":0,"fna":"Hospital de Pediatría Doctor Fernando Barreyro","gna":"Hospital de Pediatría","nam":"Doctor Fernando Barreyro","fdc":"IGN/SISA","sag":"IGN"},"bbox":[-55.89077888,-27.38284682,-55.89077888,-27.38284682]},{"type":"Feature","id":"salud_020801.13937","geometry":{"type":"Point","coordinates":[-55.88955342,-27.38442166]},"geometry_name":"geom","properties":{"gid":13937,"entidad":0,"fna":"Hospital Escuela de Agudos Doctor Ramón Madariaga","gna":"Hospital Escuela de Agudos","nam":"Doctor Ramón Madariaga","fdc":"IGN/SISA","sag":"IGN"},"bbox":[-55.88955342,-27.38442166,-55.88955342,-27.38442166]},{"type":"Feature","id":"salud_020801.13938","geometry":{"type":"Point","coordinates":[-54.68883965,-26.42849927]},"geometry_name":"geom","properties":{"gid":13938,"entidad":0,"fna":"Centro de Atención Primaria de la Salud Florida","gna":"Centro de Atención Primaria de la Salud","nam":"Florida","fdc":"IGN/SISA","sag":"IGN"},"bbox":[-54.68883965,-26.42849927,-54.68883965,-26.42849927]},{"type":"Feature","id":"salud_020801.13939","geometry":{"type":"Point","coordinates":[-54.6397543,-26.44263954]},"geometry_name":"geom","properties":{"gid":13939,"entidad":0,"fna":"Centro de Atención Primaria de la Salud Villa Roulet","gna":"Centro de Atención Primaria de la Salud","nam":"Villa Roulet","fdc":"IGN/SISA","sag":"IGN"},"bbox":[-54.6397543,-26.44263954,-54.6397543,-26.44263954]},{"type":"Feature","id":"salud_020801.13940","geometry":{"type":"Point","coordinates":[-53.9936745,-25.84345288]},"geometry_name":"geom","properties":{"gid":13940,"entidad":0,"fna":"Centro de Atención Primaria de la Salud María Soledad","gna":"Centro de Atención Primaria de la Salud","nam":"María Soledad","fdc":"IGN/SISA","sag":"IGN"},"bbox":[-53.9936745,-25.84345288,-53.9936745,-25.84345288]},{"type":"Feature","id":"salud_020801.13941","geometry":{"type":"Point","coordinates":[-54.18174458,-26.3381075]},"geometry_name":"geom","properties":{"gid":13941,"entidad":0,"fna":"Centro de Atención Primaria de la Salud Aldea Tekoá Arandú","gna":"Centro de Atención Primaria de la Salud","nam":"Aldea Tekoá Arandú","fdc":"IGN/SISA","sag":"IGN"},"bbox":[-54.18174458,-26.3381075,-54.18174458,-26.3381075]},{"type":"Feature","id":"salud_020801.13942","geometry":{"type":"Point","coordinates":[-54.62057872,-26.02687224]},"geometry_name":"geom","properties":{"gid":13942,"entidad":0,"fna":"Centro de Atención Primaria de la Salud 8 de Diciembre","gna":"Centro de Atención Primaria de la Salud","nam":"8 de Diciembre","fdc":"IGN/SISA","sag":"IGN"},"bbox":[-54.62057872,-26.02687224,-54.62057872,-26.02687224]},{"type":"Feature","id":"salud_020801.13943","geometry":{"type":"Point","coordinates":[-54.536304,-25.828118]},"geometry_name":"geom","properties":{"gid":13943,"entidad":0,"fna":"Centro de Atención Primaria de la Salud San Cayetano","gna":"Centro de Atención Primaria de la Salud","nam":"San Cayetano","fdc":"IGN/SISA","sag":"IGN"},"bbox":[-54.536304,-25.828118,-54.536304,-25.828118]},{"type":"Feature","id":"salud_020801.13944","geometry":{"type":"Point","coordinates":[-55.25147934,-27.69974321]},"geometry_name":"geom","properties":{"gid":13944,"entidad":0,"fna":"Centro de Atención Primaria de la Salud Dos Arroyos","gna":"Centro de Atención Primaria de la Salud","nam":"Dos Arroyos","fdc":"IGN/SISA","sag":"IGN"},"bbox":[-55.25147934,-27.69974321,-55.25147934,-27.69974321]},{"type":"Feature","id":"salud_020801.13945","geometry":{"type":"Point","coordinates":[-55.12144853,-26.92506348]},"geometry_name":"geom","properties":{"gid":13945,"entidad":0,"fna":"Centro de Atención Primaria de la Salud San Gotardo","gna":"Centro de Atención Primaria de la Salud","nam":"San Gotardo","fdc":"IGN/SISA","sag":"IGN"},"bbox":[-55.12144853,-26.92506348,-55.12144853,-26.92506348]},{"type":"Feature","id":"salud_020801.13946","geometry":{"type":"Point","coordinates":[-55.16696925,-27.42398881]},"geometry_name":"geom","properties":{"gid":13946,"entidad":0,"fna":"Centro de Atención Primaria de la Salud Nº 2 General Alvear","gna":"Centro de Atención Primaria de la Salud","nam":"Nº 2 General Alvear","fdc":"IGN/SISA","sag":"IGN"},"bbox":[-55.16696925,-27.42398881,-55.16696925,-27.42398881]},{"type":"Feature","id":"salud_020801.13947","geometry":{"type":"Point","coordinates":[-55.23158312,-27.36196235]},"geometry_name":"geom","properties":{"gid":13947,"entidad":0,"fna":"Centro de Atención Primaria de la Salud Colonia Alberdi","gna":"Centro de Atención Primaria de la Salud","nam":"Colonia Alberdi","fdc":"IGN/SISA","sag":"IGN"},"bbox":[-55.23158312,-27.36196235,-55.23158312,-27.36196235]},{"type":"Feature","id":"salud_020801.13948","geometry":{"type":"Point","coordinates":[-54.72979105,-27.23545185]},"geometry_name":"geom","properties":{"gid":13948,"entidad":0,"fna":"Centro de Atención Primaria de la Salud Primavera","gna":"Centro de Atención Primaria de la Salud","nam":"Primavera","fdc":"IGN/SISA","sag":"IGN"},"bbox":[-54.72979105,-27.23545185,-54.72979105,-27.23545185]},{"type":"Feature","id":"salud_020801.13949","geometry":{"type":"Point","coordinates":[-53.94173868,-26.54201416]},"geometry_name":"geom","properties":{"gid":13949,"entidad":0,"fna":"Centro de Atención Primaria de la Salud Cruce Caballero","gna":"Centro de Atención Primaria de la Salud","nam":"Cruce Caballero","fdc":"IGN/SISA","sag":"IGN"},"bbox":[-53.94173868,-26.54201416,-53.94173868,-26.54201416]},{"type":"Feature","id":"salud_020801.13950","geometry":{"type":"Point","coordinates":[-54.14786529,-26.34769794]},"geometry_name":"geom","properties":{"gid":13950,"entidad":0,"fna":"Centro de Atención Primaria de la Salud Pozo Azul","gna":"Centro de Atención Primaria de la Salud","nam":"Pozo Azul","fdc":"IGN/SISA","sag":"IGN"},"bbox":[-54.14786529,-26.34769794,-54.14786529,-26.34769794]},{"type":"Feature","id":"salud_020801.13951","geometry":{"type":"Point","coordinates":[-53.88088496,-26.43901304]},"geometry_name":"geom","properties":{"gid":13951,"entidad":0,"fna":"Centro de Atención Primaria de la Salud Santa Rosa","gna":"Centro de Atención Primaria de la Salud","nam":"Santa Rosa","fdc":"IGN/SISA","sag":"IGN"},"bbox":[-53.88088496,-26.43901304,-53.88088496,-26.43901304]},{"type":"Feature","id":"salud_020801.13952","geometry":{"type":"Point","coordinates":[-55.89604257,-27.39469807]},"geometry_name":"geom","properties":{"gid":13952,"entidad":0,"fna":"Hospital Materno Neonatal","gna":"Hospital Materno Neonatal","nam":null,"fdc":"IGN/SISA","sag":"IGN"},"bbox":[-55.89604257,-27.39469807,-55.89604257,-27.39469807]},{"type":"Feature","id":"salud_020801.13953","geometry":{"type":"Point","coordinates":[-55.67604837,-28.06113762]},"geometry_name":"geom","properties":{"gid":13953,"entidad":0,"fna":"Hospital Azara","gna":"Hospital","nam":"Azara","fdc":"IGN/OSM/SISA","sag":"IGN"},"bbox":[-55.67604837,-28.06113762,-55.67604837,-28.06113762]},{"type":"Feature","id":"salud_020801.14073","geometry":{"type":"Point","coordinates":[-61.52842886,-28.66799996]},"geometry_name":"geom","properties":{"gid":14073,"entidad":0,"fna":"Centro de Salud San Bernardo","gna":"Centro de Salud","nam":"San Bernardo","fdc":"IGN/SISA","sag":"IGN"},"bbox":[-61.52842886,-28.66799996,-61.52842886,-28.66799996]},{"type":"Feature","id":"salud_020801.14074","geometry":{"type":"Point","coordinates":[-61.79150992,-33.09002574]},"geometry_name":"geom","properties":{"gid":14074,"entidad":0,"fna":"Servicio para la Atención Médica de la Comunidad Doctor Adolfo Vittori","gna":"Servicio para la Atención Médica de la Comunidad","nam":"Doctor Adolfo Vittori","fdc":"IGN/SISA","sag":"IGN"},"bbox":[-61.79150992,-33.09002574,-61.79150992,-33.09002574]},{"type":"Feature","id":"salud_020801.14075","geometry":{"type":"Point","coordinates":[-61.47957487,-33.44584636]},"geometry_name":"geom","properties":{"gid":14075,"entidad":0,"fna":"Centro de Salud Horacio Fredrikkson","gna":"Centro de Salud","nam":"Horacio Fredrikkson","fdc":"IGN/SISA","sag":"IGN"},"bbox":[-61.47957487,-33.44584636,-61.47957487,-33.44584636]},{"type":"Feature","id":"salud_020801.14076","geometry":{"type":"Point","coordinates":[-61.96877322,-33.73618104]},"geometry_name":"geom","properties":{"gid":14076,"entidad":0,"fna":"Centro de Salud Materno Infantil","gna":"Centro de Salud Materno Infantil","nam":null,"fdc":"IGN/SISA","sag":"IGN"},"bbox":[-61.96877322,-33.73618104,-61.96877322,-33.73618104]},{"type":"Feature","id":"salud_020801.14077","geometry":{"type":"Point","coordinates":[-61.97814165,-33.72679682]},"geometry_name":"geom","properties":{"gid":14077,"entidad":0,"fna":"Centro de Salud Barrio Malvinas Argentinas","gna":"Centro de Salud","nam":"Barrio Malvinas Argentinas","fdc":"IGN/SISA","sag":"IGN"},"bbox":[-61.97814165,-33.72679682,-61.97814165,-33.72679682]},{"type":"Feature","id":"salud_020801.14078","geometry":{"type":"Point","coordinates":[-59.58533662,-28.2266232]},"geometry_name":"geom","properties":{"gid":14078,"entidad":0,"fna":"Centro de Salud San Juan","gna":"Centro de Salud","nam":"San Juan","fdc":"IGN/SISA","sag":"IGN"},"bbox":[-59.58533662,-28.2266232,-59.58533662,-28.2266232]},{"type":"Feature","id":"salud_020801.14079","geometry":{"type":"Point","coordinates":[-59.28485676,-28.35126486]},"geometry_name":"geom","properties":{"gid":14079,"entidad":0,"fna":"Centro de Salud El Yaguareté","gna":"Centro de Salud","nam":"El Yaguareté","fdc":"IGN/SISA","sag":"IGN"},"bbox":[-59.28485676,-28.35126486,-59.28485676,-28.35126486]},{"type":"Feature","id":"salud_020801.14080","geometry":{"type":"Point","coordinates":[-59.42748859,-28.65585024]},"geometry_name":"geom","properties":{"gid":14080,"entidad":0,"fna":"Centro de Salud El Sombrerito","gna":"Centro de Salud","nam":"El Sombrerito","fdc":"IGN/SISA","sag":"IGN"},"bbox":[-59.42748859,-28.65585024,-59.42748859,-28.65585024]},{"type":"Feature","id":"salud_020801.14081","geometry":{"type":"Point","coordinates":[-60.74708858,-31.09905319]},"geometry_name":"geom","properties":{"gid":14081,"entidad":0,"fna":"Centro de Salud Cabal","gna":"Centro de Salud","nam":"Cabal","fdc":"IGN/SISA","sag":"IGN"},"bbox":[-60.74708858,-31.09905319,-60.74708858,-31.09905319]},{"type":"Feature","id":"salud_020801.14082","geometry":{"type":"Point","coordinates":[-60.6646714,-33.1754216]},"geometry_name":"geom","properties":{"gid":14082,"entidad":0,"fna":"Servicio para la Atención Médica de la Comunidad Villa Amelia","gna":"Servicio para la Atención Médica de la Comunidad","nam":"Villa Amelia","fdc":"IGN/SISA","sag":"IGN"},"bbox":[-60.6646714,-33.1754216,-60.6646714,-33.1754216]},{"type":"Feature","id":"salud_020801.14083","geometry":{"type":"Point","coordinates":[-60.65753329,-33.02046077]},"geometry_name":"geom","properties":{"gid":14083,"entidad":0,"fna":"Centro de Salud Nº 15 Juan Domingo Perón","gna":"Centro de Salud","nam":"Nº 15 Juan Domingo Perón","fdc":"IGN/SISA","sag":"IGN"},"bbox":[-60.65753329,-33.02046077,-60.65753329,-33.02046077]},{"type":"Feature","id":"salud_020801.14084","geometry":{"type":"Point","coordinates":[-60.61472564,-32.99837701]},"geometry_name":"geom","properties":{"gid":14084,"entidad":0,"fna":"Centro de Salud El Mangrullo","gna":"Centro de Salud","nam":"El Mangrullo","fdc":"IGN/SISA","sag":"IGN"},"bbox":[-60.61472564,-32.99837701,-60.61472564,-32.99837701]},{"type":"Feature","id":"salud_020801.14085","geometry":{"type":"Point","coordinates":[-60.62496121,-32.99306657]},"geometry_name":"geom","properties":{"gid":14085,"entidad":0,"fna":"Centro de Salud Nº 29 Aráoz de La Madrid","gna":"Centro de Salud","nam":"Nº 29 Aráoz de La Madrid","fdc":"IGN/SISA","sag":"IGN"},"bbox":[-60.62496121,-32.99306657,-60.62496121,-32.99306657]},{"type":"Feature","id":"salud_020801.14086","geometry":{"type":"Point","coordinates":[-60.70137105,-32.95784343]},"geometry_name":"geom","properties":{"gid":14086,"entidad":0,"fna":"Centro de Salud Villa Urquiza","gna":"Centro de Salud","nam":"Villa Urquiza","fdc":"IGN/SISA","sag":"IGN"},"bbox":[-60.70137105,-32.95784343,-60.70137105,-32.95784343]},{"type":"Feature","id":"salud_020801.14087","geometry":{"type":"Point","coordinates":[-60.69940486,-32.94452867]},"geometry_name":"geom","properties":{"gid":14087,"entidad":0,"fna":"Centro de Salud Jean Henry Dunant","gna":"Centro de Salud","nam":"Jean Henry Dunant","fdc":"IGN/OSM/SISA/IDE Rosario","sag":"IGN"},"bbox":[-60.69940486,-32.94452867,-60.69940486,-32.94452867]},{"type":"Feature","id":"salud_020801.14088","geometry":{"type":"Point","coordinates":[-60.69182459,-32.93005705]},"geometry_name":"geom","properties":{"gid":14088,"entidad":0,"fna":"Centro de Salud Doctor Roque Coulin","gna":"Centro de Salud","nam":"Doctor Roque Coulin","fdc":"IGN/SISA/IDE Rosario","sag":"IGN"},"bbox":[-60.69182459,-32.93005705,-60.69182459,-32.93005705]},{"type":"Feature","id":"salud_020801.14089","geometry":{"type":"Point","coordinates":[-60.663497,-32.93999452]},"geometry_name":"geom","properties":{"gid":14089,"entidad":0,"fna":"Centro Regional de Salud Mental Doctor Agudo Ávila","gna":"Centro Regional de Salud Mental","nam":"Doctor Agudo Ávila","fdc":"IGN/SISA","sag":"IGN"},"bbox":[-60.663497,-32.93999452,-60.663497,-32.93999452]},{"type":"Feature","id":"salud_020801.14090","geometry":{"type":"Point","coordinates":[-60.62834147,-32.9810327]},"geometry_name":"geom","properties":{"gid":14090,"entidad":0,"fna":"Centro de Salud Gerontocomio Municipal","gna":"Centro de Salud","nam":"Gerontocomio Municipal","fdc":"IGN/SISA","sag":"IGN"},"bbox":[-60.62834147,-32.9810327,-60.62834147,-32.9810327]},{"type":"Feature","id":"salud_020801.14091","geometry":{"type":"Point","coordinates":[-61.00352459,-30.41903718]},"geometry_name":"geom","properties":{"gid":14091,"entidad":0,"fna":"Centro de Salud La Lucila","gna":"Centro de Salud","nam":"La Lucila","fdc":"IGN/SISA","sag":"IGN"},"bbox":[-61.00352459,-30.41903718,-61.00352459,-30.41903718]},{"type":"Feature","id":"salud_020801.14092","geometry":{"type":"Point","coordinates":[-60.64420569,-31.04067719]},"geometry_name":"geom","properties":{"gid":14092,"entidad":0,"fna":"Centro de Salud Esther","gna":"Centro de Salud","nam":"Esther","fdc":"IGN/SISA","sag":"IGN"},"bbox":[-60.64420569,-31.04067719,-60.64420569,-31.04067719]},{"type":"Feature","id":"salud_020801.14093","geometry":{"type":"Point","coordinates":[-60.74518579,-32.73471921]},"geometry_name":"geom","properties":{"gid":14093,"entidad":0,"fna":"Centro de Salud Capitán Bermúdez","gna":"Centro de Salud","nam":"Capitán Bermúdez","fdc":"IGN/SISA","sag":"IGN"},"bbox":[-60.74518579,-32.73471921,-60.74518579,-32.73471921]},{"type":"Feature","id":"salud_020801.14094","geometry":{"type":"Point","coordinates":[-60.73933007,-32.74590426]},"geometry_name":"geom","properties":{"gid":14094,"entidad":0,"fna":"Centro de Salud Remedios de Escalada","gna":"Centro de Salud","nam":"Remedios de Escalada","fdc":"IGN/SISA","sag":"IGN"},"bbox":[-60.73933007,-32.74590426,-60.73933007,-32.74590426]},{"type":"Feature","id":"salud_020801.14095","geometry":{"type":"Point","coordinates":[-60.74117044,-32.75401513]},"geometry_name":"geom","properties":{"gid":14095,"entidad":0,"fna":"Centro de Salud Mariano Moreno","gna":"Centro de Salud","nam":"Mariano Moreno","fdc":"IGN/SISA","sag":"IGN"},"bbox":[-60.74117044,-32.75401513,-60.74117044,-32.75401513]},{"type":"Feature","id":"salud_020801.14096","geometry":{"type":"Point","coordinates":[-60.74699422,-32.74676472]},"geometry_name":"geom","properties":{"gid":14096,"entidad":0,"fna":"Centro de Salud Virgen de Itatí","gna":"Centro de Salud","nam":"Virgen de Itatí","fdc":"IGN/SISA","sag":"IGN"},"bbox":[-60.74699422,-32.74676472,-60.74699422,-32.74676472]},{"type":"Feature","id":"salud_020801.14097","geometry":{"type":"Point","coordinates":[-60.72428908,-32.77774287]},"geometry_name":"geom","properties":{"gid":14097,"entidad":0,"fna":"Centro de Salud 2 de Abril","gna":"Centro de Salud","nam":"2 de Abril","fdc":"IGN/SISA","sag":"IGN"},"bbox":[-60.72428908,-32.77774287,-60.72428908,-32.77774287]},{"type":"Feature","id":"salud_020801.14293","geometry":{"type":"Point","coordinates":[-58.25358746,-26.25454036]},"geometry_name":"geom","properties":{"gid":14293,"entidad":0,"fna":"Centro de Salud Villa del Carmen","gna":"Centro de Salud","nam":"Villa del Carmen","fdc":"IGN/SISA","sag":"IGN"},"bbox":[-58.25358746,-26.25454036,-58.25358746,-26.25454036]},{"type":"Feature","id":"salud_020801.14294","geometry":{"type":"Point","coordinates":[-58.20945067,-26.20650029]},"geometry_name":"geom","properties":{"gid":14294,"entidad":0,"fna":"Centro de Salud Doctor Mario Jorge Krimer","gna":"Centro de Salud","nam":"Doctor Mario Jorge Krimer","fdc":"IGN/SISA","sag":"IGN"},"bbox":[-58.20945067,-26.20650029,-58.20945067,-26.20650029]},{"type":"Feature","id":"salud_020801.14295","geometry":{"type":"Point","coordinates":[-58.22136084,-26.19277691]},"geometry_name":"geom","properties":{"gid":14295,"entidad":0,"fna":"Centro de Salud Luis María Codda","gna":"Centro de Salud","nam":"Luis María Codda","fdc":"IGN/SISA","sag":"IGN"},"bbox":[-58.22136084,-26.19277691,-58.22136084,-26.19277691]},{"type":"Feature","id":"salud_020801.14296","geometry":{"type":"Point","coordinates":[-58.17506477,-26.19312502]},"geometry_name":"geom","properties":{"gid":14296,"entidad":0,"fna":"Hospital de la Madre y el Niño","gna":"Hospital","nam":"de la Madre y el Niño","fdc":"IGN/SISA","sag":"IGN"},"bbox":[-58.17506477,-26.19312502,-58.17506477,-26.19312502]},{"type":"Feature","id":"salud_020801.14297","geometry":{"type":"Point","coordinates":[-58.16510749,-26.13245545]},"geometry_name":"geom","properties":{"gid":14297,"entidad":0,"fna":"Centro de Salud 7 de Mayo","gna":"Centro de Salud","nam":"7 de Mayo","fdc":"IGN/SISA","sag":"IGN"},"bbox":[-58.16510749,-26.13245545,-58.16510749,-26.13245545]},{"type":"Feature","id":"salud_020801.14298","geometry":{"type":"Point","coordinates":[-60.46285499,-24.75412604]},"geometry_name":"geom","properties":{"gid":14298,"entidad":0,"fna":"Centro de Salud Juan Bautista Alberdi","gna":"Centro de Salud","nam":"Juan Bautista Alberdi","fdc":"IGN/SISA","sag":"IGN"},"bbox":[-60.46285499,-24.75412604,-60.46285499,-24.75412604]},{"type":"Feature","id":"salud_020801.14299","geometry":{"type":"Point","coordinates":[-59.34012826,-25.56314887]},"geometry_name":"geom","properties":{"gid":14299,"entidad":0,"fna":"Hospital Provincial Palo Santo","gna":"Hospital Provincial","nam":"Palo Santo","fdc":"IGN/OSM/SISA","sag":"IGN"},"bbox":[-59.34012826,-25.56314887,-59.34012826,-25.56314887]},{"type":"Feature","id":"salud_020801.14300","geometry":{"type":"Point","coordinates":[-59.07448251,-26.20269522]},"geometry_name":"geom","properties":{"gid":14300,"entidad":0,"fna":"Hospital Colonia Campo Villafañe Doctor Justo Pastor Mongelos","gna":"Hospital","nam":"Colonia Campo Villafañe Doctor Justo Pastor Mongelos","fdc":"IGN/SISA","sag":"IGN"},"bbox":[-59.07448251,-26.20269522,-59.07448251,-26.20269522]},{"type":"Feature","id":"salud_020801.14301","geometry":{"type":"Point","coordinates":[-59.36722233,-26.19024646]},"geometry_name":"geom","properties":{"gid":14301,"entidad":0,"fna":"Hospital Provincial Villa Kilómetro 213","gna":"Hospital Provincial","nam":"Villa Kilómetro 213","fdc":"IGN/SISA","sag":"IGN"},"bbox":[-59.36722233,-26.19024646,-59.36722233,-26.19024646]},{"type":"Feature","id":"salud_020801.14302","geometry":{"type":"Point","coordinates":[-62.26698106,-22.85177379]},"geometry_name":"geom","properties":{"gid":14302,"entidad":0,"fna":"Centro de Salud El Tucumancito","gna":"Centro de Salud","nam":"El Tucumancito","fdc":"IGN/SISA","sag":"IGN"},"bbox":[-62.26698106,-22.85177379,-62.26698106,-22.85177379]},{"type":"Feature","id":"salud_020801.14309","geometry":{"type":"Point","coordinates":[-59.15553052,-32.91914318]},"geometry_name":"geom","properties":{"gid":14309,"entidad":0,"fna":"Centro de Salud Villa Jardín","gna":"Centro de Salud","nam":"Villa Jardín","fdc":"IGN/SISA","sag":"IGN"},"bbox":[-59.15553052,-32.91914318,-59.15553052,-32.91914318]},{"type":"Feature","id":"salud_020801.14310","geometry":{"type":"Point","coordinates":[-60.02745937,-32.33764922]},"geometry_name":"geom","properties":{"gid":14310,"entidad":0,"fna":"Centro de Salud Martín Fierro","gna":"Centro de Salud","nam":"Martín Fierro","fdc":"IGN/SISA","sag":"IGN"},"bbox":[-60.02745937,-32.33764922,-60.02745937,-32.33764922]},{"type":"Feature","id":"salud_020801.14311","geometry":{"type":"Point","coordinates":[-60.47992829,-31.76701911]},"geometry_name":"geom","properties":{"gid":14311,"entidad":0,"fna":"Centro de Atención Primaria de la Salud Papa Francisco","gna":"Centro de Atención Primaria de la Salud","nam":"Papa Francisco","fdc":"IGN/SISA","sag":"IGN"},"bbox":[-60.47992829,-31.76701911,-60.47992829,-31.76701911]},{"type":"Feature","id":"salud_020801.14312","geometry":{"type":"Point","coordinates":[-60.53321393,-31.75397017]},"geometry_name":"geom","properties":{"gid":14312,"entidad":0,"fna":"Hospital de la Baxada Doctora Teresa Ratto","gna":"Hospital","nam":"de la Baxada Doctora Teresa Ratto","fdc":"IGN/SISA","sag":"IGN"},"bbox":[-60.53321393,-31.75397017,-60.53321393,-31.75397017]},{"type":"Feature","id":"salud_020801.14313","geometry":{"type":"Point","coordinates":[-60.54137236,-31.72927289]},"geometry_name":"geom","properties":{"gid":14313,"entidad":0,"fna":"Centro de Salud Doctor Salustiano Minguillón","gna":"Centro de Salud","nam":"Doctor Salustiano Mniguillón","fdc":"IGN/SISA","sag":"IGN"},"bbox":[-60.54137236,-31.72927289,-60.54137236,-31.72927289]},{"type":"Feature","id":"salud_020801.14314","geometry":{"type":"Point","coordinates":[-58.50157142,-31.63063559]},"geometry_name":"geom","properties":{"gid":14314,"entidad":0,"fna":"Centro Atención Primaria de la Salud Barrio Lourdes","gna":"Centro Atención Primaria de la Salud","nam":"Barrio Lourdes","fdc":"IGN/SISA","sag":"IGN"},"bbox":[-58.50157142,-31.63063559,-58.50157142,-31.63063559]},{"type":"Feature","id":"salud_020801.14315","geometry":{"type":"Point","coordinates":[-58.5201685,-33.00909247]},"geometry_name":"geom","properties":{"gid":14315,"entidad":0,"fna":"Centro de Salud Luis Maradey","gna":"Centro de Salud","nam":"Luis Maradey","fdc":"IGN/SISA","sag":"IGN"},"bbox":[-58.5201685,-33.00909247,-58.5201685,-33.00909247]},{"type":"Feature","id":"salud_020801.14316","geometry":{"type":"Point","coordinates":[-58.87548678,-33.85923323]},"geometry_name":"geom","properties":{"gid":14316,"entidad":0,"fna":"Centro de Salud Brazo Largo","gna":"Centro de Salud","nam":"Brazo Largo","fdc":"IGN/SISA","sag":"IGN"},"bbox":[-58.87548678,-33.85923323,-58.87548678,-33.85923323]},{"type":"Feature","id":"salud_020801.14317","geometry":{"type":"Point","coordinates":[-59.78793572,-30.94709816]},"geometry_name":"geom","properties":{"gid":14317,"entidad":0,"fna":"Centro Materno Infantil Santa Elena","gna":"Centro Materno Infantil","nam":"Santa Elena","fdc":"IGN/SISA/Street View","sag":"IGN"},"bbox":[-59.78793572,-30.94709816,-59.78793572,-30.94709816]},{"type":"Feature","id":"salud_020801.14321","geometry":{"type":"Point","coordinates":[-59.03122958,-27.41567429]},"geometry_name":"geom","properties":{"gid":14321,"entidad":0,"fna":"Hospital Luis Fleitas","gna":"Hospital","nam":"Luis Fleitas","fdc":"IGN/SISA","sag":"IGN"},"bbox":[-59.03122958,-27.41567429,-59.03122958,-27.41567429]},{"type":"Feature","id":"salud_020801.14322","geometry":{"type":"Point","coordinates":[-59.84037758,-26.99992569]},"geometry_name":"geom","properties":{"gid":14322,"entidad":0,"fna":"Hospital Tomás Nicolás Amigo","gna":"Hospital","nam":"Tomás Nicolás Amigo","fdc":"IGN/SISA","sag":"IGN"},"bbox":[-59.84037758,-26.99992569,-59.84037758,-26.99992569]},{"type":"Feature","id":"salud_020801.14323","geometry":{"type":"Point","coordinates":[-60.22487945,-26.8786283]},"geometry_name":"geom","properties":{"gid":14323,"entidad":0,"fna":"Hospital Doctor Emilio Federico Rodríguez","gna":"Hospital","nam":"Doctor Emilio Federico Rodríguez","fdc":"IGN/SISA","sag":"IGN"},"bbox":[-60.22487945,-26.8786283,-60.22487945,-26.8786283]},{"type":"Feature","id":"salud_020801.14324","geometry":{"type":"Point","coordinates":[-60.41669406,-27.28348575]},"geometry_name":"geom","properties":{"gid":14324,"entidad":0,"fna":"Hospital Rural Doctor Pedro R. Salica","gna":"Hospital Rural","nam":"Doctor Pedro R. Salica","fdc":"IGN/OSM/SISA","sag":"IGN"},"bbox":[-60.41669406,-27.28348575,-60.41669406,-27.28348575]},{"type":"Feature","id":"salud_020801.14325","geometry":{"type":"Point","coordinates":[-59.5615,-26.80435]},"geometry_name":"geom","properties":{"gid":14325,"entidad":0,"fna":"Hospital Capitán Solari","gna":"Hospital","nam":"Capitán Solari","fdc":"IGN/SISA","sag":"IGN"},"bbox":[-59.5615,-26.80435,-59.5615,-26.80435]},{"type":"Feature","id":"salud_020801.14326","geometry":{"type":"Point","coordinates":[-61.17646066,-26.50252381]},"geometry_name":"geom","properties":{"gid":14326,"entidad":0,"fna":"Hospital Almirante Brown","gna":"Hospital","nam":"Almirante Brown","fdc":"IGN/SISA","sag":"IGN"},"bbox":[-61.17646066,-26.50252381,-61.17646066,-26.50252381]},{"type":"Feature","id":"salud_020801.14327","geometry":{"type":"Point","coordinates":[-61.18729013,-27.2086467]},"geometry_name":"geom","properties":{"gid":14327,"entidad":0,"fna":"Hospital Doctor Enrique V. de Llamas","gna":"Hospital","nam":"Doctor Enrique V. de Llamas","fdc":"IGN/SISA","sag":"IGN"},"bbox":[-61.18729013,-27.2086467,-61.18729013,-27.2086467]},{"type":"Feature","id":"salud_020801.14328","geometry":{"type":"Point","coordinates":[-60.44638505,-26.77551608]},"geometry_name":"geom","properties":{"gid":14328,"entidad":0,"fna":"Hospital 4 de Junio Ramón Carrillo","gna":"Hospital","nam":"4 de Junio Ramón Carrillo","fdc":"IGN/SISA","sag":"IGN"},"bbox":[-60.44638505,-26.77551608,-60.44638505,-26.77551608]},{"type":"Feature","id":"salud_020801.14329","geometry":{"type":"Point","coordinates":[-59.3788344,-27.12398108]},"geometry_name":"geom","properties":{"gid":14329,"entidad":0,"fna":"Hospital Doctor Ángel Rodríguez Gusalli","gna":"Hospital","nam":"Doctor Ángel Rodríguez Gusalli","fdc":"IGN/SISA","sag":"IGN"},"bbox":[-59.3788344,-27.12398108,-59.3788344,-27.12398108]},{"type":"Feature","id":"salud_020801.14330","geometry":{"type":"Point","coordinates":[-60.26694801,-25.64491564]},"geometry_name":"geom","properties":{"gid":14330,"entidad":0,"fna":"Hospital Presidente Néstor Kirchner","gna":"Hospital","nam":"Presidente Néstor Kirchner","fdc":"IGN/SISA","sag":"IGN"},"bbox":[-60.26694801,-25.64491564,-60.26694801,-25.64491564]},{"type":"Feature","id":"salud_020801.14331","geometry":{"type":"Point","coordinates":[-59.08986699,-27.37187461]},"geometry_name":"geom","properties":{"gid":14331,"entidad":0,"fna":"Hospital Doctor Céspedes Oxley","gna":"Hospital","nam":"Doctor Céspedes Oxley","fdc":"IGN/SISA","sag":"IGN"},"bbox":[-59.08986699,-27.37187461,-59.08986699,-27.37187461]},{"type":"Feature","id":"salud_020801.14332","geometry":{"type":"Point","coordinates":[-61.3458207,-27.60422257]},"geometry_name":"geom","properties":{"gid":14332,"entidad":0,"fna":"Hospital Doctor Artemio Zeno","gna":"Hospital","nam":"Doctor Artemio Zeno","fdc":"IGN/SISA","sag":"IGN"},"bbox":[-61.3458207,-27.60422257,-61.3458207,-27.60422257]},{"type":"Feature","id":"salud_020801.14333","geometry":{"type":"Point","coordinates":[-60.04202064,-26.92461348]},"geometry_name":"geom","properties":{"gid":14333,"entidad":0,"fna":"Hospital Doctor Andrés Díaz y Pereyro","gna":"Hospital","nam":"Doctor Andrés Díaz y Pereyro","fdc":"IGN/SISA","sag":"IGN"},"bbox":[-60.04202064,-26.92461348,-60.04202064,-26.92461348]},{"type":"Feature","id":"salud_020801.14345","geometry":{"type":"Point","coordinates":[-58.80660982,-27.46722362]},"geometry_name":"geom","properties":{"gid":14345,"entidad":0,"fna":"Sala de Atención Primaria de la Salud Doctor Gobernador Juan Pujol","gna":"Sala de Atención Primaria de la Salud","nam":"Doctor Gobernador Juan Pujol","fdc":"IGN/SISA","sag":"IGN"},"bbox":[-58.80660982,-27.46722362,-58.80660982,-27.46722362]},{"type":"Feature","id":"salud_020801.14346","geometry":{"type":"Point","coordinates":[-58.84739099,-27.48548081]},"geometry_name":"geom","properties":{"gid":14346,"entidad":0,"fna":"Sala de Atención Primaria de la Salud Elías Galván","gna":"Sala de Atención Primaria de la Salud","nam":"Elías Galván","fdc":"IGN/SISA","sag":"IGN"},"bbox":[-58.84739099,-27.48548081,-58.84739099,-27.48548081]},{"type":"Feature","id":"salud_020801.14347","geometry":{"type":"Point","coordinates":[-58.82294708,-27.48886588]},"geometry_name":"geom","properties":{"gid":14347,"entidad":0,"fna":"Sala de Atención Primaria de la Salud San Marcos","gna":"Sala de Atención Primaria de la Salud","nam":"San Marcos","fdc":"IGN/SISA","sag":"IGN"},"bbox":[-58.82294708,-27.48886588,-58.82294708,-27.48886588]},{"type":"Feature","id":"salud_020801.14348","geometry":{"type":"Point","coordinates":[-58.14340238,-32.23195516]},"geometry_name":"geom","properties":{"gid":14348,"entidad":0,"fna":"Centro de Salud Medalla Milagrosa","gna":"Centro de Salud","nam":"Medalla Milagrosa","fdc":"IGN/SISA","sag":"IGN"},"bbox":[-58.14340238,-32.23195516,-58.14340238,-32.23195516]},{"type":"Feature","id":"salud_020801.14349","geometry":{"type":"Point","coordinates":[-60.25375606,-31.95886932]},"geometry_name":"geom","properties":{"gid":14349,"entidad":0,"fna":"Centro de Salud Doctor Anselmo Jacob","gna":"Centro de Salud","nam":"Doctor Anselmo Jacob","fdc":"IGN/SISA","sag":"IGN"},"bbox":[-60.25375606,-31.95886932,-60.25375606,-31.95886932]},{"type":"Feature","id":"salud_020801.14350","geometry":{"type":"Point","coordinates":[-60.54346526,-31.72788478]},"geometry_name":"geom","properties":{"gid":14350,"entidad":0,"fna":"Centro de Salud Pablo Balbi","gna":"Centro de Salud","nam":"Pablo Balbi","fdc":"IGN/SISA","sag":"IGN"},"bbox":[-60.54346526,-31.72788478,-60.54346526,-31.72788478]},{"type":"Feature","id":"salud_020801.14351","geometry":{"type":"Point","coordinates":[-59.02664705,-31.86211038]},"geometry_name":"geom","properties":{"gid":14351,"entidad":0,"fna":"Centro Buen Pastor","gna":"Centro","nam":"Buen Pastor","fdc":"IGN/SISA","sag":"IGN"},"bbox":[-59.02664705,-31.86211038,-59.02664705,-31.86211038]},{"type":"Feature","id":"salud_020801.14352","geometry":{"type":"Point","coordinates":[-60.49690396,-31.73433823]},"geometry_name":"geom","properties":{"gid":14352,"entidad":0,"fna":"Centro de Salud Cecilia Grierson","gna":"Centro de Salud","nam":"Cecilia Grierson","fdc":"IGN/SISA","sag":"IGN"},"bbox":[-60.49690396,-31.73433823,-60.49690396,-31.73433823]},{"type":"Feature","id":"salud_020801.14353","geometry":{"type":"Point","coordinates":[-60.48712932,-31.77786947]},"geometry_name":"geom","properties":{"gid":14353,"entidad":0,"fna":"Centro de Salud Jorge Newbery","gna":"Centro de Salud","nam":"Jorge Newbery","fdc":"IGN/SISA","sag":"IGN"},"bbox":[-60.48712932,-31.77786947,-60.48712932,-31.77786947]},{"type":"Feature","id":"salud_020801.14354","geometry":{"type":"Point","coordinates":[-60.52133851,-31.73019079]},"geometry_name":"geom","properties":{"gid":14354,"entidad":0,"fna":"Hospital Materno Infantil San Roque","gna":"Hospital Materno Infantil","nam":"San Roque","fdc":"IGN/SISA","sag":"IGN"},"bbox":[-60.52133851,-31.73019079,-60.52133851,-31.73019079]},{"type":"Feature","id":"salud_020801.14355","geometry":{"type":"Point","coordinates":[-60.51479568,-31.72293476]},"geometry_name":"geom","properties":{"gid":14355,"entidad":0,"fna":"Centro de Salud Selig Goldin","gna":"Centro de Salud","nam":"Selig Goldin","fdc":"IGN/SISA","sag":"IGN"},"bbox":[-60.51479568,-31.72293476,-60.51479568,-31.72293476]},{"type":"Feature","id":"salud_020801.14356","geometry":{"type":"Point","coordinates":[-60.53125869,-31.75082142]},"geometry_name":"geom","properties":{"gid":14356,"entidad":0,"fna":"Centro de Salud Antonini","gna":"Centro de Salud","nam":"Antonini","fdc":"IGN/SISA","sag":"IGN"},"bbox":[-60.53125869,-31.75082142,-60.53125869,-31.75082142]},{"type":"Feature","id":"salud_020801.14357","geometry":{"type":"Point","coordinates":[-60.42743845,-31.93604014]},"geometry_name":"geom","properties":{"gid":14357,"entidad":0,"fna":"Centro de Salud Doctor Luis A. Etchevehere","gna":"Centro de Salud","nam":"Doctor Luis A. Etchevehere","fdc":"IGN/SISA","sag":"IGN"},"bbox":[-60.42743845,-31.93604014,-60.42743845,-31.93604014]},{"type":"Feature","id":"salud_020801.14358","geometry":{"type":"Point","coordinates":[-60.16713335,-31.4628961]},"geometry_name":"geom","properties":{"gid":14358,"entidad":0,"fna":"Centro de Salud Don Antonio Tardelli","gna":"Centro de Salud","nam":"Don Antonio Tardelli","fdc":"IGN/SISA","sag":"IGN"},"bbox":[-60.16713335,-31.4628961,-60.16713335,-31.4628961]},{"type":"Feature","id":"salud_020801.14359","geometry":{"type":"Point","coordinates":[-59.90161273,-31.66932227]},"geometry_name":"geom","properties":{"gid":14359,"entidad":0,"fna":"Centro de Salud María Grande II","gna":"Centro de Salud","nam":"María Grande II","fdc":"IGN/SISA","sag":"IGN"},"bbox":[-59.90161273,-31.66932227,-59.90161273,-31.66932227]},{"type":"Feature","id":"salud_020801.14360","geometry":{"type":"Point","coordinates":[-59.98948918,-31.23320024]},"geometry_name":"geom","properties":{"gid":14360,"entidad":0,"fna":"Centro de Salud Hernandarias","gna":"Centro de Salud","nam":"Hernandarias","fdc":"IGN/SISA","sag":"IGN"},"bbox":[-59.98948918,-31.23320024,-59.98948918,-31.23320024]},{"type":"Feature","id":"salud_020801.14361","geometry":{"type":"Point","coordinates":[-59.27782835,-32.39477843]},"geometry_name":"geom","properties":{"gid":14361,"entidad":0,"fna":"Centro de Salud Coronel Dorrego","gna":"Centro de Salud","nam":"Coronel Dorrego","fdc":"IGN/SISA","sag":"IGN"},"bbox":[-59.27782835,-32.39477843,-59.27782835,-32.39477843]},{"type":"Feature","id":"salud_020801.14362","geometry":{"type":"Point","coordinates":[-59.36771579,-32.33704519]},"geometry_name":"geom","properties":{"gid":14362,"entidad":0,"fna":"Centro de Salud Rosalía Pérez de Vergara","gna":"Centro de Salud","nam":"Rosalía Pérez de Vergara","fdc":"IGN/SISA","sag":"IGN"},"bbox":[-59.36771579,-32.33704519,-59.36771579,-32.33704519]},{"type":"Feature","id":"salud_020801.14363","geometry":{"type":"Point","coordinates":[-59.14266944,-32.30577566]},"geometry_name":"geom","properties":{"gid":14363,"entidad":0,"fna":"Centro Santa Teresita","gna":"Centro","nam":"Santa Teresita","fdc":"IGN/SISA","sag":"IGN"},"bbox":[-59.14266944,-32.30577566,-59.14266944,-32.30577566]},{"type":"Feature","id":"salud_020801.14364","geometry":{"type":"Point","coordinates":[-58.23548148,-32.48459216]},"geometry_name":"geom","properties":{"gid":14364,"entidad":0,"fna":"Centro de Salud Bajada Grande","gna":"Centro de Salud","nam":"Bajada Grande","fdc":"IGN/SISA","sag":"IGN"},"bbox":[-58.23548148,-32.48459216,-58.23548148,-32.48459216]},{"type":"Feature","id":"salud_020801.14365","geometry":{"type":"Point","coordinates":[-58.43357133,-32.44677454]},"geometry_name":"geom","properties":{"gid":14365,"entidad":0,"fna":"Centro de Salud Alicia Moreau de Justo","gna":"Centro de Salud","nam":"Alicia Moreau de Justo","fdc":"IGN/SISA","sag":"IGN"},"bbox":[-58.43357133,-32.44677454,-58.43357133,-32.44677454]},{"type":"Feature","id":"salud_020801.14366","geometry":{"type":"Point","coordinates":[-60.13724826,-32.62561243]},"geometry_name":"geom","properties":{"gid":14366,"entidad":0,"fna":"Centro de Salud Isla Charigüé","gna":"Centro de Salud","nam":"Isla Charigüé","fdc":"IGN/SISA","sag":"IGN"},"bbox":[-60.13724826,-32.62561243,-60.13724826,-32.62561243]},{"type":"Feature","id":"salud_020801.14367","geometry":{"type":"Point","coordinates":[-60.15681601,-32.6123928]},"geometry_name":"geom","properties":{"gid":14367,"entidad":0,"fna":"Sala de Atención Primaria Barrio Luján","gna":"Sala de Atención Primaria","nam":"Barrio Luján","fdc":"IGN/SISA","sag":"IGN"},"bbox":[-60.15681601,-32.6123928,-60.15681601,-32.6123928]},{"type":"Feature","id":"salud_020801.14368","geometry":{"type":"Point","coordinates":[-59.34308879,-31.54287083]},"geometry_name":"geom","properties":{"gid":14368,"entidad":0,"fna":"Centro de Salud El Chajarí","gna":"Centro de Salud","nam":"El Chajarí","fdc":"IGN/SISA","sag":"IGN"},"bbox":[-59.34308879,-31.54287083,-59.34308879,-31.54287083]},{"type":"Feature","id":"salud_020801.14369","geometry":{"type":"Point","coordinates":[-59.02001201,-31.85985716]},"geometry_name":"geom","properties":{"gid":14369,"entidad":0,"fna":"Centro de Salud Barrio Chaco","gna":"Centro de Salud","nam":"Barrio Chaco","fdc":"IGN/SISA","sag":"IGN"},"bbox":[-59.02001201,-31.85985716,-59.02001201,-31.85985716]},{"type":"Feature","id":"salud_020801.14370","geometry":{"type":"Point","coordinates":[-58.21332054,-32.17790132]},"geometry_name":"geom","properties":{"gid":14370,"entidad":0,"fna":"Centro de Salud Ambrosetti","gna":"Centro de Salud","nam":"Ambrosetti","fdc":"IGN/SISA","sag":"IGN"},"bbox":[-58.21332054,-32.17790132,-58.21332054,-32.17790132]},{"type":"Feature","id":"salud_020801.14371","geometry":{"type":"Point","coordinates":[-58.03133621,-31.20611829]},"geometry_name":"geom","properties":{"gid":14371,"entidad":0,"fna":"Centro de Salud Colonia Ayuí","gna":"Centro de Salud","nam":"Colonia Ayuí","fdc":"IGN/SISA","sag":"IGN"},"bbox":[-58.03133621,-31.20611829,-58.03133621,-31.20611829]},{"type":"Feature","id":"salud_020801.14372","geometry":{"type":"Point","coordinates":[-58.04042193,-31.38716991]},"geometry_name":"geom","properties":{"gid":14372,"entidad":0,"fna":"Hospital Materno Infantil Doctor Ramón Carrillo","gna":"Hospital Materno Infantil","nam":"Doctor Ramón Carrillo","fdc":"IGN/SISA","sag":"IGN"},"bbox":[-58.04042193,-31.38716991,-58.04042193,-31.38716991]},{"type":"Feature","id":"salud_020801.14373","geometry":{"type":"Point","coordinates":[-58.26448193,-31.47074776]},"geometry_name":"geom","properties":{"gid":14373,"entidad":0,"fna":"Centro de Salud Emma G. de Schurlein","gna":"Centro de Salud","nam":"Emma G. de Schurlein","fdc":"IGN/SISA","sag":"IGN"},"bbox":[-58.26448193,-31.47074776,-58.26448193,-31.47074776]},{"type":"Feature","id":"salud_020801.14374","geometry":{"type":"Point","coordinates":[-58.02988263,-31.37374308]},"geometry_name":"geom","properties":{"gid":14374,"entidad":0,"fna":"Centro de Salud Barrio Norte","gna":"Centro de Salud","nam":"Barrio Norte","fdc":"IGN/SISA","sag":"IGN"},"bbox":[-58.02988263,-31.37374308,-58.02988263,-31.37374308]},{"type":"Feature","id":"salud_020801.14375","geometry":{"type":"Point","coordinates":[-60.19079539,-32.17163113]},"geometry_name":"geom","properties":{"gid":14375,"entidad":0,"fna":"Centro de Atención Primaria de la Salud Eva Perón","gna":"Centro de Atención Primaria de la Salud","nam":"Eva Perón","fdc":"IGN/SISA","sag":"IGN"},"bbox":[-60.19079539,-32.17163113,-60.19079539,-32.17163113]},{"type":"Feature","id":"salud_020801.14376","geometry":{"type":"Point","coordinates":[-57.99429711,-30.76299584]},"geometry_name":"geom","properties":{"gid":14376,"entidad":0,"fna":"Centro de Salud Nº 1 Angelita Tagliapietra","gna":"Centro de Salud","nam":"Nº 1 Angelita Tagliapietra","fdc":"IGN/SISA","sag":"IGN"},"bbox":[-57.99429711,-30.76299584,-57.99429711,-30.76299584]},{"type":"Feature","id":"salud_020801.14377","geometry":{"type":"Point","coordinates":[-58.61344889,-30.96858086]},"geometry_name":"geom","properties":{"gid":14377,"entidad":0,"fna":"Centro de Salud Domingo Ventura Crucet","gna":"Centro de Salud","nam":"Domingo Ventura Crucet","fdc":"IGN/SISA","sag":"IGN"},"bbox":[-58.61344889,-30.96858086,-58.61344889,-30.96858086]},{"type":"Feature","id":"salud_020801.14378","geometry":{"type":"Point","coordinates":[-58.99651814,-30.37932954]},"geometry_name":"geom","properties":{"gid":14378,"entidad":0,"fna":"Centro de Salud Las Mulitas","gna":"Centro de Salud","nam":"Las Mulitas","fdc":"IGN/SISA","sag":"IGN"},"bbox":[-58.99651814,-30.37932954,-58.99651814,-30.37932954]},{"type":"Feature","id":"salud_020801.14379","geometry":{"type":"Point","coordinates":[-59.02848638,-30.48539403]},"geometry_name":"geom","properties":{"gid":14379,"entidad":0,"fna":"Centro de Salud Matilde O. de Rossi","gna":"Centro de Salud","nam":"Matilde O. de Rossi","fdc":"IGN/SISA","sag":"IGN"},"bbox":[-59.02848638,-30.48539403,-59.02848638,-30.48539403]},{"type":"Feature","id":"salud_020801.14380","geometry":{"type":"Point","coordinates":[-59.42108244,-32.87029991]},"geometry_name":"geom","properties":{"gid":14380,"entidad":0,"fna":"Centro de Salud Santa Teresita","gna":"Centro de Salud","nam":"Santa Teresita","fdc":"IGN/SISA","sag":"IGN"},"bbox":[-59.42108244,-32.87029991,-59.42108244,-32.87029991]},{"type":"Feature","id":"salud_020801.14381","geometry":{"type":"Point","coordinates":[-58.46605461,-33.01711089]},"geometry_name":"geom","properties":{"gid":14381,"entidad":0,"fna":"Centro de Salud Doctor Carlos Artusi","gna":"Centro de Salud","nam":"Doctor Carlos Artusi","fdc":"IGN/SISA","sag":"IGN"},"bbox":[-58.46605461,-33.01711089,-58.46605461,-33.01711089]},{"type":"Feature","id":"salud_020801.14382","geometry":{"type":"Point","coordinates":[-58.60840176,-33.77442155]},"geometry_name":"geom","properties":{"gid":14382,"entidad":0,"fna":"Centro de Salud Arroyo Brazo Largo Norte","gna":"Centro de Salud","nam":"Arroyo Brazo Largo Norte","fdc":"IGN/SISA","sag":"IGN"},"bbox":[-58.60840176,-33.77442155,-58.60840176,-33.77442155]},{"type":"Feature","id":"salud_020801.14383","geometry":{"type":"Point","coordinates":[-59.64640682,-30.74317166]},"geometry_name":"geom","properties":{"gid":14383,"entidad":0,"fna":"Centro de Atención Primaria de la Salud Atilio Caminitti","gna":"Centro de Atención Primaria de la Salud","nam":"Atilio Caminitti","fdc":"IGN/SISA","sag":"IGN"},"bbox":[-59.64640682,-30.74317166,-59.64640682,-30.74317166]},{"type":"Feature","id":"salud_020801.14384","geometry":{"type":"Point","coordinates":[-59.33989126,-30.46628666]},"geometry_name":"geom","properties":{"gid":14384,"entidad":0,"fna":"Centro de Salud San Ramírez","gna":"Centro de Salud","nam":"San Ramírez","fdc":"IGN/SISA","sag":"IGN"},"bbox":[-59.33989126,-30.46628666,-59.33989126,-30.46628666]},{"type":"Feature","id":"salud_020801.14385","geometry":{"type":"Point","coordinates":[-59.8488905,-31.10860744]},"geometry_name":"geom","properties":{"gid":14385,"entidad":0,"fna":"Centro de Salud Doctor Jorge Laurent","gna":"Centro de Salud","nam":"Doctor Jorge Laurent","fdc":"IGN/SISA","sag":"IGN"},"bbox":[-59.8488905,-31.10860744,-59.8488905,-31.10860744]},{"type":"Feature","id":"salud_020801.14386","geometry":{"type":"Point","coordinates":[-60.5208121,-31.82064476]},"geometry_name":"geom","properties":{"gid":14386,"entidad":0,"fna":"Centro de Salud Luis A. Gianotti","gna":"Centro de Salud","nam":"Luis A. Gianotti","fdc":"IGN/SISA","sag":"IGN"},"bbox":[-60.5208121,-31.82064476,-60.5208121,-31.82064476]},{"type":"Feature","id":"salud_020801.14387","geometry":{"type":"Point","coordinates":[-59.731376,-31.87080013]},"geometry_name":"geom","properties":{"gid":14387,"entidad":0,"fna":"Centro de Salud Polonio Burgos","gna":"Centro de Salud","nam":"Polonio Burgos","fdc":"IGN/SISA","sag":"IGN"},"bbox":[-59.731376,-31.87080013,-59.731376,-31.87080013]},{"type":"Feature","id":"salud_020801.14388","geometry":{"type":"Point","coordinates":[-58.19322777,-32.1544347]},"geometry_name":"geom","properties":{"gid":14388,"entidad":0,"fna":"Centro de Salud Doctor Augusto Gaillard","gna":"Centro de Salud","nam":"Doctor Augusto Gaillard","fdc":"IGN/SISA","sag":"IGN"},"bbox":[-58.19322777,-32.1544347,-58.19322777,-32.1544347]},{"type":"Feature","id":"salud_020801.14389","geometry":{"type":"Point","coordinates":[-61.51497929,-32.67531645]},"geometry_name":"geom","properties":{"gid":14389,"entidad":0,"fna":"Centro de Salud Salbor","gna":"Centro de Salud","nam":"Salbor","fdc":"IGN/SISA","sag":"IGN"},"bbox":[-61.51497929,-32.67531645,-61.51497929,-32.67531645]},{"type":"Feature","id":"salud_020801.14390","geometry":{"type":"Point","coordinates":[-61.48908413,-29.77081158]},"geometry_name":"geom","properties":{"gid":14390,"entidad":0,"fna":"Centro de Salud Esteban Rams","gna":"Centro de Salud","nam":"Esteban Rams","fdc":"IGN/SISA","sag":"IGN"},"bbox":[-61.48908413,-29.77081158,-61.48908413,-29.77081158]},{"type":"Feature","id":"salud_020801.14391","geometry":{"type":"Point","coordinates":[-60.7596194,-31.26448776]},"geometry_name":"geom","properties":{"gid":14391,"entidad":0,"fna":"Centro de Salud Nelson","gna":"Centro de Salud","nam":"Nelson","fdc":"IGN/SISA","sag":"IGN"},"bbox":[-60.7596194,-31.26448776,-60.7596194,-31.26448776]},{"type":"Feature","id":"salud_020801.14392","geometry":{"type":"Point","coordinates":[-61.96703731,-33.7627971]},"geometry_name":"geom","properties":{"gid":14392,"entidad":0,"fna":"Centro de Salud Tiro Federal","gna":"Centro de Salud","nam":"Tiro Federal","fdc":"IGN/SISA","sag":"IGN"},"bbox":[-61.96703731,-33.7627971,-61.96703731,-33.7627971]},{"type":"Feature","id":"salud_020801.14393","geometry":{"type":"Point","coordinates":[-59.94774514,-29.13295281]},"geometry_name":"geom","properties":{"gid":14393,"entidad":0,"fna":"Centro de Salud El Araza","gna":"Centro de Salud","nam":"El Araza","fdc":"IGN/SISA","sag":"IGN"},"bbox":[-59.94774514,-29.13295281,-59.94774514,-29.13295281]},{"type":"Feature","id":"salud_020801.14394","geometry":{"type":"Point","coordinates":[-60.89073508,-32.45693868]},"geometry_name":"geom","properties":{"gid":14394,"entidad":0,"fna":"Centro de Salud Eva Perón","gna":"Centro de Salud","nam":"Eva Perón","fdc":"IGN/SISA","sag":"IGN"},"bbox":[-60.89073508,-32.45693868,-60.89073508,-32.45693868]},{"type":"Feature","id":"salud_020801.14395","geometry":{"type":"Point","coordinates":[-60.18792031,-29.35865269]},"geometry_name":"geom","properties":{"gid":14395,"entidad":0,"fna":"Centro de Salud Ogilvie","gna":"Centro de Salud","nam":"Ogilvie","fdc":"IGN/SISA","sag":"IGN"},"bbox":[-60.18792031,-29.35865269,-60.18792031,-29.35865269]},{"type":"Feature","id":"salud_020801.14396","geometry":{"type":"Point","coordinates":[-59.98247855,-28.45805431]},"geometry_name":"geom","properties":{"gid":14396,"entidad":0,"fna":"Centro de Salud Los Tábanos","gna":"Centro de Salud","nam":"Los Tábanos","fdc":"IGN/SISA","sag":"IGN"},"bbox":[-59.98247855,-28.45805431,-59.98247855,-28.45805431]},{"type":"Feature","id":"salud_020801.14397","geometry":{"type":"Point","coordinates":[-61.18497809,-28.02045637]},"geometry_name":"geom","properties":{"gid":14397,"entidad":0,"fna":"Centro de Salud Bety Griselda Flores","gna":"Centro de Salud","nam":"Bety Griselda Flores","fdc":"IGN/SISA","sag":"IGN"},"bbox":[-61.18497809,-28.02045637,-61.18497809,-28.02045637]},{"type":"Feature","id":"salud_020801.14398","geometry":{"type":"Point","coordinates":[-61.53228131,-32.68132274]},"geometry_name":"geom","properties":{"gid":14398,"entidad":0,"fna":"Centro de Salud Belgrano","gna":"Centro de Salud","nam":"Belgrano","fdc":"IGN/SISA","sag":"IGN"},"bbox":[-61.53228131,-32.68132274,-61.53228131,-32.68132274]},{"type":"Feature","id":"salud_020801.14399","geometry":{"type":"Point","coordinates":[-61.19061578,-33.05419837]},"geometry_name":"geom","properties":{"gid":14399,"entidad":0,"fna":"Centro de Salud Nueva Roma 2","gna":"Centro de Salud","nam":"Nueva Roma 2","fdc":"IGN/SISA","sag":"IGN"},"bbox":[-61.19061578,-33.05419837,-61.19061578,-33.05419837]},{"type":"Feature","id":"salud_020801.14400","geometry":{"type":"Point","coordinates":[-61.33004206,-33.10531752]},"geometry_name":"geom","properties":{"gid":14400,"entidad":0,"fna":"Centro de Salud Los Molinos","gna":"Centro de Salud","nam":"Los Molinos","fdc":"IGN/SISA","sag":"IGN"},"bbox":[-61.33004206,-33.10531752,-61.33004206,-33.10531752]},{"type":"Feature","id":"salud_020801.14411","geometry":{"type":"Point","coordinates":[-61.31647326,-23.61031132]},"geometry_name":"geom","properties":{"gid":14411,"entidad":0,"fna":"Centro de Salud Río Muerto","gna":"Centro de Salud","nam":"Río Muerto","fdc":"IGN/SISA","sag":"IGN"},"bbox":[-61.31647326,-23.61031132,-61.31647326,-23.61031132]},{"type":"Feature","id":"salud_020801.14412","geometry":{"type":"Point","coordinates":[-62.10526818,-23.09976942]},"geometry_name":"geom","properties":{"gid":14412,"entidad":0,"fna":"Centro de Salud Barrio Colorado","gna":"Centro de Salud","nam":"Barrio Colorado","fdc":"IGN/SISA","sag":"IGN"},"bbox":[-62.10526818,-23.09976942,-62.10526818,-23.09976942]},{"type":"Feature","id":"salud_020801.14413","geometry":{"type":"Point","coordinates":[-60.05862256,-25.58285792]},"geometry_name":"geom","properties":{"gid":14413,"entidad":0,"fna":"Centro de Salud Riacho de Oro","gna":"Centro de Salud","nam":"Riacho de Oro","fdc":"IGN/SISA","sag":"IGN"},"bbox":[-60.05862256,-25.58285792,-60.05862256,-25.58285792]},{"type":"Feature","id":"salud_020801.14414","geometry":{"type":"Point","coordinates":[-59.88817457,-25.60224743]},"geometry_name":"geom","properties":{"gid":14414,"entidad":0,"fna":"Centro de Salud San Carlos","gna":"Centro de Salud","nam":"San Carlos","fdc":"IGN/SISA","sag":"IGN"},"bbox":[-59.88817457,-25.60224743,-59.88817457,-25.60224743]},{"type":"Feature","id":"salud_020801.14415","geometry":{"type":"Point","coordinates":[-60.595329,-24.7157447]},"geometry_name":"geom","properties":{"gid":14415,"entidad":0,"fna":"Centro de Salud Barrio La Paz","gna":"Centro de Salud","nam":"Barrio La Paz","fdc":"IGN/SISA","sag":"IGN"},"bbox":[-60.595329,-24.7157447,-60.595329,-24.7157447]},{"type":"Feature","id":"salud_020801.14416","geometry":{"type":"Point","coordinates":[-60.60080047,-24.70426184]},"geometry_name":"geom","properties":{"gid":14416,"entidad":0,"fna":"Centro de Salud Barrio San Luis","gna":"Centro de Salud","nam":"Barrio San Luis","fdc":"IGN/SISA","sag":"IGN"},"bbox":[-60.60080047,-24.70426184,-60.60080047,-24.70426184]},{"type":"Feature","id":"salud_020801.14417","geometry":{"type":"Point","coordinates":[-60.69277681,-24.1489297]},"geometry_name":"geom","properties":{"gid":14417,"entidad":0,"fna":"Centro de Salud Fortín Soledad","gna":"Centro de Salud","nam":"Fortín Soledad","fdc":"IGN/SISA","sag":"IGN"},"bbox":[-60.69277681,-24.1489297,-60.69277681,-24.1489297]},{"type":"Feature","id":"salud_020801.14418","geometry":{"type":"Point","coordinates":[-60.58944507,-24.69686359]},"geometry_name":"geom","properties":{"gid":14418,"entidad":0,"fna":"Centro de Salud Lote 27","gna":"Centro de Salud","nam":"Lote 27","fdc":"IGN/SISA","sag":"IGN"},"bbox":[-60.58944507,-24.69686359,-60.58944507,-24.69686359]},{"type":"Feature","id":"salud_020801.14419","geometry":{"type":"Point","coordinates":[-60.47206948,-24.21205151]},"geometry_name":"geom","properties":{"gid":14419,"entidad":0,"fna":"Centro de Salud El Descanso","gna":"Centro de Salud","nam":"El Descanso","fdc":"IGN/SISA","sag":"IGN"},"bbox":[-60.47206948,-24.21205151,-60.47206948,-24.21205151]},{"type":"Feature","id":"salud_020801.14420","geometry":{"type":"Point","coordinates":[-60.45809117,-23.98787918]},"geometry_name":"geom","properties":{"gid":14420,"entidad":0,"fna":"Centro de Salud El Remanso","gna":"Centro de Salud","nam":"El Remanso","fdc":"IGN/SISA","sag":"IGN"},"bbox":[-60.45809117,-23.98787918,-60.45809117,-23.98787918]},{"type":"Feature","id":"salud_020801.14421","geometry":{"type":"Point","coordinates":[-60.61938575,-24.07214743]},"geometry_name":"geom","properties":{"gid":14421,"entidad":0,"fna":"Centro de Salud La Zanja","gna":"Centro de Salud","nam":"La Zanja","fdc":"IGN/SISA","sag":"IGN"},"bbox":[-60.61938575,-24.07214743,-60.61938575,-24.07214743]},{"type":"Feature","id":"salud_020801.14422","geometry":{"type":"Point","coordinates":[-60.51143629,-24.1410963]},"geometry_name":"geom","properties":{"gid":14422,"entidad":0,"fna":"Centro de Salud Pozo de Molina","gna":"Centro de Salud","nam":"Pozo de Molina","fdc":"IGN/SISA","sag":"IGN"},"bbox":[-60.51143629,-24.1410963,-60.51143629,-24.1410963]},{"type":"Feature","id":"salud_020801.14423","geometry":{"type":"Point","coordinates":[-59.63191169,-24.57951936]},"geometry_name":"geom","properties":{"gid":14423,"entidad":0,"fna":"Centro de Salud El Timbó","gna":"Centro de Salud","nam":"El Timbó","fdc":"IGN/SISA","sag":"IGN"},"bbox":[-59.63191169,-24.57951936,-59.63191169,-24.57951936]},{"type":"Feature","id":"salud_020801.14424","geometry":{"type":"Point","coordinates":[-60.30351756,-25.38549718]},"geometry_name":"geom","properties":{"gid":14424,"entidad":0,"fna":"Centro de Salud Kilómetro 503","gna":"Centro de Salud","nam":"Kilómetro 503","fdc":"IGN/SISA","sag":"IGN"},"bbox":[-60.30351756,-25.38549718,-60.30351756,-25.38549718]},{"type":"Feature","id":"salud_020801.14425","geometry":{"type":"Point","coordinates":[-58.30272178,-25.1153751]},"geometry_name":"geom","properties":{"gid":14425,"entidad":0,"fna":"Centro de Salud Primera Punta","gna":"Centro de Salud","nam":"Primera Punta","fdc":"IGN/SISA","sag":"IGN"},"bbox":[-58.30272178,-25.1153751,-58.30272178,-25.1153751]},{"type":"Feature","id":"salud_020801.14439","geometry":{"type":"Point","coordinates":[-55.2373402,-27.05251577]},"geometry_name":"geom","properties":{"gid":14439,"entidad":0,"fna":"Centro de Atención Primaria de la Salud Nº 5 El Buen Samaritano","gna":"Centro de Atención Primaria de la Salud","nam":"Nº 5 El Buen Samaritano","fdc":"IGN/SISA","sag":"IGN"},"bbox":[-55.2373402,-27.05251577,-55.2373402,-27.05251577]},{"type":"Feature","id":"salud_020801.14483","geometry":{"type":"Point","coordinates":[-61.54331182,-31.55015917]},"geometry_name":"geom","properties":{"gid":14483,"entidad":0,"fna":"Centro de Salud Angélica","gna":"Centro de Salud","nam":"Angélica","fdc":"IGN/SISA","sag":"IGN"},"bbox":[-61.54331182,-31.55015917,-61.54331182,-31.55015917]},{"type":"Feature","id":"salud_020801.14484","geometry":{"type":"Point","coordinates":[-61.33911938,-30.73983556]},"geometry_name":"geom","properties":{"gid":14484,"entidad":0,"fna":"Centro de Salud Virginia","gna":"Centro de Salud","nam":"Virginia","fdc":"IGN/SISA","sag":"IGN"},"bbox":[-61.33911938,-30.73983556,-61.33911938,-30.73983556]},{"type":"Feature","id":"salud_020801.14485","geometry":{"type":"Point","coordinates":[-61.42425868,-31.42046964]},"geometry_name":"geom","properties":{"gid":14485,"entidad":0,"fna":"Centro de Salud Aurelia","gna":"Centro de Salud","nam":"Aurelia","fdc":"IGN/SISA","sag":"IGN"},"bbox":[-61.42425868,-31.42046964,-61.42425868,-31.42046964]},{"type":"Feature","id":"salud_020801.14486","geometry":{"type":"Point","coordinates":[-61.94550312,-31.27087163]},"geometry_name":"geom","properties":{"gid":14486,"entidad":0,"fna":"Centro de Salud Bauer y Sigel","gna":"Centro de Salud","nam":"Bauer y Sigel","fdc":"IGN/SISA","sag":"IGN"},"bbox":[-61.94550312,-31.27087163,-61.94550312,-31.27087163]},{"type":"Feature","id":"salud_020801.14487","geometry":{"type":"Point","coordinates":[-61.45142174,-31.12652961]},"geometry_name":"geom","properties":{"gid":14487,"entidad":0,"fna":"Centro de Salud Lehmann","gna":"Centro de Salud","nam":"Lehmann","fdc":"IGN/SISA","sag":"IGN"},"bbox":[-61.45142174,-31.12652961,-61.45142174,-31.12652961]},{"type":"Feature","id":"salud_020801.14488","geometry":{"type":"Point","coordinates":[-61.48052359,-31.26151802]},"geometry_name":"geom","properties":{"gid":14488,"entidad":0,"fna":"Centro de Salud Nº 4 Virgen de Fátima","gna":"Centro de Salud","nam":"Nº 4 Virgen de Fátima","fdc":"IGN/SISA","sag":"IGN"},"bbox":[-61.48052359,-31.26151802,-61.48052359,-31.26151802]},{"type":"Feature","id":"salud_020801.14489","geometry":{"type":"Point","coordinates":[-61.50844664,-31.23537325]},"geometry_name":"geom","properties":{"gid":14489,"entidad":0,"fna":"Centro de Salud Nº 5 Martín Miguel de Güemes","gna":"Centro de Salud","nam":"Nº 5 Martín Miguel de Güemes","fdc":"IGN/SISA","sag":"IGN"},"bbox":[-61.50844664,-31.23537325,-61.50844664,-31.23537325]},{"type":"Feature","id":"salud_020801.14490","geometry":{"type":"Point","coordinates":[-61.51468657,-31.35618997]},"geometry_name":"geom","properties":{"gid":14490,"entidad":0,"fna":"Centro de Salud Susana","gna":"Centro de Salud","nam":"Susana","fdc":"IGN/SISA","sag":"IGN"},"bbox":[-61.51468657,-31.35618997,-61.51468657,-31.35618997]},{"type":"Feature","id":"salud_020801.14491","geometry":{"type":"Point","coordinates":[-60.4599725,-33.33447412]},"geometry_name":"geom","properties":{"gid":14491,"entidad":0,"fna":"Centro de Salud Rueda","gna":"Centro de Salud","nam":"Rueda","fdc":"IGN/SISA","sag":"IGN"},"bbox":[-60.4599725,-33.33447412,-60.4599725,-33.33447412]},{"type":"Feature","id":"salud_020801.14492","geometry":{"type":"Point","coordinates":[-60.79136709,-33.43727361]},"geometry_name":"geom","properties":{"gid":14492,"entidad":0,"fna":"Centro de Salud Santa Teresa","gna":"Centro de Salud","nam":"Santa Teresa","fdc":"IGN/SISA","sag":"IGN"},"bbox":[-60.79136709,-33.43727361,-60.79136709,-33.43727361]},{"type":"Feature","id":"salud_020801.14493","geometry":{"type":"Point","coordinates":[-60.62940609,-33.43052656]},"geometry_name":"geom","properties":{"gid":14493,"entidad":0,"fna":"Centro de Salud Sargento Cabral","gna":"Centro de Salud","nam":"Sargento Cabral","fdc":"IGN/SISA","sag":"IGN"},"bbox":[-60.62940609,-33.43052656,-60.62940609,-33.43052656]},{"type":"Feature","id":"salud_020801.14494","geometry":{"type":"Point","coordinates":[-60.30615819,-33.2542025]},"geometry_name":"geom","properties":{"gid":14494,"entidad":0,"fna":"Centro de Salud 17 de Octubre","gna":"Centro de Salud","nam":"17 de Octubre","fdc":"IGN/SISA","sag":"IGN"},"bbox":[-60.30615819,-33.2542025,-60.30615819,-33.2542025]},{"type":"Feature","id":"salud_020801.14495","geometry":{"type":"Point","coordinates":[-60.32648865,-33.24640049]},"geometry_name":"geom","properties":{"gid":14495,"entidad":0,"fna":"Centro de Salud Barrio Troilo","gna":"Centro de Salud","nam":"Barrio Troilo","fdc":"IGN/SISA","sag":"IGN"},"bbox":[-60.32648865,-33.24640049,-60.32648865,-33.24640049]},{"type":"Feature","id":"salud_020801.14496","geometry":{"type":"Point","coordinates":[-62.02532296,-34.18484669]},"geometry_name":"geom","properties":{"gid":14496,"entidad":0,"fna":"Centro de Salud Christophersen","gna":"Centro de Salud","nam":"Christophersen","fdc":"IGN/SISA","sag":"IGN"},"bbox":[-62.02532296,-34.18484669,-62.02532296,-34.18484669]},{"type":"Feature","id":"salud_020801.14497","geometry":{"type":"Point","coordinates":[-61.45393019,-33.65702199]},"geometry_name":"geom","properties":{"gid":14497,"entidad":0,"fna":"Centro de Salud Melincué","gna":"Centro de Salud","nam":"Melincué","fdc":"IGN/SISA","sag":"IGN"},"bbox":[-61.45393019,-33.65702199,-61.45393019,-33.65702199]},{"type":"Feature","id":"salud_020801.14498","geometry":{"type":"Point","coordinates":[-62.08519134,-33.43903225]},"geometry_name":"geom","properties":{"gid":14498,"entidad":0,"fna":"Centro de Salud Cafferata","gna":"Centro de Salud","nam":"Cafferata","fdc":"IGN/SISA","sag":"IGN"},"bbox":[-62.08519134,-33.43903225,-62.08519134,-33.43903225]},{"type":"Feature","id":"salud_020801.14499","geometry":{"type":"Point","coordinates":[-61.30979013,-33.59724419]},"geometry_name":"geom","properties":{"gid":14499,"entidad":0,"fna":"Centro de Salud Carreras","gna":"Centro de Salud","nam":"Carreras","fdc":"IGN/SISA","sag":"IGN"},"bbox":[-61.30979013,-33.59724419,-61.30979013,-33.59724419]},{"type":"Feature","id":"salud_020801.14500","geometry":{"type":"Point","coordinates":[-61.48156609,-33.4592159]},"geometry_name":"geom","properties":{"gid":14500,"entidad":0,"fna":"Centro de Salud Carlos Casado","gna":"Centro de Salud","nam":"Carlos Casado","fdc":"IGN/SISA","sag":"IGN"},"bbox":[-61.48156609,-33.4592159,-61.48156609,-33.4592159]},{"type":"Feature","id":"salud_020801.14501","geometry":{"type":"Point","coordinates":[-61.48786299,-33.47276247]},"geometry_name":"geom","properties":{"gid":14501,"entidad":0,"fna":"Centro de Salud Doctor Domingo Cera","gna":"Centro de Salud","nam":"Doctor Domingo Cera","fdc":"IGN/SISA","sag":"IGN"},"bbox":[-61.48786299,-33.47276247,-61.48786299,-33.47276247]},{"type":"Feature","id":"salud_020801.14502","geometry":{"type":"Point","coordinates":[-62.09172694,-33.87293287]},"geometry_name":"geom","properties":{"gid":14502,"entidad":0,"fna":"Centro de Salud San Eduardo","gna":"Centro de Salud","nam":"San Eduardo","fdc":"IGN/SISA","sag":"IGN"},"bbox":[-62.09172694,-33.87293287,-62.09172694,-33.87293287]},{"type":"Feature","id":"salud_020801.14503","geometry":{"type":"Point","coordinates":[-61.98673812,-33.73403776]},"geometry_name":"geom","properties":{"gid":14503,"entidad":0,"fna":"Centro de Salud San Vicente","gna":"Centro de Salud","nam":"San Vicente","fdc":"IGN/SISA","sag":"IGN"},"bbox":[-61.98673812,-33.73403776,-61.98673812,-33.73403776]},{"type":"Feature","id":"salud_020801.14504","geometry":{"type":"Point","coordinates":[-61.97565057,-33.74537329]},"geometry_name":"geom","properties":{"gid":14504,"entidad":0,"fna":"Centro de Salud Villa Casey","gna":"Centro de Salud","nam":"Villa Casey","fdc":"IGN/SISA","sag":"IGN"},"bbox":[-61.97565057,-33.74537329,-61.97565057,-33.74537329]},{"type":"Feature","id":"salud_020801.14505","geometry":{"type":"Point","coordinates":[-59.56221538,-28.93829646]},"geometry_name":"geom","properties":{"gid":14505,"entidad":0,"fna":"Centro de Salud Guadalupe Norte","gna":"Centro de Salud","nam":"Guadalupe Norte","fdc":"IGN/SISA","sag":"IGN"},"bbox":[-59.56221538,-28.93829646,-59.56221538,-28.93829646]},{"type":"Feature","id":"salud_020801.14506","geometry":{"type":"Point","coordinates":[-59.50041175,-28.84778069]},"geometry_name":"geom","properties":{"gid":14506,"entidad":0,"fna":"Centro de Salud Las Garzas","gna":"Centro de Salud","nam":"Las Garzas","fdc":"IGN/SISA","sag":"IGN"},"bbox":[-59.50041175,-28.84778069,-59.50041175,-28.84778069]},{"type":"Feature","id":"salud_020801.14507","geometry":{"type":"Point","coordinates":[-59.97278089,-29.35403149]},"geometry_name":"geom","properties":{"gid":14507,"entidad":0,"fna":"Centro de Salud Barrio Fonavi","gna":"Centro de Salud","nam":"Barrio Fonavi","fdc":"IGN/SISA","sag":"IGN"},"bbox":[-59.97278089,-29.35403149,-59.97278089,-29.35403149]},{"type":"Feature","id":"salud_020801.14508","geometry":{"type":"Point","coordinates":[-59.64539632,-29.15833953]},"geometry_name":"geom","properties":{"gid":14508,"entidad":0,"fna":"Centro de Salud Barrio Chapero","gna":"Centro de Salud","nam":"Barrio Chapero","fdc":"IGN/SISA","sag":"IGN"},"bbox":[-59.64539632,-29.15833953,-59.64539632,-29.15833953]},{"type":"Feature","id":"salud_020801.14509","geometry":{"type":"Point","coordinates":[-59.6782337,-29.16158871]},"geometry_name":"geom","properties":{"gid":14509,"entidad":0,"fna":"Centro de Salud Barrio Virgen de Guadalupe","gna":"Centro de Salud","nam":"Barrio Virgen de Guadalupe","fdc":"IGN/SISA","sag":"IGN"},"bbox":[-59.6782337,-29.16158871,-59.6782337,-29.16158871]},{"type":"Feature","id":"salud_020801.14510","geometry":{"type":"Point","coordinates":[-59.68415522,-29.18843637]},"geometry_name":"geom","properties":{"gid":14510,"entidad":0,"fna":"Centro de Salud Posta Sanitaria Don Carlos","gna":"Centro de Salud","nam":"Posta Sanitaria Don Carlos","fdc":"IGN/SISA","sag":"IGN"},"bbox":[-59.68415522,-29.18843637,-59.68415522,-29.18843637]},{"type":"Feature","id":"salud_020801.14511","geometry":{"type":"Point","coordinates":[-59.64698757,-29.10980161]},"geometry_name":"geom","properties":{"gid":14511,"entidad":0,"fna":"Centro de Salud Pedro Vicentín","gna":"Centro de Salud","nam":"Pedro Vicentín","fdc":"IGN/SISA","sag":"IGN"},"bbox":[-59.64698757,-29.10980161,-59.64698757,-29.10980161]},{"type":"Feature","id":"salud_020801.14512","geometry":{"type":"Point","coordinates":[-59.64398057,-28.97961796]},"geometry_name":"geom","properties":{"gid":14512,"entidad":0,"fna":"Centro de Salud Santa Ana","gna":"Centro de Salud","nam":"Santa Ana","fdc":"IGN/SISA","sag":"IGN"},"bbox":[-59.64398057,-28.97961796,-59.64398057,-28.97961796]},{"type":"Feature","id":"salud_020801.14513","geometry":{"type":"Point","coordinates":[-59.26142,-28.14556]},"geometry_name":"geom","properties":{"gid":14513,"entidad":0,"fna":"Centro de Salud Hardy","gna":"Centro de Salud","nam":"Hardy","fdc":"IGN/SISA","sag":"IGN"},"bbox":[-59.26142,-28.14556,-59.26142,-28.14556]},{"type":"Feature","id":"salud_020801.14514","geometry":{"type":"Point","coordinates":[-61.29118624,-32.46071665]},"geometry_name":"geom","properties":{"gid":14514,"entidad":0,"fna":"Centro de Salud Classon","gna":"Centro de Salud","nam":"Classon","fdc":"IGN/SISA","sag":"IGN"},"bbox":[-61.29118624,-32.46071665,-61.29118624,-32.46071665]},{"type":"Feature","id":"salud_020801.14515","geometry":{"type":"Point","coordinates":[-60.73624374,-31.49178006]},"geometry_name":"geom","properties":{"gid":14515,"entidad":0,"fna":"Centro de Salud Recreo","gna":"Centro de Salud","nam":"Recreo","fdc":"IGN/SISA","sag":"IGN"},"bbox":[-60.73624374,-31.49178006,-60.73624374,-31.49178006]},{"type":"Feature","id":"salud_020801.14516","geometry":{"type":"Point","coordinates":[-60.57188955,-31.60545719]},"geometry_name":"geom","properties":{"gid":14516,"entidad":0,"fna":"Centro de Salud San José del Rincón","gna":"Centro de Salud","nam":"San José del Rincón","fdc":"IGN/SISA","sag":"IGN"},"bbox":[-60.57188955,-31.60545719,-60.57188955,-31.60545719]},{"type":"Feature","id":"salud_020801.14517","geometry":{"type":"Point","coordinates":[-60.69192519,-31.63825749]},"geometry_name":"geom","properties":{"gid":14517,"entidad":0,"fna":"Centro de Salud Barrio Candioti","gna":"Centro de Salud","nam":"Barrio Candioti","fdc":"IGN/SISA","sag":"IGN"},"bbox":[-60.69192519,-31.63825749,-60.69192519,-31.63825749]},{"type":"Feature","id":"salud_020801.14518","geometry":{"type":"Point","coordinates":[-60.68437705,-31.6268499]},"geometry_name":"geom","properties":{"gid":14518,"entidad":0,"fna":"Centro de Salud Gutiérrez Este","gna":"Centro de Salud","nam":"Gutiérrez Este","fdc":"IGN/SISA","sag":"IGN"},"bbox":[-60.68437705,-31.6268499,-60.68437705,-31.6268499]},{"type":"Feature","id":"salud_020801.14519","geometry":{"type":"Point","coordinates":[-60.68369661,-31.60310454]},"geometry_name":"geom","properties":{"gid":14519,"entidad":0,"fna":"Centro de Salud Barrio Guadalupe Oeste","gna":"Centro de Salud","nam":"Barrio Guadalupe Oeste","fdc":"IGN/SISA","sag":"IGN"},"bbox":[-60.68369661,-31.60310454,-60.68369661,-31.60310454]},{"type":"Feature","id":"salud_020801.14520","geometry":{"type":"Point","coordinates":[-60.70512363,-31.61230897]},"geometry_name":"geom","properties":{"gid":14520,"entidad":0,"fna":"Centro de Salud Nº 6 Barrio Los Hornos","gna":"Centro de Salud","nam":"Nº 6 Barrio Los Hornos","fdc":"IGN/SISA","sag":"IGN"},"bbox":[-60.70512363,-31.61230897,-60.70512363,-31.61230897]},{"type":"Feature","id":"salud_020801.14521","geometry":{"type":"Point","coordinates":[-60.71913179,-31.66315222]},"geometry_name":"geom","properties":{"gid":14521,"entidad":0,"fna":"Centro de Salud Policlínico Barrio Centenario","gna":"Centro de Salud","nam":"Policlínico Barrio Centenario","fdc":"IGN/SISA","sag":"IGN"},"bbox":[-60.71913179,-31.66315222,-60.71913179,-31.66315222]},{"type":"Feature","id":"salud_020801.14522","geometry":{"type":"Point","coordinates":[-60.73536967,-31.66926267]},"geometry_name":"geom","properties":{"gid":14522,"entidad":0,"fna":"Centro de Salud Varadero Sarsotti","gna":"Centro de Salud","nam":"Varadero Sarsotti","fdc":"IGN/SISA","sag":"IGN"},"bbox":[-60.73536967,-31.66926267,-60.73536967,-31.66926267]},{"type":"Feature","id":"salud_020801.14523","geometry":{"type":"Point","coordinates":[-60.62624018,-31.63836642]},"geometry_name":"geom","properties":{"gid":14523,"entidad":0,"fna":"Centro de Salud La Guardia","gna":"Centro de Salud","nam":"La Guardia","fdc":"IGN/SISA","sag":"IGN"},"bbox":[-60.62624018,-31.63836642,-60.62624018,-31.63836642]},{"type":"Feature","id":"salud_020801.14524","geometry":{"type":"Point","coordinates":[-60.78263626,-31.6537451]},"geometry_name":"geom","properties":{"gid":14524,"entidad":0,"fna":"Centro de Salud Alicia Moreau de Justo","gna":"Centro de Salud","nam":"Alicia Moreau de Justo","fdc":"IGN/SISA","sag":"IGN"},"bbox":[-60.78263626,-31.6537451,-60.78263626,-31.6537451]},{"type":"Feature","id":"salud_020801.14525","geometry":{"type":"Point","coordinates":[-60.79754615,-31.67654165]},"geometry_name":"geom","properties":{"gid":14525,"entidad":0,"fna":"Centro de Salud Lisandro de la Torre","gna":"Centro de Salud","nam":"Lisandro de la Torre","fdc":"IGN/SISA","sag":"IGN"},"bbox":[-60.79754615,-31.67654165,-60.79754615,-31.67654165]},{"type":"Feature","id":"salud_020801.14526","geometry":{"type":"Point","coordinates":[-60.7268477,-31.52853042]},"geometry_name":"geom","properties":{"gid":14526,"entidad":0,"fna":"Centro de Salud Barrio Parque","gna":"Centro de Salud","nam":"Barrio Parque","fdc":"IGN/SISA","sag":"IGN"},"bbox":[-60.7268477,-31.52853042,-60.7268477,-31.52853042]},{"type":"Feature","id":"salud_020801.14527","geometry":{"type":"Point","coordinates":[-60.81252513,-31.54762901]},"geometry_name":"geom","properties":{"gid":14527,"entidad":0,"fna":"Centro de Salud Empalme San Carlos","gna":"Centro de Salud","nam":"Empalme San Carlos","fdc":"IGN/SISA","sag":"IGN"},"bbox":[-60.81252513,-31.54762901,-60.81252513,-31.54762901]},{"type":"Feature","id":"salud_020801.14528","geometry":{"type":"Point","coordinates":[-61.08639416,-31.40128377]},"geometry_name":"geom","properties":{"gid":14528,"entidad":0,"fna":"Centro de Salud Humboldt","gna":"Centro de Salud","nam":"Humboldt","fdc":"IGN/SISA","sag":"IGN"},"bbox":[-61.08639416,-31.40128377,-61.08639416,-31.40128377]},{"type":"Feature","id":"salud_020801.14529","geometry":{"type":"Point","coordinates":[-60.97403611,-30.73407313]},"geometry_name":"geom","properties":{"gid":14529,"entidad":0,"fna":"Centro de Salud Jacinto L. Arauz","gna":"Centro de Salud","nam":"Jacinto L. Arauz","fdc":"IGN/SISA","sag":"IGN"},"bbox":[-60.97403611,-30.73407313,-60.97403611,-30.73407313]},{"type":"Feature","id":"salud_020801.14530","geometry":{"type":"Point","coordinates":[-61.0748202,-31.6729239]},"geometry_name":"geom","properties":{"gid":14530,"entidad":0,"fna":"Centro de Salud San Carlos Norte","gna":"Centro de Salud","nam":"San Carlos Norte","fdc":"IGN/SISA","sag":"IGN"},"bbox":[-61.0748202,-31.6729239,-61.0748202,-31.6729239]},{"type":"Feature","id":"salud_020801.14531","geometry":{"type":"Point","coordinates":[-61.08222456,-31.55502085]},"geometry_name":"geom","properties":{"gid":14531,"entidad":0,"fna":"Centro de Salud San Jerónimo Norte","gna":"Centro de Salud","nam":"San Jerónimo Norte","fdc":"IGN/SISA","sag":"IGN"},"bbox":[-61.08222456,-31.55502085,-61.08222456,-31.55502085]},{"type":"Feature","id":"salud_020801.14532","geometry":{"type":"Point","coordinates":[-61.14484438,-31.36194482]},"geometry_name":"geom","properties":{"gid":14532,"entidad":0,"fna":"Centro de Salud Colonia Nueva","gna":"Centro de Salud","nam":"Colonia Nueva","fdc":"IGN/SISA","sag":"IGN"},"bbox":[-61.14484438,-31.36194482,-61.14484438,-31.36194482]},{"type":"Feature","id":"salud_020801.14533","geometry":{"type":"Point","coordinates":[-60.63874519,-33.23790031]},"geometry_name":"geom","properties":{"gid":14533,"entidad":0,"fna":"Centro de Salud Albarellos","gna":"Centro de Salud","nam":"Albarellos","fdc":"IGN/SISA","sag":"IGN"},"bbox":[-60.63874519,-33.23790031,-60.63874519,-33.23790031]},{"type":"Feature","id":"salud_020801.14534","geometry":{"type":"Point","coordinates":[-60.89646491,-33.1717163]},"geometry_name":"geom","properties":{"gid":14534,"entidad":0,"fna":"Centro de Salud Pueblo Muñoz","gna":"Centro de Salud","nam":"Pueblo Muñoz","fdc":"IGN/SISA","sag":"IGN"},"bbox":[-60.89646491,-33.1717163,-60.89646491,-33.1717163]},{"type":"Feature","id":"salud_020801.14535","geometry":{"type":"Point","coordinates":[-60.6476614,-32.97152482]},"geometry_name":"geom","properties":{"gid":14535,"entidad":0,"fna":"Centro de Salud Nº 11 Villa Corrientes","gna":"Centro de Salud","nam":"Nº 11 Villa Corrientes","fdc":"IGN/SISA","sag":"IGN"},"bbox":[-60.6476614,-32.97152482,-60.6476614,-32.97152482]},{"type":"Feature","id":"salud_020801.14536","geometry":{"type":"Point","coordinates":[-60.71999221,-32.91607524]},"geometry_name":"geom","properties":{"gid":14536,"entidad":0,"fna":"Centro de Salud Nº 16 Pablo VI","gna":"Centro de Salud","nam":"Nº 16 Pablo VI","fdc":"IGN/SISA","sag":"IGN"},"bbox":[-60.71999221,-32.91607524,-60.71999221,-32.91607524]},{"type":"Feature","id":"salud_020801.14537","geometry":{"type":"Point","coordinates":[-60.70675512,-32.88700049]},"geometry_name":"geom","properties":{"gid":14537,"entidad":0,"fna":"Centro de Salud Nº 19 La Cerámica","gna":"Centro de Salud","nam":"Nº 19 La Cerámica","fdc":"IGN/SISA","sag":"IGN"},"bbox":[-60.70675512,-32.88700049,-60.70675512,-32.88700049]},{"type":"Feature","id":"salud_020801.14538","geometry":{"type":"Point","coordinates":[-60.72070912,-32.93265168]},"geometry_name":"geom","properties":{"gid":14538,"entidad":0,"fna":"Centro de Salud Nº 26 de la Comunidad Organizada","gna":"Centro de Salud","nam":"Nº 26 de la Comunidad Organizada","fdc":"IGN/SISA","sag":"IGN"},"bbox":[-60.72070912,-32.93265168,-60.72070912,-32.93265168]},{"type":"Feature","id":"salud_020801.14539","geometry":{"type":"Point","coordinates":[-60.69970814,-32.86954099]},"geometry_name":"geom","properties":{"gid":14539,"entidad":0,"fna":"Centro de Salud Nº 30 Santa Rita","gna":"Centro de Salud","nam":"Nº 30 Santa Rita","fdc":"IGN/SISA","sag":"IGN"},"bbox":[-60.69970814,-32.86954099,-60.69970814,-32.86954099]},{"type":"Feature","id":"salud_020801.14540","geometry":{"type":"Point","coordinates":[-60.69035531,-32.95816392]},"geometry_name":"geom","properties":{"gid":14540,"entidad":0,"fna":"Centro de Salud Comunitario Oeste","gna":"Centro de Salud","nam":"Comunitario Oeste","fdc":"IGN/SISA","sag":"IGN"},"bbox":[-60.69035531,-32.95816392,-60.69035531,-32.95816392]},{"type":"Feature","id":"salud_020801.14541","geometry":{"type":"Point","coordinates":[-60.62770404,-32.98676662]},"geometry_name":"geom","properties":{"gid":14541,"entidad":0,"fna":"Centro de Salud Nº 10 Villa Manuelita","gna":"Centro de Salud","nam":"Nº 10 Villa Manuelita","fdc":"IGN/SISA","sag":"IGN"},"bbox":[-60.62770404,-32.98676662,-60.62770404,-32.98676662]},{"type":"Feature","id":"salud_020801.14542","geometry":{"type":"Point","coordinates":[-60.69093165,-32.86761894]},"geometry_name":"geom","properties":{"gid":14542,"entidad":0,"fna":"Centro de Salud Nº 54 Remanso Valerio","gna":"Centro de Salud","nam":"Nº 54 Remanso Valerio","fdc":"IGN/SISA","sag":"IGN"},"bbox":[-60.69093165,-32.86761894,-60.69093165,-32.86761894]},{"type":"Feature","id":"salud_020801.14543","geometry":{"type":"Point","coordinates":[-60.64819386,-33.03020238]},"geometry_name":"geom","properties":{"gid":14543,"entidad":0,"fna":"Centro de Salud Ingeniero Mosconi","gna":"Centro de Salud","nam":"Ingeniero Mosconi","fdc":"IGN/SISA","sag":"IGN"},"bbox":[-60.64819386,-33.03020238,-60.64819386,-33.03020238]},{"type":"Feature","id":"salud_020801.14544","geometry":{"type":"Point","coordinates":[-60.81156907,-32.91903466]},"geometry_name":"geom","properties":{"gid":14544,"entidad":0,"fna":"Centro de Salud Doctor Bernardo Houssay","gna":"Centro de Salud","nam":"Doctor Bernardo Houssay","fdc":"IGN/OSM/SISA","sag":"IGN"},"bbox":[-60.81156907,-32.91903466,-60.81156907,-32.91903466]},{"type":"Feature","id":"salud_020801.14545","geometry":{"type":"Point","coordinates":[-60.86216827,-32.91890726]},"geometry_name":"geom","properties":{"gid":14545,"entidad":0,"fna":"Centro de Salud Doctor Esteban Laureano Maradona","gna":"Centro de Salud","nam":"Doctor Esteban Laureano Maradona","fdc":"IGN/OSM/SISA","sag":"IGN"},"bbox":[-60.86216827,-32.91890726,-60.86216827,-32.91890726]},{"type":"Feature","id":"salud_020801.14546","geometry":{"type":"Point","coordinates":[-60.69717271,-32.90598289]},"geometry_name":"geom","properties":{"gid":14546,"entidad":0,"fna":"Centro de Salud Casiano Casas","gna":"Centro de Salud","nam":"Casiano Casas","fdc":"IGN/SISA","sag":"IGN"},"bbox":[-60.69717271,-32.90598289,-60.69717271,-32.90598289]},{"type":"Feature","id":"salud_020801.14547","geometry":{"type":"Point","coordinates":[-60.74893089,-32.91788822]},"geometry_name":"geom","properties":{"gid":14547,"entidad":0,"fna":"Centro de Salud Ceferino Namuncurá","gna":"Centro de Salud","nam":"Ceferino Namuncurá","fdc":"IGN/SISA/IDE Rosario","sag":"IGN"},"bbox":[-60.74893089,-32.91788822,-60.74893089,-32.91788822]},{"type":"Feature","id":"salud_020801.14548","geometry":{"type":"Point","coordinates":[-60.68862582,-33.00351569]},"geometry_name":"geom","properties":{"gid":14548,"entidad":0,"fna":"Centro de Salud El Gaucho","gna":"Centro de Salud","nam":"El Gaucho","fdc":"IGN/SISA","sag":"IGN"},"bbox":[-60.68862582,-33.00351569,-60.68862582,-33.00351569]},{"type":"Feature","id":"salud_020801.14549","geometry":{"type":"Point","coordinates":[-60.69354229,-32.91442438]},"geometry_name":"geom","properties":{"gid":14549,"entidad":0,"fna":"Centro de Salud Juan B. Justo","gna":"Centro de Salud","nam":"Juan B. Justo","fdc":"IGN/SISA","sag":"IGN"},"bbox":[-60.69354229,-32.91442438,-60.69354229,-32.91442438]},{"type":"Feature","id":"salud_020801.14550","geometry":{"type":"Point","coordinates":[-60.7101073,-32.97080049]},"geometry_name":"geom","properties":{"gid":14550,"entidad":0,"fna":"Centro de Salud Luchemos por la Vida","gna":"Centro de Salud","nam":"Luchemos por la Vida","fdc":"IGN/SISA","sag":"IGN"},"bbox":[-60.7101073,-32.97080049,-60.7101073,-32.97080049]},{"type":"Feature","id":"salud_020801.14551","geometry":{"type":"Point","coordinates":[-60.71295887,-32.88811416]},"geometry_name":"geom","properties":{"gid":14551,"entidad":0,"fna":"Centro de Salud 1º de Mayo","gna":"Centro de Salud","nam":"1º de Mayo","fdc":"IGN/OSM/SISA","sag":"IGN"},"bbox":[-60.71295887,-32.88811416,-60.71295887,-32.88811416]},{"type":"Feature","id":"salud_020801.14674","geometry":{"type":"Point","coordinates":[-60.67651289,-32.98367434]},"geometry_name":"geom","properties":{"gid":14674,"entidad":0,"fna":"Centro de Salud Santa Teresita","gna":"Centro de Salud","nam":"Santa Teresita","fdc":"IGN/SISA","sag":"IGN"},"bbox":[-60.67651289,-32.98367434,-60.67651289,-32.98367434]},{"type":"Feature","id":"salud_020801.14675","geometry":{"type":"Point","coordinates":[-60.63551486,-33.01010069]},"geometry_name":"geom","properties":{"gid":14675,"entidad":0,"fna":"Centro de Salud Sur","gna":"Centro de Salud","nam":"Sur","fdc":"IGN/SISA","sag":"IGN"},"bbox":[-60.63551486,-33.01010069,-60.63551486,-33.01010069]},{"type":"Feature","id":"salud_020801.14676","geometry":{"type":"Point","coordinates":[-60.68903867,-33.01892696]},"geometry_name":"geom","properties":{"gid":14676,"entidad":0,"fna":"Centro de Salud Tío Rolo","gna":"Centro de Salud","nam":"Tío Rolo","fdc":"IGN/SISA","sag":"IGN"},"bbox":[-60.68903867,-33.01892696,-60.68903867,-33.01892696]},{"type":"Feature","id":"salud_020801.14677","geometry":{"type":"Point","coordinates":[-60.71489386,-32.91778088]},"geometry_name":"geom","properties":{"gid":14677,"entidad":0,"fna":"Centro de Salud Vecinal Antonio Paravano","gna":"Centro de Salud Vecinal","nam":"Antonio Paravano","fdc":"IGN/SISA","sag":"IGN"},"bbox":[-60.71489386,-32.91778088,-60.71489386,-32.91778088]},{"type":"Feature","id":"salud_020801.14678","geometry":{"type":"Point","coordinates":[-60.6317938,-33.03374258]},"geometry_name":"geom","properties":{"gid":14678,"entidad":0,"fna":"Centro de Salud Evita","gna":"Centro de Salud","nam":"Evita","fdc":"IGN/SISA","sag":"IGN"},"bbox":[-60.6317938,-33.03374258,-60.6317938,-33.03374258]},{"type":"Feature","id":"salud_020801.14679","geometry":{"type":"Point","coordinates":[-60.65402419,-33.0363749]},"geometry_name":"geom","properties":{"gid":14679,"entidad":0,"fna":"Centro de Salud San Martín","gna":"Centro de Salud","nam":"San Martín","fdc":"IGN/OSM/SISA","sag":"IGN"},"bbox":[-60.65402419,-33.0363749,-60.65402419,-33.0363749]},{"type":"Feature","id":"salud_020801.14680","geometry":{"type":"Point","coordinates":[-60.43987219,-33.17241893]},"geometry_name":"geom","properties":{"gid":14680,"entidad":0,"fna":"Centro de Salud Costa Paraná","gna":"Centro de Salud","nam":"Costa Paraná","fdc":"IGN/SISA","sag":"IGN"},"bbox":[-60.43987219,-33.17241893,-60.43987219,-33.17241893]},{"type":"Feature","id":"salud_020801.14681","geometry":{"type":"Point","coordinates":[-60.66873041,-32.99990476]},"geometry_name":"geom","properties":{"gid":14681,"entidad":0,"fna":"Centro de Salud Parque Sur","gna":"Centro de Salud","nam":"Parque Sur","fdc":"IGN/SISA","sag":"IGN"},"bbox":[-60.66873041,-32.99990476,-60.66873041,-32.99990476]},{"type":"Feature","id":"salud_020801.14682","geometry":{"type":"Point","coordinates":[-60.65413303,-33.00698077]},"geometry_name":"geom","properties":{"gid":14682,"entidad":0,"fna":"Centro de Salud Vecinal San Martín A","gna":"Centro de Salud Vecinal","nam":"Vecinal San Martín A","fdc":"IGN/SISA","sag":"IGN"},"bbox":[-60.65413303,-33.00698077,-60.65413303,-33.00698077]},{"type":"Feature","id":"salud_020801.14683","geometry":{"type":"Point","coordinates":[-61.78724076,-30.66835939]},"geometry_name":"geom","properties":{"gid":14683,"entidad":0,"fna":"Centro de Salud Colonia Bossi","gna":"Centro de Salud","nam":"Colonia Bossi","fdc":"IGN/SISA","sag":"IGN"},"bbox":[-61.78724076,-30.66835939,-61.78724076,-30.66835939]},{"type":"Feature","id":"salud_020801.14684","geometry":{"type":"Point","coordinates":[-61.7931147,-30.11082827]},"geometry_name":"geom","properties":{"gid":14684,"entidad":0,"fna":"Centro de Salud La Rubia","gna":"Centro de Salud","nam":"La Rubia","fdc":"IGN/SISA","sag":"IGN"},"bbox":[-61.7931147,-30.11082827,-61.7931147,-30.11082827]},{"type":"Feature","id":"salud_020801.14685","geometry":{"type":"Point","coordinates":[-61.8958704,-30.35357018]},"geometry_name":"geom","properties":{"gid":14685,"entidad":0,"fna":"Centro de Salud Doctor Isaac Warchavsky","gna":"Centro de Salud","nam":"Doctor Isaac Warchavsky","fdc":"IGN/SISA","sag":"IGN"},"bbox":[-61.8958704,-30.35357018,-61.8958704,-30.35357018]},{"type":"Feature","id":"salud_020801.14686","geometry":{"type":"Point","coordinates":[-61.62108622,-30.70745698]},"geometry_name":"geom","properties":{"gid":14686,"entidad":0,"fna":"Centro de Salud Palacios","gna":"Centro de Salud","nam":"Palacios","fdc":"IGN/SISA","sag":"IGN"},"bbox":[-61.62108622,-30.70745698,-61.62108622,-30.70745698]},{"type":"Feature","id":"salud_020801.14687","geometry":{"type":"Point","coordinates":[-60.14006328,-30.44602105]},"geometry_name":"geom","properties":{"gid":14687,"entidad":0,"fna":"Centro de Salud La Brava","gna":"Centro de Salud","nam":"La Brava","fdc":"IGN/SISA","sag":"IGN"},"bbox":[-60.14006328,-30.44602105,-60.14006328,-30.44602105]},{"type":"Feature","id":"salud_020801.14688","geometry":{"type":"Point","coordinates":[-59.74232722,-29.50675135]},"geometry_name":"geom","properties":{"gid":14688,"entidad":0,"fna":"Centro de Salud Barrio Obrero","gna":"Centro de Salud","nam":"Barrio Obrero","fdc":"IGN/SISA","sag":"IGN"},"bbox":[-59.74232722,-29.50675135,-59.74232722,-29.50675135]},{"type":"Feature","id":"salud_020801.14689","geometry":{"type":"Point","coordinates":[-59.97301737,-30.3417502]},"geometry_name":"geom","properties":{"gid":14689,"entidad":0,"fna":"Centro de Salud Colonia Yatai","gna":"Centro de Salud","nam":"Colonia Yatai","fdc":"IGN/SISA","sag":"IGN"},"bbox":[-59.97301737,-30.3417502,-59.97301737,-30.3417502]},{"type":"Feature","id":"salud_020801.14690","geometry":{"type":"Point","coordinates":[-59.81142956,-29.85900983]},"geometry_name":"geom","properties":{"gid":14690,"entidad":0,"fna":"Centro de Salud Los Jacintos","gna":"Centro de Salud","nam":"Los Jacintos","fdc":"IGN/SISA","sag":"IGN"},"bbox":[-59.81142956,-29.85900983,-59.81142956,-29.85900983]},{"type":"Feature","id":"salud_020801.14691","geometry":{"type":"Point","coordinates":[-61.1576931,-32.1694742]},"geometry_name":"geom","properties":{"gid":14691,"entidad":0,"fna":"Centro de Salud Doctor Raúl Renedo","gna":"Centro de Salud","nam":"Doctor Rául Renedo","fdc":"IGN/SISA","sag":"IGN"},"bbox":[-61.1576931,-32.1694742,-61.1576931,-32.1694742]},{"type":"Feature","id":"salud_020801.14692","geometry":{"type":"Point","coordinates":[-60.94702144,-32.35547973]},"geometry_name":"geom","properties":{"gid":14692,"entidad":0,"fna":"Centro de Salud Monje","gna":"Centro de Salud","nam":"Monje","fdc":"IGN/SISA","sag":"IGN"},"bbox":[-60.94702144,-32.35547973,-60.94702144,-32.35547973]},{"type":"Feature","id":"salud_020801.14693","geometry":{"type":"Point","coordinates":[-61.04656095,-31.93570404]},"geometry_name":"geom","properties":{"gid":14693,"entidad":0,"fna":"Centro de Salud Larrechea","gna":"Centro de Salud","nam":"Larrechea","fdc":"IGN/SISA","sag":"IGN"},"bbox":[-61.04656095,-31.93570404,-61.04656095,-31.93570404]},{"type":"Feature","id":"salud_020801.14694","geometry":{"type":"Point","coordinates":[-60.8175868,-32.434087]},"geometry_name":"geom","properties":{"gid":14694,"entidad":0,"fna":"Servicio para la Atención Médica de la Comunidad Puerto Gaboto","gna":"Servicio para la Atención Médica de la Comunidad","nam":"Puerto Gaboto","fdc":"IGN/SISA","sag":"IGN"},"bbox":[-60.8175868,-32.434087,-60.8175868,-32.434087]},{"type":"Feature","id":"salud_020801.14695","geometry":{"type":"Point","coordinates":[-60.92256189,-31.96823833]},"geometry_name":"geom","properties":{"gid":14695,"entidad":0,"fna":"Centro de Salud San Pantaleón","gna":"Centro de Salud","nam":"San Pantaleón","fdc":"IGN/SISA","sag":"IGN"},"bbox":[-60.92256189,-31.96823833,-60.92256189,-31.96823833]},{"type":"Feature","id":"salud_020801.14696","geometry":{"type":"Point","coordinates":[-60.57914455,-31.11261645]},"geometry_name":"geom","properties":{"gid":14696,"entidad":0,"fna":"Centro de Salud Cayastacito","gna":"Centro de Salud","nam":"Cayastacito","fdc":"IGN/SISA","sag":"IGN"},"bbox":[-60.57914455,-31.11261645,-60.57914455,-31.11261645]},{"type":"Feature","id":"salud_020801.14697","geometry":{"type":"Point","coordinates":[-60.52192825,-30.34626885]},"geometry_name":"geom","properties":{"gid":14697,"entidad":0,"fna":"Centro de Salud La Penca y Caraguata","gna":"Centro de Salud","nam":"La Penca y Caraguata","fdc":"IGN/SISA","sag":"IGN"},"bbox":[-60.52192825,-30.34626885,-60.52192825,-30.34626885]},{"type":"Feature","id":"salud_020801.14698","geometry":{"type":"Point","coordinates":[-60.5868998,-30.79472873]},"geometry_name":"geom","properties":{"gid":14698,"entidad":0,"fna":"Centro de Salud 24 de Setiembre","gna":"Centro de Salud","nam":"24 de Setiembre","fdc":"IGN/SISA","sag":"IGN"},"bbox":[-60.5868998,-30.79472873,-60.5868998,-30.79472873]},{"type":"Feature","id":"salud_020801.14699","geometry":{"type":"Point","coordinates":[-61.04343537,-33.01567743]},"geometry_name":"geom","properties":{"gid":14699,"entidad":0,"fna":"Servicio para la Atención Médica de la Comunidad Pujato","gna":"Servicio para la Atención Médica de la Comunidad","nam":"Pujato","fdc":"IGN/SISA","sag":"IGN"},"bbox":[-61.04343537,-33.01567743,-61.04343537,-33.01567743]},{"type":"Feature","id":"salud_020801.14700","geometry":{"type":"Point","coordinates":[-60.81540137,-32.70581555]},"geometry_name":"geom","properties":{"gid":14700,"entidad":0,"fna":"Centro de Salud Aldao","gna":"Centro de Salud","nam":"Aldao","fdc":"IGN/SISA","sag":"IGN"},"bbox":[-60.81540137,-32.70581555,-60.81540137,-32.70581555]},{"type":"Feature","id":"salud_020801.14701","geometry":{"type":"Point","coordinates":[-60.71286349,-32.81784112]},"geometry_name":"geom","properties":{"gid":14701,"entidad":0,"fna":"Centro de Salud Barrio La Posta","gna":"Centro de Salud","nam":"Barrio La Posta","fdc":"IGN/SISA","sag":"IGN"},"bbox":[-60.71286349,-32.81784112,-60.71286349,-32.81784112]},{"type":"Feature","id":"salud_020801.14702","geometry":{"type":"Point","coordinates":[-60.73816129,-32.71372938]},"geometry_name":"geom","properties":{"gid":14702,"entidad":0,"fna":"Centro de Salud Catalina Salomón","gna":"Centro de Salud","nam":"Catalina Salomón","fdc":"IGN/OSM/SISA","sag":"IGN"},"bbox":[-60.73816129,-32.71372938,-60.73816129,-32.71372938]},{"type":"Feature","id":"salud_020801.14703","geometry":{"type":"Point","coordinates":[-60.73378884,-32.70082328]},"geometry_name":"geom","properties":{"gid":14703,"entidad":0,"fna":"Centro de Salud Nuestra Señora de Fátima","gna":"Centro de Salud","nam":"Nuestra Señora de Fátima","fdc":"IGN/SISA","sag":"IGN"},"bbox":[-60.73378884,-32.70082328,-60.73378884,-32.70082328]},{"type":"Feature","id":"salud_020801.14704","geometry":{"type":"Point","coordinates":[-60.73276098,-32.72741074]},"geometry_name":"geom","properties":{"gid":14704,"entidad":0,"fna":"Centro de Salud Esteban Laureano Maradona","gna":"Centro de Salud","nam":"Esteban Laureano Maradona","fdc":"IGN/SISA","sag":"IGN"},"bbox":[-60.73276098,-32.72741074,-60.73276098,-32.72741074]},{"type":"Feature","id":"salud_020801.14705","geometry":{"type":"Point","coordinates":[-62.08923736,-31.66672427]},"geometry_name":"geom","properties":{"gid":14705,"entidad":0,"fna":"Servicio para la Atención Médica de la Comunidad Castelar","gna":"Servicio para la Atención Médica de la Comunidad","nam":"Castelar","fdc":"IGN/SISA","sag":"IGN"},"bbox":[-62.08923736,-31.66672427,-62.08923736,-31.66672427]},{"type":"Feature","id":"salud_020801.14706","geometry":{"type":"Point","coordinates":[-62.10668829,-31.82258603]},"geometry_name":"geom","properties":{"gid":14706,"entidad":0,"fna":"Servicio para la Atención Médica de la Comunidad Las Petacas","gna":"Servicio para la Atención Médica de la Comunidad","nam":"Las Petacas","fdc":"IGN/SISA","sag":"IGN"},"bbox":[-62.10668829,-31.82258603,-62.10668829,-31.82258603]},{"type":"Feature","id":"salud_020801.14707","geometry":{"type":"Point","coordinates":[-61.63158218,-32.32332822]},"geometry_name":"geom","properties":{"gid":14707,"entidad":0,"fna":"Servicio para la Atención Médica de la Comunidad Los Cardos","gna":"Servicio para la Atención Médica de la Comunidad","nam":"Los Cardos","fdc":"IGN/SISA","sag":"IGN"},"bbox":[-61.63158218,-32.32332822,-61.63158218,-32.32332822]},{"type":"Feature","id":"salud_020801.14708","geometry":{"type":"Point","coordinates":[-61.49213018,-32.1971907]},"geometry_name":"geom","properties":{"gid":14708,"entidad":0,"fna":"Servicio para la Atención Médica de la Comunidad Las Bandurrias","gna":"Servicio para la Atención Médica de la Comunidad","nam":"Las Bandurrias","fdc":"IGN/SISA","sag":"IGN"},"bbox":[-61.49213018,-32.1971907,-61.49213018,-32.1971907]},{"type":"Feature","id":"salud_020801.14709","geometry":{"type":"Point","coordinates":[-61.60760945,-32.04772386]},"geometry_name":"geom","properties":{"gid":14709,"entidad":0,"fna":"Centro de Salud Pedro Manasseri","gna":"Centro de Salud","nam":"Pedro Manasseri","fdc":"IGN/SISA","sag":"IGN"},"bbox":[-61.60760945,-32.04772386,-61.60760945,-32.04772386]},{"type":"Feature","id":"salud_020801.14710","geometry":{"type":"Point","coordinates":[-60.22183294,-29.53909746]},"geometry_name":"geom","properties":{"gid":14710,"entidad":0,"fna":"Centro de Salud Espín","gna":"Centro de Salud","nam":"Espín","fdc":"IGN/SISA","sag":"IGN"},"bbox":[-60.22183294,-29.53909746,-60.22183294,-29.53909746]},{"type":"Feature","id":"salud_020801.14711","geometry":{"type":"Point","coordinates":[-60.93402539,-29.12835707]},"geometry_name":"geom","properties":{"gid":14711,"entidad":0,"fna":"Centro de Salud Fortín Charrúa","gna":"Centro de Salud","nam":"Fortín Charrúa","fdc":"IGN/SISA","sag":"IGN"},"bbox":[-60.93402539,-29.12835707,-60.93402539,-29.12835707]},{"type":"Feature","id":"salud_020801.14712","geometry":{"type":"Point","coordinates":[-60.02303783,-28.55691906]},"geometry_name":"geom","properties":{"gid":14712,"entidad":0,"fna":"Centro de Salud Golondrina","gna":"Centro de Salud","nam":"Golondrina","fdc":"IGN/SISA","sag":"IGN"},"bbox":[-60.02303783,-28.55691906,-60.02303783,-28.55691906]},{"type":"Feature","id":"salud_020801.14713","geometry":{"type":"Point","coordinates":[-60.65156008,-30.94583991]},"geometry_name":"geom","properties":{"gid":14713,"entidad":0,"fna":"Centro de Salud Videla","gna":"Centro de Salud","nam":"Videla","fdc":"IGN/SISA","sag":"IGN"},"bbox":[-60.65156008,-30.94583991,-60.65156008,-30.94583991]},{"type":"Feature","id":"salud_020801.14714","geometry":{"type":"Point","coordinates":[-60.27769127,-30.72842473]},"geometry_name":"geom","properties":{"gid":14714,"entidad":0,"fna":"Centro de Salud Los Saladillos","gna":"Centro de Salud","nam":"Los Saladillos","fdc":"IGN/SISA","sag":"IGN"},"bbox":[-60.27769127,-30.72842473,-60.27769127,-30.72842473]},{"type":"Feature","id":"salud_020801.14715","geometry":{"type":"Point","coordinates":[-61.25519325,-31.43454593]},"geometry_name":"geom","properties":{"gid":14715,"entidad":0,"fna":"Centro de Salud Barrio Norte","gna":"Centro de Salud","nam":"Barrio Norte","fdc":"IGN/SISA","sag":"IGN"},"bbox":[-61.25519325,-31.43454593,-61.25519325,-31.43454593]},{"type":"Feature","id":"salud_020801.14716","geometry":{"type":"Point","coordinates":[-60.93007011,-31.20529438]},"geometry_name":"geom","properties":{"gid":14716,"entidad":0,"fna":"Centro de Salud Cululú","gna":"Centro de Salud","nam":"Cululú","fdc":"IGN/SISA","sag":"IGN"},"bbox":[-60.93007011,-31.20529438,-60.93007011,-31.20529438]},{"type":"Feature","id":"salud_020801.14717","geometry":{"type":"Point","coordinates":[-60.56320766,-29.48257199]},"geometry_name":"geom","properties":{"gid":14717,"entidad":0,"fna":"Centro de Salud Kilómetro 15","gna":"Centro de Salud","nam":"Kilómetro 15","fdc":"IGN/SISA","sag":"IGN"},"bbox":[-60.56320766,-29.48257199,-60.56320766,-29.48257199]},{"type":"Feature","id":"salud_020801.14718","geometry":{"type":"Point","coordinates":[-61.04448575,-33.71528193]},"geometry_name":"geom","properties":{"gid":14718,"entidad":0,"fna":"Centro de Salud Juncal","gna":"Centro de Salud","nam":"Juncal","fdc":"IGN/SISA","sag":"IGN"},"bbox":[-61.04448575,-33.71528193,-61.04448575,-33.71528193]},{"type":"Feature","id":"salud_020801.14719","geometry":{"type":"Point","coordinates":[-61.90114052,-31.09189842]},"geometry_name":"geom","properties":{"gid":14719,"entidad":0,"fna":"Centro de Salud Ramona","gna":"Centro de Salud","nam":"Ramona","fdc":"IGN/SISA","sag":"IGN"},"bbox":[-61.90114052,-31.09189842,-61.90114052,-31.09189842]},{"type":"Feature","id":"salud_020801.14720","geometry":{"type":"Point","coordinates":[-61.27937268,-33.1433803]},"geometry_name":"geom","properties":{"gid":14720,"entidad":0,"fna":"Centro de Salud Sanford","gna":"Centro de Salud","nam":"Sanford","fdc":"IGN/SISA","sag":"IGN"},"bbox":[-61.27937268,-33.1433803,-61.27937268,-33.1433803]},{"type":"Feature","id":"salud_020801.14721","geometry":{"type":"Point","coordinates":[-61.66700337,-31.32503915]},"geometry_name":"geom","properties":{"gid":14721,"entidad":0,"fna":"Centro de Salud Plaza Saguier","gna":"Centro de Salud","nam":"Plaza Saguier","fdc":"IGN/SISA","sag":"IGN"},"bbox":[-61.66700337,-31.32503915,-61.66700337,-31.32503915]},{"type":"Feature","id":"salud_020801.14811","geometry":{"type":"Point","coordinates":[-59.0236357,-31.86438526]},"geometry_name":"geom","properties":{"gid":14811,"entidad":0,"fna":"Centro de Salud Barrio Brasil","gna":"Centro de Salud","nam":"Barrio Brasil","fdc":"IGN/SISA","sag":"IGN"},"bbox":[-59.0236357,-31.86438526,-59.0236357,-31.86438526]},{"type":"Feature","id":"salud_020801.14812","geometry":{"type":"Point","coordinates":[-59.03658678,-31.8672958]},"geometry_name":"geom","properties":{"gid":14812,"entidad":0,"fna":"Dispensario Municipal Carlos Silva","gna":"Dispensario Municipal","nam":"Carlos Silva","fdc":"IGN/SISA","sag":"IGN"},"bbox":[-59.03658678,-31.8672958,-59.03658678,-31.8672958]},{"type":"Feature","id":"salud_020801.14813","geometry":{"type":"Point","coordinates":[-58.39303609,-31.97596227]},"geometry_name":"geom","properties":{"gid":14813,"entidad":0,"fna":"Centro de Salud Dioliria Joannas","gna":"Centro de Salud","nam":"Dioliria Joannas","fdc":"IGN/SISA","sag":"IGN"},"bbox":[-58.39303609,-31.97596227,-58.39303609,-31.97596227]},{"type":"Feature","id":"salud_020801.14814","geometry":{"type":"Point","coordinates":[-58.14624263,-32.21601589]},"geometry_name":"geom","properties":{"gid":14814,"entidad":0,"fna":"Centro de Salud Capilla San Miguel","gna":"Centro de Salud","nam":"Capilla San Miguel","fdc":"IGN/SISA","sag":"IGN"},"bbox":[-58.14624263,-32.21601589,-58.14624263,-32.21601589]},{"type":"Feature","id":"salud_020801.14815","geometry":{"type":"Point","coordinates":[-58.22979024,-31.67220618]},"geometry_name":"geom","properties":{"gid":14815,"entidad":0,"fna":"Centro de Salud Brasil","gna":"Centro de Salud","nam":"Brasil","fdc":"IGN/SISA","sag":"IGN"},"bbox":[-58.22979024,-31.67220618,-58.22979024,-31.67220618]},{"type":"Feature","id":"salud_020801.14816","geometry":{"type":"Point","coordinates":[-58.01587812,-31.53627116]},"geometry_name":"geom","properties":{"gid":14816,"entidad":0,"fna":"Centro de Salud Don Alfredo Enrique Derudder","gna":"Centro de Salud","nam":"Don Alfredo Enrique Derudder","fdc":"IGN/SISA","sag":"IGN"},"bbox":[-58.01587812,-31.53627116,-58.01587812,-31.53627116]},{"type":"Feature","id":"salud_020801.14817","geometry":{"type":"Point","coordinates":[-58.1936614,-31.16710217]},"geometry_name":"geom","properties":{"gid":14817,"entidad":0,"fna":"Centro de Salud Doctor José R. Larroca","gna":"Centro de Salud","nam":"Doctor José R. Larroca","fdc":"IGN/SISA","sag":"IGN"},"bbox":[-58.1936614,-31.16710217,-58.1936614,-31.16710217]},{"type":"Feature","id":"salud_020801.14818","geometry":{"type":"Point","coordinates":[-60.47220496,-32.31718064]},"geometry_name":"geom","properties":{"gid":14818,"entidad":0,"fna":"Centro de Salud Nuestra Señora de los Pobres","gna":"Centro de Salud","nam":"Nuestra Señora de los Pobres","fdc":"IGN/SISA","sag":"IGN"},"bbox":[-60.47220496,-32.31718064,-60.47220496,-32.31718064]},{"type":"Feature","id":"salud_020801.14819","geometry":{"type":"Point","coordinates":[-57.91605359,-30.98933764]},"geometry_name":"geom","properties":{"gid":14819,"entidad":0,"fna":"Sala de Primeros Auxilios Perpetuo Socorro","gna":"Sala de Primeros Auxilios","nam":"Perpetuo Socorro","fdc":"IGN/SISA","sag":"IGN"},"bbox":[-57.91605359,-30.98933764,-57.91605359,-30.98933764]},{"type":"Feature","id":"salud_020801.14820","geometry":{"type":"Point","coordinates":[-58.74292242,-30.38431153]},"geometry_name":"geom","properties":{"gid":14820,"entidad":0,"fna":"Centro de Salud Nuestra Señora de Luján","gna":"Centro de Salud","nam":"Nuestra Señora de Luján","fdc":"IGN/SISA","sag":"IGN"},"bbox":[-58.74292242,-30.38431153,-58.74292242,-30.38431153]},{"type":"Feature","id":"salud_020801.14821","geometry":{"type":"Point","coordinates":[-58.4041945,-30.45182728]},"geometry_name":"geom","properties":{"gid":14821,"entidad":0,"fna":"Centro de Salud La Hierra","gna":"Centro de Salud","nam":"La Hierra","fdc":"IGN/SISA","sag":"IGN"},"bbox":[-58.4041945,-30.45182728,-58.4041945,-30.45182728]},{"type":"Feature","id":"salud_020801.14822","geometry":{"type":"Point","coordinates":[-59.75132066,-32.95667813]},"geometry_name":"geom","properties":{"gid":14822,"entidad":0,"fna":"Centro de Salud Doctor Carlos Rocca","gna":"Centro de Salud","nam":"Doctor Carlos Rocca","fdc":"IGN/SISA","sag":"IGN"},"bbox":[-59.75132066,-32.95667813,-59.75132066,-32.95667813]},{"type":"Feature","id":"salud_020801.14823","geometry":{"type":"Point","coordinates":[-58.70231586,-32.62771992]},"geometry_name":"geom","properties":{"gid":14823,"entidad":0,"fna":"Centro de Salud San Antonio","gna":"Centro de Salud","nam":"San Antonio","fdc":"IGN/SISA","sag":"IGN"},"bbox":[-58.70231586,-32.62771992,-58.70231586,-32.62771992]},{"type":"Feature","id":"salud_020801.14824","geometry":{"type":"Point","coordinates":[-58.51002511,-33.01429177]},"geometry_name":"geom","properties":{"gid":14824,"entidad":0,"fna":"Centro de Salud Juan José Franco","gna":"Centro de Salud","nam":"Juan José Franco","fdc":"IGN/SISA","sag":"IGN"},"bbox":[-58.51002511,-33.01429177,-58.51002511,-33.01429177]},{"type":"Feature","id":"salud_020801.14825","geometry":{"type":"Point","coordinates":[-58.5189814,-33.01621122]},"geometry_name":"geom","properties":{"gid":14825,"entidad":0,"fna":"Puesto de Salud Arroyo Merlo","gna":"Puesto de Salud","nam":"Arroyo Merlo","fdc":"IGN/SISA","sag":"IGN"},"bbox":[-58.5189814,-33.01621122,-58.5189814,-33.01621122]},{"type":"Feature","id":"salud_020801.14826","geometry":{"type":"Point","coordinates":[-58.50553941,-33.00609463]},"geometry_name":"geom","properties":{"gid":14826,"entidad":0,"fna":"Centro de Salud Nº 3","gna":"Centro de Salud","nam":"Nº 3","fdc":"IGN/SISA","sag":"IGN"},"bbox":[-58.50553941,-33.00609463,-58.50553941,-33.00609463]},{"type":"Feature","id":"salud_020801.14827","geometry":{"type":"Point","coordinates":[-58.52286202,-33.01260941]},"geometry_name":"geom","properties":{"gid":14827,"entidad":0,"fna":"Centro de Salud Nº 5","gna":"Centro de Salud","nam":"Nº 5","fdc":"IGN/SISA","sag":"IGN"},"bbox":[-58.52286202,-33.01260941,-58.52286202,-33.01260941]},{"type":"Feature","id":"salud_020801.14828","geometry":{"type":"Point","coordinates":[-59.00275982,-33.04147604]},"geometry_name":"geom","properties":{"gid":14828,"entidad":0,"fna":"Centro de Salud Doctor Santiago Bougnard","gna":"Centro de Salud","nam":"Doctor Santiago Bougnard","fdc":"IGN/SISA","sag":"IGN"},"bbox":[-59.00275982,-33.04147604,-59.00275982,-33.04147604]},{"type":"Feature","id":"salud_020801.14829","geometry":{"type":"Point","coordinates":[-59.11442592,-33.73256403]},"geometry_name":"geom","properties":{"gid":14829,"entidad":0,"fna":"Centro de Salud Román Hornos","gna":"Centro de Salud","nam":"Román Hornos","fdc":"IGN/SISA","sag":"IGN"},"bbox":[-59.11442592,-33.73256403,-59.11442592,-33.73256403]},{"type":"Feature","id":"salud_020801.14830","geometry":{"type":"Point","coordinates":[-59.50178884,-31.38586894]},"geometry_name":"geom","properties":{"gid":14830,"entidad":0,"fna":"Centro de Salud Pablo Krausaz","gna":"Centro de Salud","nam":"Pablo Krausaz","fdc":"IGN/SISA","sag":"IGN"},"bbox":[-59.50178884,-31.38586894,-59.50178884,-31.38586894]},{"type":"Feature","id":"salud_020801.14831","geometry":{"type":"Point","coordinates":[-59.42801902,-31.01229489]},"geometry_name":"geom","properties":{"gid":14831,"entidad":0,"fna":"Centro de Salud Doctor Atilio Caminitti","gna":"Centro de Salud","nam":"Doctor Atilio Caminitti","fdc":"IGN/SISA","sag":"IGN"},"bbox":[-59.42801902,-31.01229489,-59.42801902,-31.01229489]},{"type":"Feature","id":"salud_020801.14832","geometry":{"type":"Point","coordinates":[-59.64740327,-30.76167294]},"geometry_name":"geom","properties":{"gid":14832,"entidad":0,"fna":"Centro de Salud Ejido Sur","gna":"Centro de Salud","nam":"Ejido Sur","fdc":"IGN/SISA","sag":"IGN"},"bbox":[-59.64740327,-30.76167294,-59.64740327,-30.76167294]},{"type":"Feature","id":"salud_020801.14833","geometry":{"type":"Point","coordinates":[-59.93326427,-32.37241567]},"geometry_name":"geom","properties":{"gid":14833,"entidad":0,"fna":"Centro de Salud Farmaceútico Juan H. Ghiano","gna":"Centro de Salud","nam":"Farmaceútico Juan H. Ghiano","fdc":"IGN/SISA","sag":"IGN"},"bbox":[-59.93326427,-32.37241567,-59.93326427,-32.37241567]},{"type":"Feature","id":"salud_020801.14834","geometry":{"type":"Point","coordinates":[-59.99371507,-32.06920434]},"geometry_name":"geom","properties":{"gid":14834,"entidad":0,"fna":"Centro de Salud Albert Schweitzer","gna":"Centro de Salud","nam":"Albert Schweitzer","fdc":"IGN/SISA","sag":"IGN"},"bbox":[-59.99371507,-32.06920434,-59.99371507,-32.06920434]},{"type":"Feature","id":"salud_020801.14835","geometry":{"type":"Point","coordinates":[-59.59742605,-32.41778628]},"geometry_name":"geom","properties":{"gid":14835,"entidad":0,"fna":"Centro de Salud Chiqueros","gna":"Centro de Salud","nam":"Chiqueros","fdc":"IGN/SISA","sag":"IGN"},"bbox":[-59.59742605,-32.41778628,-59.59742605,-32.41778628]},{"type":"Feature","id":"salud_020801.14836","geometry":{"type":"Point","coordinates":[-60.49446529,-31.87139077]},"geometry_name":"geom","properties":{"gid":14836,"entidad":0,"fna":"Centro de Salud Tezanos Pinto","gna":"Centro de Salud","nam":"Tezanos Pinto","fdc":"IGN/SISA","sag":"IGN"},"bbox":[-60.49446529,-31.87139077,-60.49446529,-31.87139077]},{"type":"Feature","id":"salud_020801.14837","geometry":{"type":"Point","coordinates":[-60.29941913,-31.7279168]},"geometry_name":"geom","properties":{"gid":14837,"entidad":0,"fna":"Centro de Salud Doctor Fontanetto","gna":"Centro de Salud","nam":"Doctor Fontanetto","fdc":"IGN/SISA","sag":"IGN"},"bbox":[-60.29941913,-31.7279168,-60.29941913,-31.7279168]},{"type":"Feature","id":"salud_020801.14838","geometry":{"type":"Point","coordinates":[-60.30926808,-32.03840978]},"geometry_name":"geom","properties":{"gid":14838,"entidad":0,"fna":"Centro de Salud Basilio Ángel Galanti","gna":"Centro de Salud","nam":"Basilio Ángel Galanti","fdc":"IGN/SISA","sag":"IGN"},"bbox":[-60.30926808,-32.03840978,-60.30926808,-32.03840978]},{"type":"Feature","id":"salud_020801.14839","geometry":{"type":"Point","coordinates":[-59.89017,-31.58169017]},"geometry_name":"geom","properties":{"gid":14839,"entidad":0,"fna":"Centro de Salud Doctor Juan José Elberg","gna":"Centro de Salud","nam":"Doctor Juan José Elberg","fdc":"IGN/SISA","sag":"IGN"},"bbox":[-59.89017,-31.58169017,-59.89017,-31.58169017]},{"type":"Feature","id":"salud_020801.14840","geometry":{"type":"Point","coordinates":[-58.31489435,-31.7957784]},"geometry_name":"geom","properties":{"gid":14840,"entidad":0,"fna":"Centro de Salud Doctor Diego Paroissien","gna":"Centro de Salud","nam":"Doctor Diego Paroissien","fdc":"IGN/SISA","sag":"IGN"},"bbox":[-58.31489435,-31.7957784,-58.31489435,-31.7957784]},{"type":"Feature","id":"salud_020801.14841","geometry":{"type":"Point","coordinates":[-58.39721312,-32.16330592]},"geometry_name":"geom","properties":{"gid":14841,"entidad":0,"fna":"Centro de Salud Pueblo Cazes","gna":"Centro de Salud","nam":"Pueblo Cazes","fdc":"IGN/SISA","sag":"IGN"},"bbox":[-58.39721312,-32.16330592,-58.39721312,-32.16330592]},{"type":"Feature","id":"salud_020801.14842","geometry":{"type":"Point","coordinates":[-61.43590984,-30.99538463]},"geometry_name":"geom","properties":{"gid":14842,"entidad":0,"fna":"Centro de Salud Ataliva","gna":"Centro de Salud","nam":"Ataliva","fdc":"IGN/SISA","sag":"IGN"},"bbox":[-61.43590984,-30.99538463,-61.43590984,-30.99538463]},{"type":"Feature","id":"salud_020801.14843","geometry":{"type":"Point","coordinates":[-61.83234817,-31.18883594]},"geometry_name":"geom","properties":{"gid":14843,"entidad":0,"fna":"Centro de Salud Vila","gna":"Centro de Salud","nam":"Vila","fdc":"IGN/SISA","sag":"IGN"},"bbox":[-61.83234817,-31.18883594,-61.83234817,-31.18883594]},{"type":"Feature","id":"salud_020801.14844","geometry":{"type":"Point","coordinates":[-60.40548435,-33.24229431]},"geometry_name":"geom","properties":{"gid":14844,"entidad":0,"fna":"Centro de Salud Pavón","gna":"Centro de Salud","nam":"Pavón","fdc":"IGN/SISA","sag":"IGN"},"bbox":[-60.40548435,-33.24229431,-60.40548435,-33.24229431]},{"type":"Feature","id":"salud_020801.14845","geometry":{"type":"Point","coordinates":[-61.39819919,-32.8083572]},"geometry_name":"geom","properties":{"gid":14845,"entidad":0,"fna":"Centro de Salud Barrio Mercantil","gna":"Centro de Salud","nam":"Barrio Mercantil","fdc":"IGN/SISA","sag":"IGN"},"bbox":[-61.39819919,-32.8083572,-61.39819919,-32.8083572]},{"type":"Feature","id":"salud_020801.14846","geometry":{"type":"Point","coordinates":[-60.60582121,-31.66349394]},"geometry_name":"geom","properties":{"gid":14846,"entidad":0,"fna":"Centro de Salud Colastiné Sur","gna":"Centro de Salud","nam":"Colastiné Sur","fdc":"IGN/SISA","sag":"IGN"},"bbox":[-60.60582121,-31.66349394,-60.60582121,-31.66349394]},{"type":"Feature","id":"salud_020801.14847","geometry":{"type":"Point","coordinates":[-61.62838705,-28.62248068]},"geometry_name":"geom","properties":{"gid":14847,"entidad":0,"fna":"Centro de Salud Jaime J. Culler","gna":"Centro de Salud","nam":"Jaime J. Culler","fdc":"IGN/SISA","sag":"IGN"},"bbox":[-61.62838705,-28.62248068,-61.62838705,-28.62248068]},{"type":"Feature","id":"salud_020801.14848","geometry":{"type":"Point","coordinates":[-61.77452089,-29.23967278]},"geometry_name":"geom","properties":{"gid":14848,"entidad":0,"fna":"Centro de Salud Madre Teresa de Calcuta","gna":"Centro de Salud","nam":"Madre Teresa de Calcuta","fdc":"IGN/SISA","sag":"IGN"},"bbox":[-61.77452089,-29.23967278,-61.77452089,-29.23967278]},{"type":"Feature","id":"salud_020801.14849","geometry":{"type":"Point","coordinates":[-61.44493755,-33.34923919]},"geometry_name":"geom","properties":{"gid":14849,"entidad":0,"fna":"Centro de Salud Doctor René Favaloro","gna":"Centro de Salud","nam":"Doctor René Favaloro","fdc":"IGN/SISA","sag":"IGN"},"bbox":[-61.44493755,-33.34923919,-61.44493755,-33.34923919]},{"type":"Feature","id":"salud_020801.14850","geometry":{"type":"Point","coordinates":[-61.17754123,-33.04068915]},"geometry_name":"geom","properties":{"gid":14850,"entidad":0,"fna":"Centro de Salud Alberdi","gna":"Centro de Salud","nam":"Alberdi","fdc":"IGN/SISA","sag":"IGN"},"bbox":[-61.17754123,-33.04068915,-61.17754123,-33.04068915]},{"type":"Feature","id":"salud_020801.14851","geometry":{"type":"Point","coordinates":[-61.64718913,-31.68677334]},"geometry_name":"geom","properties":{"gid":14851,"entidad":0,"fna":"Centro de Salud Colonia Margarita","gna":"Centro de Salud","nam":"Colonia Margarita","fdc":"IGN/SISA","sag":"IGN"},"bbox":[-61.64718913,-31.68677334,-61.64718913,-31.68677334]},{"type":"Feature","id":"salud_020801.14852","geometry":{"type":"Point","coordinates":[-61.80690846,-31.65054406]},"geometry_name":"geom","properties":{"gid":14852,"entidad":0,"fna":"Centro de Salud Garibaldi","gna":"Centro de Salud","nam":"Garibaldi","fdc":"IGN/SISA","sag":"IGN"},"bbox":[-61.80690846,-31.65054406,-61.80690846,-31.65054406]},{"type":"Feature","id":"salud_020801.14853","geometry":{"type":"Point","coordinates":[-61.48928697,-30.83625225]},"geometry_name":"geom","properties":{"gid":14853,"entidad":0,"fna":"Centro de Salud Raquel","gna":"Centro de Salud","nam":"Raquel","fdc":"IGN/SISA","sag":"IGN"},"bbox":[-61.48928697,-30.83625225,-61.48928697,-30.83625225]},{"type":"Feature","id":"salud_020801.14854","geometry":{"type":"Point","coordinates":[-62.06287857,-31.4390728]},"geometry_name":"geom","properties":{"gid":14854,"entidad":0,"fna":"Centro de Salud Barrio San Roque","gna":"Centro de Salud","nam":"Barrio San Roque","fdc":"IGN/SISA","sag":"IGN"},"bbox":[-62.06287857,-31.4390728,-62.06287857,-31.4390728]},{"type":"Feature","id":"salud_020801.14855","geometry":{"type":"Point","coordinates":[-62.06617102,-31.44045155]},"geometry_name":"geom","properties":{"gid":14855,"entidad":0,"fna":"Centro de Salud Barrio Villani","gna":"Centro de Salud","nam":"Barrio Villani","fdc":"IGN/SISA","sag":"IGN"},"bbox":[-62.06617102,-31.44045155,-62.06617102,-31.44045155]},{"type":"Feature","id":"salud_020801.14856","geometry":{"type":"Point","coordinates":[-61.47091538,-31.23170588]},"geometry_name":"geom","properties":{"gid":14856,"entidad":0,"fna":"Centro de Salud Nº 1","gna":"Centro de Salud","nam":"Nº 1","fdc":"IGN/SISA","sag":"IGN"},"bbox":[-61.47091538,-31.23170588,-61.47091538,-31.23170588]},{"type":"Feature","id":"salud_020801.14857","geometry":{"type":"Point","coordinates":[-61.50954928,-31.26111215]},"geometry_name":"geom","properties":{"gid":14857,"entidad":0,"fna":"Centro de Salud Nº 6 Barrio Amancay","gna":"Centro de Salud","nam":"Nº 6 Barrio Amancay","fdc":"IGN/SISA","sag":"IGN"},"bbox":[-61.50954928,-31.26111215,-61.50954928,-31.26111215]},{"type":"Feature","id":"salud_020801.14858","geometry":{"type":"Point","coordinates":[-61.50672213,-31.26818004]},"geometry_name":"geom","properties":{"gid":14858,"entidad":0,"fna":"Centro de Salud Nº 7 17 de Octubre","gna":"Centro de Salud","nam":"Nº 7 17 de Octubre","fdc":"IGN/SISA","sag":"IGN"},"bbox":[-61.50672213,-31.26818004,-61.50672213,-31.26818004]},{"type":"Feature","id":"salud_020801.14859","geometry":{"type":"Point","coordinates":[-61.4768801,-31.24379365]},"geometry_name":"geom","properties":{"gid":14859,"entidad":0,"fna":"Centro de Salud Nº 8 Barrio Italia","gna":"Centro de Salud","nam":"Nº 8 Barrio Italia","fdc":"IGN/SISA","sag":"IGN"},"bbox":[-61.4768801,-31.24379365,-61.4768801,-31.24379365]},{"type":"Feature","id":"salud_020801.14860","geometry":{"type":"Point","coordinates":[-61.55057043,-30.94679761]},"geometry_name":"geom","properties":{"gid":14860,"entidad":0,"fna":"Centro de Salud Nº 2 Ena Richiger","gna":"Centro de Salud","nam":"Nº 2 Ena Richiger","fdc":"IGN/SISA","sag":"IGN"},"bbox":[-61.55057043,-30.94679761,-61.55057043,-30.94679761]},{"type":"Feature","id":"salud_020801.14861","geometry":{"type":"Point","coordinates":[-61.89491092,-31.56016368]},"geometry_name":"geom","properties":{"gid":14861,"entidad":0,"fna":"Centro de Salud Zenón Pereyra","gna":"Centro de Salud","nam":"Zenón Pereyra","fdc":"IGN/SISA","sag":"IGN"},"bbox":[-61.89491092,-31.56016368,-61.89491092,-31.56016368]},{"type":"Feature","id":"salud_020801.14862","geometry":{"type":"Point","coordinates":[-61.71760082,-31.52413]},"geometry_name":"geom","properties":{"gid":14862,"entidad":0,"fna":"Centro de Salud Estación Clucellas","gna":"Centro de Salud","nam":"Estación Clucellas","fdc":"IGN/SISA","sag":"IGN"},"bbox":[-61.71760082,-31.52413,-61.71760082,-31.52413]},{"type":"Feature","id":"salud_020801.14863","geometry":{"type":"Point","coordinates":[-61.61249962,-31.21308324]},"geometry_name":"geom","properties":{"gid":14863,"entidad":0,"fna":"Centro de Salud Presidente Roca","gna":"Centro de Salud","nam":"Presidente Roca","fdc":"IGN/SISA","sag":"IGN"},"bbox":[-61.61249962,-31.21308324,-61.61249962,-31.21308324]},{"type":"Feature","id":"salud_020801.14864","geometry":{"type":"Point","coordinates":[-60.80025819,-33.53856213]},"geometry_name":"geom","properties":{"gid":14864,"entidad":0,"fna":"Centro de Salud Peyrano","gna":"Centro de Salud","nam":"Peyrano","fdc":"IGN/SISA","sag":"IGN"},"bbox":[-60.80025819,-33.53856213,-60.80025819,-33.53856213]},{"type":"Feature","id":"salud_020801.14865","geometry":{"type":"Point","coordinates":[-60.35102962,-33.2305489]},"geometry_name":"geom","properties":{"gid":14865,"entidad":0,"fna":"Centro de Salud Barrio Raviolo","gna":"Centro de Salud","nam":"Barrio Raviolo","fdc":"IGN/SISA","sag":"IGN"},"bbox":[-60.35102962,-33.2305489,-60.35102962,-33.2305489]},{"type":"Feature","id":"salud_020801.14866","geometry":{"type":"Point","coordinates":[-60.34339432,-33.21971952]},"geometry_name":"geom","properties":{"gid":14866,"entidad":0,"fna":"Centro de Salud Eva Perón","gna":"Centro de Salud","nam":"Eva Perón","fdc":"IGN/SISA","sag":"IGN"},"bbox":[-60.34339432,-33.21971952,-60.34339432,-33.21971952]},{"type":"Feature","id":"salud_020801.14867","geometry":{"type":"Point","coordinates":[-60.04148868,-30.88102744]},"geometry_name":"geom","properties":{"gid":14867,"entidad":0,"fna":"Centro de Salud Saladero Mariano Cabal","gna":"Centro de Salud","nam":"Saladero Mariano Cabal","fdc":"IGN/SISA","sag":"IGN"},"bbox":[-60.04148868,-30.88102744,-60.04148868,-30.88102744]},{"type":"Feature","id":"salud_020801.14868","geometry":{"type":"Point","coordinates":[-59.9977956,-30.75496226]},"geometry_name":"geom","properties":{"gid":14868,"entidad":0,"fna":"Centro de Salud San Joaquín","gna":"Centro de Salud","nam":"San Joaquín","fdc":"IGN/SISA","sag":"IGN"},"bbox":[-59.9977956,-30.75496226,-59.9977956,-30.75496226]},{"type":"Feature","id":"salud_020801.14869","geometry":{"type":"Point","coordinates":[-62.42318293,-34.13511327]},"geometry_name":"geom","properties":{"gid":14869,"entidad":0,"fna":"Centro de Salud Amenábar","gna":"Centro de Salud","nam":"Amenábar","fdc":"IGN/SISA","sag":"IGN"},"bbox":[-62.42318293,-34.13511327,-62.42318293,-34.13511327]},{"type":"Feature","id":"salud_020801.14870","geometry":{"type":"Point","coordinates":[-61.74549257,-33.7975706]},"geometry_name":"geom","properties":{"gid":14870,"entidad":0,"fna":"Centro de Salud Chapuy","gna":"Centro de Salud","nam":"Chapuy","fdc":"IGN/SISA","sag":"IGN"},"bbox":[-61.74549257,-33.7975706,-61.74549257,-33.7975706]},{"type":"Feature","id":"salud_020801.14871","geometry":{"type":"Point","coordinates":[-61.60757871,-33.59967064]},"geometry_name":"geom","properties":{"gid":14871,"entidad":0,"fna":"Centro de Salud Doctor Jorge Semorile","gna":"Centro de Salud","nam":"Doctor Jorge Semorile","fdc":"IGN/SISA","sag":"IGN"},"bbox":[-61.60757871,-33.59967064,-61.60757871,-33.59967064]},{"type":"Feature","id":"salud_020801.14872","geometry":{"type":"Point","coordinates":[-62.12872517,-34.37053887]},"geometry_name":"geom","properties":{"gid":14872,"entidad":0,"fna":"Centro de Salud Diego de Alvear","gna":"Centro de Salud","nam":"Diego de Alvear","fdc":"IGN/SISA","sag":"IGN"},"bbox":[-62.12872517,-34.37053887,-62.12872517,-34.37053887]},{"type":"Feature","id":"salud_020801.14873","geometry":{"type":"Point","coordinates":[-61.4851088,-33.46798524]},"geometry_name":"geom","properties":{"gid":14873,"entidad":0,"fna":"Centro de Salud Doctor Julio Maiztegui","gna":"Centro de Salud","nam":"Doctor Julio Maiztegui","fdc":"IGN/SISA","sag":"IGN"},"bbox":[-61.4851088,-33.46798524,-61.4851088,-33.46798524]},{"type":"Feature","id":"salud_020801.14874","geometry":{"type":"Point","coordinates":[-61.9725284,-33.54316801]},"geometry_name":"geom","properties":{"gid":14874,"entidad":0,"fna":"Centro de Salud La Chispa","gna":"Centro de Salud","nam":"La Chispa","fdc":"IGN/SISA","sag":"IGN"},"bbox":[-61.9725284,-33.54316801,-61.9725284,-33.54316801]},{"type":"Feature","id":"salud_020801.14875","geometry":{"type":"Point","coordinates":[-61.31504759,-33.71748488]},"geometry_name":"geom","properties":{"gid":14875,"entidad":0,"fna":"Centro de Salud Labordeboy","gna":"Centro de Salud","nam":"Labordeboy","fdc":"IGN/SISA","sag":"IGN"},"bbox":[-61.31504759,-33.71748488,-61.31504759,-33.71748488]},{"type":"Feature","id":"salud_020801.14876","geometry":{"type":"Point","coordinates":[-62.42904389,-34.16583201]},"geometry_name":"geom","properties":{"gid":14876,"entidad":0,"fna":"Centro de Salud Lazzarino","gna":"Centro de Salud","nam":"Lazzarino","fdc":"IGN/SISA","sag":"IGN"},"bbox":[-62.42904389,-34.16583201,-62.42904389,-34.16583201]},{"type":"Feature","id":"salud_020801.14877","geometry":{"type":"Point","coordinates":[-61.85411218,-33.63942852]},"geometry_name":"geom","properties":{"gid":14877,"entidad":0,"fna":"Centro de Salud Doctor Vidalle","gna":"Centro de Salud","nam":"Doctor Vidalle","fdc":"IGN/SISA","sag":"IGN"},"bbox":[-61.85411218,-33.63942852,-61.85411218,-33.63942852]},{"type":"Feature","id":"salud_020801.14878","geometry":{"type":"Point","coordinates":[-61.9674899,-33.7388548]},"geometry_name":"geom","properties":{"gid":14878,"entidad":0,"fna":"Centro de Salud Asistencia Pública Municipal","gna":"Centro de Salud","nam":"Asistencia Pública Municipal","fdc":"IGN/SISA","sag":"IGN"},"bbox":[-61.9674899,-33.7388548,-61.9674899,-33.7388548]},{"type":"Feature","id":"salud_020801.14879","geometry":{"type":"Point","coordinates":[-61.49276959,-33.44536036]},"geometry_name":"geom","properties":{"gid":14879,"entidad":0,"fna":"Centro de Salud Barrio Nadal","gna":"Centro de Salud","nam":"Barrio Nadal","fdc":"IGN/SISA","sag":"IGN"},"bbox":[-61.49276959,-33.44536036,-61.49276959,-33.44536036]},{"type":"Feature","id":"salud_020801.14880","geometry":{"type":"Point","coordinates":[-59.84884441,-28.97297698]},"geometry_name":"geom","properties":{"gid":14880,"entidad":0,"fna":"Centro de Salud La Sarita","gna":"Centro de Salud","nam":"La Sarita","fdc":"IGN/SISA","sag":"IGN"},"bbox":[-59.84884441,-28.97297698,-59.84884441,-28.97297698]},{"type":"Feature","id":"salud_020801.14881","geometry":{"type":"Point","coordinates":[-59.86518441,-28.87446783]},"geometry_name":"geom","properties":{"gid":14881,"entidad":0,"fna":"Centro de Salud Paraje San Manuel","gna":"Centro de Salud","nam":"Paraje San Manuel","fdc":"IGN/SISA","sag":"IGN"},"bbox":[-59.86518441,-28.87446783,-59.86518441,-28.87446783]},{"type":"Feature","id":"salud_020801.14882","geometry":{"type":"Point","coordinates":[-59.65785206,-29.17454767]},"geometry_name":"geom","properties":{"gid":14882,"entidad":0,"fna":"Centro Asistencial Nueva Fe","gna":"Centro Asistencial","nam":"Nueva Fe","fdc":"IGN/SISA","sag":"IGN"},"bbox":[-59.65785206,-29.17454767,-59.65785206,-29.17454767]},{"type":"Feature","id":"salud_020801.14883","geometry":{"type":"Point","coordinates":[-59.64133747,-29.13801627]},"geometry_name":"geom","properties":{"gid":14883,"entidad":0,"fna":"Centro de Salud Barrio Almafuerte","gna":"Centro de Salud","nam":"Barrio Almafuerte","fdc":"IGN/SISA","sag":"IGN"},"bbox":[-59.64133747,-29.13801627,-59.64133747,-29.13801627]},{"type":"Feature","id":"salud_020801.14884","geometry":{"type":"Point","coordinates":[-59.64471232,-29.17580418]},"geometry_name":"geom","properties":{"gid":14884,"entidad":0,"fna":"Centro de Salud Julia Capozzolo","gna":"Centro de Salud","nam":"Julia Capozzolo","fdc":"IGN/SISA","sag":"IGN"},"bbox":[-59.64471232,-29.17580418,-59.64471232,-29.17580418]},{"type":"Feature","id":"salud_020801.14885","geometry":{"type":"Point","coordinates":[-59.66189369,-29.14709773]},"geometry_name":"geom","properties":{"gid":14885,"entidad":0,"fna":"Centro de Salud Parque Industrial","gna":"Centro de Salud","nam":"Parque Industrial","fdc":"IGN/SISA","sag":"IGN"},"bbox":[-59.66189369,-29.14709773,-59.66189369,-29.14709773]},{"type":"Feature","id":"salud_020801.14886","geometry":{"type":"Point","coordinates":[-59.52784469,-28.5727422]},"geometry_name":"geom","properties":{"gid":14886,"entidad":0,"fna":"Centro de Salud Paraje Las Claritas","gna":"Centro de Salud","nam":"Paraje Las Claritas","fdc":"IGN/SISA","sag":"IGN"},"bbox":[-59.52784469,-28.5727422,-59.52784469,-28.5727422]},{"type":"Feature","id":"salud_020801.14887","geometry":{"type":"Point","coordinates":[-59.68172226,-29.11735714]},"geometry_name":"geom","properties":{"gid":14887,"entidad":0,"fna":"Centro de Salud Barrio Belgrano","gna":"Centro de Salud","nam":"Barrio Belgrano","fdc":"IGN/SISA","sag":"IGN"},"bbox":[-59.68172226,-29.11735714,-59.68172226,-29.11735714]},{"type":"Feature","id":"salud_020801.14888","geometry":{"type":"Point","coordinates":[-59.26355057,-28.38455443]},"geometry_name":"geom","properties":{"gid":14888,"entidad":0,"fna":"Centro de Salud San Antonio de Obligado","gna":"Centro de Salud","nam":"San Antonio de Obligado","fdc":"IGN/SISA","sag":"IGN"},"bbox":[-59.26355057,-28.38455443,-59.26355057,-28.38455443]},{"type":"Feature","id":"salud_020801.14889","geometry":{"type":"Point","coordinates":[-61.38398628,-32.81560402]},"geometry_name":"geom","properties":{"gid":14889,"entidad":0,"fna":"Centro de Salud 25 de Mayo","gna":"Centro de Salud","nam":"25 de Mayo","fdc":"IGN/SISA","sag":"IGN"},"bbox":[-61.38398628,-32.81560402,-61.38398628,-32.81560402]},{"type":"Feature","id":"salud_020801.14890","geometry":{"type":"Point","coordinates":[-61.40754822,-32.82417165]},"geometry_name":"geom","properties":{"gid":14890,"entidad":0,"fna":"Centro de Salud Víctor Rossi","gna":"Centro de Salud","nam":"Víctor Rossi","fdc":"IGN/SISA","sag":"IGN"},"bbox":[-61.40754822,-32.82417165,-61.40754822,-32.82417165]},{"type":"Feature","id":"salud_020801.14891","geometry":{"type":"Point","coordinates":[-60.87984103,-32.67162359]},"geometry_name":"geom","properties":{"gid":14891,"entidad":0,"fna":"Centro de Salud Pueblo Andino","gna":"Centro de Salud","nam":"Pueblo Andino","fdc":"IGN/SISA","sag":"IGN"},"bbox":[-60.87984103,-32.67162359,-60.87984103,-32.67162359]},{"type":"Feature","id":"salud_020801.14892","geometry":{"type":"Point","coordinates":[-61.08616169,-32.66987237]},"geometry_name":"geom","properties":{"gid":14892,"entidad":0,"fna":"Servicio para la Atención Médica de la Comunidad Salto Grande","gna":"Servicio para la Atención Médica de la Comunidad","nam":"Salto Grande","fdc":"IGN/SISA","sag":"IGN"},"bbox":[-61.08616169,-32.66987237,-61.08616169,-32.66987237]},{"type":"Feature","id":"salud_020801.14893","geometry":{"type":"Point","coordinates":[-60.94540414,-32.60983005]},"geometry_name":"geom","properties":{"gid":14893,"entidad":0,"fna":"Centro de Salud Serodino","gna":"Centro de Salud","nam":"Serodino","fdc":"IGN/SISA","sag":"IGN"},"bbox":[-60.94540414,-32.60983005,-60.94540414,-32.60983005]},{"type":"Feature","id":"salud_020801.14894","geometry":{"type":"Point","coordinates":[-60.743958,-31.05647899]},"geometry_name":"geom","properties":{"gid":14894,"entidad":0,"fna":"Centro de Salud Emilia","gna":"Centro de Salud","nam":"Emilia","fdc":"IGN/SISA","sag":"IGN"},"bbox":[-60.743958,-31.05647899,-60.743958,-31.05647899]},{"type":"Feature","id":"salud_020801.14895","geometry":{"type":"Point","coordinates":[-60.67893735,-31.55433375]},"geometry_name":"geom","properties":{"gid":14895,"entidad":0,"fna":"Centro de Salud Ángel Gallardo","gna":"Centro de Salud","nam":"Ángel Gallardo","fdc":"IGN/SISA","sag":"IGN"},"bbox":[-60.67893735,-31.55433375,-60.67893735,-31.55433375]},{"type":"Feature","id":"salud_020801.14896","geometry":{"type":"Point","coordinates":[-60.65462769,-31.29422809]},"geometry_name":"geom","properties":{"gid":14896,"entidad":0,"fna":"Centro de Salud Barrio Talleres","gna":"Centro de Salud","nam":"Barrio Talleres","fdc":"IGN/SISA","sag":"IGN"},"bbox":[-60.65462769,-31.29422809,-60.65462769,-31.29422809]},{"type":"Feature","id":"salud_020801.14897","geometry":{"type":"Point","coordinates":[-60.71705966,-31.63426686]},"geometry_name":"geom","properties":{"gid":14897,"entidad":0,"fna":"Centro de Salud 12 de Octubre","gna":"Centro de Salud","nam":"12 de Octubre","fdc":"IGN/Sitio web de la Municipalidad","sag":"IGN"},"bbox":[-60.71705966,-31.63426686,-60.71705966,-31.63426686]},{"type":"Feature","id":"salud_020801.14898","geometry":{"type":"Point","coordinates":[-60.68383371,-31.61176881]},"geometry_name":"geom","properties":{"gid":14898,"entidad":0,"fna":"Centro de Salud Alberdi","gna":"Centro de Salud","nam":"Alberdi","fdc":"IGN/SISA","sag":"IGN"},"bbox":[-60.68383371,-31.61176881,-60.68383371,-31.61176881]},{"type":"Feature","id":"salud_020801.14899","geometry":{"type":"Point","coordinates":[-60.6838887,-31.57150618]},"geometry_name":"geom","properties":{"gid":14899,"entidad":0,"fna":"Centro de Salud Altos del Valle","gna":"Centro de Salud","nam":"Altos del Valle","fdc":"IGN/SISA","sag":"IGN"},"bbox":[-60.6838887,-31.57150618,-60.6838887,-31.57150618]},{"type":"Feature","id":"salud_020801.14900","geometry":{"type":"Point","coordinates":[-60.66894191,-31.59814538]},"geometry_name":"geom","properties":{"gid":14900,"entidad":0,"fna":"Centro de Salud Barrio Aceria","gna":"Centro de Salud","nam":"Barrio Aceria","fdc":"IGN/SISA","sag":"IGN"},"bbox":[-60.66894191,-31.59814538,-60.66894191,-31.59814538]},{"type":"Feature","id":"salud_020801.14901","geometry":{"type":"Point","coordinates":[-60.7190181,-31.62072036]},"geometry_name":"geom","properties":{"gid":14901,"entidad":0,"fna":"Centro de Salud Barrio Barranquitas Oeste","gna":"Centro de Salud","nam":"Barrio Barranquitas Oeste","fdc":"IGN/SISA","sag":"IGN"},"bbox":[-60.7190181,-31.62072036,-60.7190181,-31.62072036]},{"type":"Feature","id":"salud_020801.14902","geometry":{"type":"Point","coordinates":[-60.69113009,-31.60504093]},"geometry_name":"geom","properties":{"gid":14902,"entidad":0,"fna":"Centro de Salud Barrio Cabal","gna":"Centro de Salud","nam":"Barrio Cabal","fdc":"IGN/SISA","sag":"IGN"},"bbox":[-60.69113009,-31.60504093,-60.69113009,-31.60504093]},{"type":"Feature","id":"salud_020801.14903","geometry":{"type":"Point","coordinates":[-60.72643381,-31.66320733]},"geometry_name":"geom","properties":{"gid":14903,"entidad":0,"fna":"Centro de Salud Fonavi Barrio Centenario","gna":"Centro de Salud","nam":"Fonavi Barrio Centenario","fdc":"IGN/SISA","sag":"IGN"},"bbox":[-60.72643381,-31.66320733,-60.72643381,-31.66320733]},{"type":"Feature","id":"salud_020801.14904","geometry":{"type":"Point","coordinates":[-60.71277722,-31.59256877]},"geometry_name":"geom","properties":{"gid":14904,"entidad":0,"fna":"Centro de Salud Fonavi Barrio Las Flores II","gna":"Centro de Salud","nam":"Fonavi Barrio Las Flores II","fdc":"IGN/SISA","sag":"IGN"},"bbox":[-60.71277722,-31.59256877,-60.71277722,-31.59256877]},{"type":"Feature","id":"salud_020801.14905","geometry":{"type":"Point","coordinates":[-60.71135724,-31.5877399]},"geometry_name":"geom","properties":{"gid":14905,"entidad":0,"fna":"Centro de Salud Nueva Pompeya","gna":"Centro de Salud","nam":"Nueva Pompeya","fdc":"IGN/SISA","sag":"IGN"},"bbox":[-60.71135724,-31.5877399,-60.71135724,-31.5877399]},{"type":"Feature","id":"salud_020801.14906","geometry":{"type":"Point","coordinates":[-60.72968709,-31.65566279]},"geometry_name":"geom","properties":{"gid":14906,"entidad":0,"fna":"Dispensario San Lorenzo","gna":"Dispensario","nam":"San Lorenzo","fdc":"IGN/SISA","sag":"IGN"},"bbox":[-60.72968709,-31.65566279,-60.72968709,-31.65566279]},{"type":"Feature","id":"salud_020801.14907","geometry":{"type":"Point","coordinates":[-60.73886692,-31.56605537]},"geometry_name":"geom","properties":{"gid":14907,"entidad":0,"fna":"Centro de Salud San Agustín","gna":"Centro de Salud","nam":"San Agustín","fdc":"IGN/SISA","sag":"IGN"},"bbox":[-60.73886692,-31.56605537,-60.73886692,-31.56605537]},{"type":"Feature","id":"salud_020801.14908","geometry":{"type":"Point","coordinates":[-60.80601064,-31.70903586]},"geometry_name":"geom","properties":{"gid":14908,"entidad":0,"fna":"Centro de Salud Puesto Sanitario Aeropuerto","gna":"Centro de Salud","nam":"Puesto Sanitario Aeropuerto","fdc":"IGN/SISA","sag":"IGN"},"bbox":[-60.80601064,-31.70903586,-60.80601064,-31.70903586]},{"type":"Feature","id":"salud_020801.14909","geometry":{"type":"Point","coordinates":[-60.66283849,-31.37166807]},"geometry_name":"geom","properties":{"gid":14909,"entidad":0,"fna":"Centro de Salud Villa Laura","gna":"Centro de Salud","nam":"Villa Laura","fdc":"IGN/SISA","sag":"IGN"},"bbox":[-60.66283849,-31.37166807,-60.66283849,-31.37166807]},{"type":"Feature","id":"salud_020801.14910","geometry":{"type":"Point","coordinates":[-60.74885908,-31.40200484]},"geometry_name":"geom","properties":{"gid":14910,"entidad":0,"fna":"Centro de Salud Candioti","gna":"Centro de Salud","nam":"Candioti","fdc":"IGN/SISA","sag":"IGN"},"bbox":[-60.74885908,-31.40200484,-60.74885908,-31.40200484]},{"type":"Feature","id":"salud_020801.14911","geometry":{"type":"Point","coordinates":[-60.7669641,-31.65915713]},"geometry_name":"geom","properties":{"gid":14911,"entidad":0,"fna":"Centro de Salud Eva Duarte de Perón","gna":"Centro de Salud","nam":"Eva Duarte de Perón","fdc":"IGN/SISA","sag":"IGN"},"bbox":[-60.7669641,-31.65915713,-60.7669641,-31.65915713]},{"type":"Feature","id":"salud_020801.14912","geometry":{"type":"Point","coordinates":[-60.98271112,-31.79302395]},"geometry_name":"geom","properties":{"gid":14912,"entidad":0,"fna":"Centro de Salud Matilde","gna":"Centro de Salud","nam":"Matilde","fdc":"IGN/SISA","sag":"IGN"},"bbox":[-60.98271112,-31.79302395,-60.98271112,-31.79302395]},{"type":"Feature","id":"salud_020801.14913","geometry":{"type":"Point","coordinates":[-60.4811834,-31.52755474]},"geometry_name":"geom","properties":{"gid":14913,"entidad":0,"fna":"Centro de Salud Rincón Potreros","gna":"Centro de Salud","nam":"Rincón Potreros","fdc":"IGN/SISA","sag":"IGN"},"bbox":[-60.4811834,-31.52755474,-60.4811834,-31.52755474]},{"type":"Feature","id":"salud_020801.14914","geometry":{"type":"Point","coordinates":[-60.6500834,-31.28119248]},"geometry_name":"geom","properties":{"gid":14914,"entidad":0,"fna":"Centro de Salud Barrio Peyrano","gna":"Centro de Salud","nam":"Barrio Peyrano","fdc":"IGN/SISA","sag":"IGN"},"bbox":[-60.6500834,-31.28119248,-60.6500834,-31.28119248]},{"type":"Feature","id":"salud_020801.14915","geometry":{"type":"Point","coordinates":[-60.71239542,-31.53441159]},"geometry_name":"geom","properties":{"gid":14915,"entidad":0,"fna":"Hospital Protomédico Manuel Rodríguez","gna":"Hospital Protomédico","nam":"Manuel Rodríguez","fdc":"IGN/OSM/SISA","sag":"IGN"},"bbox":[-60.71239542,-31.53441159,-60.71239542,-31.53441159]},{"type":"Feature","id":"salud_020801.14916","geometry":{"type":"Point","coordinates":[-60.81853724,-31.74390974]},"geometry_name":"geom","properties":{"gid":14916,"entidad":0,"fna":"Centro de Salud Doña Margarita - Barrio Areneras","gna":"Centro de Salud","nam":"Doña Margarita - Barrio Areneras","fdc":"IGN/SISA","sag":"IGN"},"bbox":[-60.81853724,-31.74390974,-60.81853724,-31.74390974]},{"type":"Feature","id":"salud_020801.14917","geometry":{"type":"Point","coordinates":[-60.79920367,-31.7185457]},"geometry_name":"geom","properties":{"gid":14917,"entidad":0,"fna":"Centro de Salud Jorge Newbery","gna":"Centro de Salud","nam":"Jorge Newbery","fdc":"IGN/SISA","sag":"IGN"},"bbox":[-60.79920367,-31.7185457,-60.79920367,-31.7185457]},{"type":"Feature","id":"salud_020801.14918","geometry":{"type":"Point","coordinates":[-60.78625745,-31.70359915]},"geometry_name":"geom","properties":{"gid":14918,"entidad":0,"fna":"Centro de Salud San Cayetano","gna":"Centro de Salud","nam":"San Cayetano","fdc":"IGN/SISA","sag":"IGN"},"bbox":[-60.78625745,-31.70359915,-60.78625745,-31.70359915]},{"type":"Feature","id":"salud_020801.14919","geometry":{"type":"Point","coordinates":[-60.76266441,-31.7016785]},"geometry_name":"geom","properties":{"gid":14919,"entidad":0,"fna":"Centro de Salud Adelina Este","gna":"Centro de Salud","nam":"Adelina Este","fdc":"IGN/SISA","sag":"IGN"},"bbox":[-60.76266441,-31.7016785,-60.76266441,-31.7016785]},{"type":"Feature","id":"salud_020801.14920","geometry":{"type":"Point","coordinates":[-61.07184803,-31.26985791]},"geometry_name":"geom","properties":{"gid":14920,"entidad":0,"fna":"Centro de Salud Grutly Sur","gna":"Centro de Salud","nam":"Grutly Sur","fdc":"IGN/SISA","sag":"IGN"},"bbox":[-61.07184803,-31.26985791,-61.07184803,-31.26985791]},{"type":"Feature","id":"salud_020801.14921","geometry":{"type":"Point","coordinates":[-60.928094,-31.437295]},"geometry_name":"geom","properties":{"gid":14921,"entidad":0,"fna":"Centro de Salud Vecinal Barrio Norte","gna":"Centro de Salud Vecinal","nam":"Barrio Norte","fdc":"IGN/SISA","sag":"IGN"},"bbox":[-60.928094,-31.437295,-60.928094,-31.437295]},{"type":"Feature","id":"salud_020801.14922","geometry":{"type":"Point","coordinates":[-60.6038599,-33.31466734]},"geometry_name":"geom","properties":{"gid":14922,"entidad":0,"fna":"Servicio para la Atención Médica de la Comunidad Coronel Bogado","gna":"Servicio para la Atención Médica de la Comunidad","nam":"Coronel Bogado","fdc":"IGN/OSM/SISA","sag":"IGN"},"bbox":[-60.6038599,-33.31466734,-60.6038599,-33.31466734]},{"type":"Feature","id":"salud_020801.14923","geometry":{"type":"Point","coordinates":[-60.74140178,-32.97020924]},"geometry_name":"geom","properties":{"gid":14923,"entidad":0,"fna":"Centro de Salud Nº 21","gna":"Centro de Salud","nam":"Nº 21","fdc":"IGN/OSM/SISA","sag":"IGN"},"bbox":[-60.74140178,-32.97020924,-60.74140178,-32.97020924]},{"type":"Feature","id":"salud_020801.14924","geometry":{"type":"Point","coordinates":[-60.62594275,-32.96782686]},"geometry_name":"geom","properties":{"gid":14924,"entidad":0,"fna":"Centro de Salud Asistencial a la Comunidad","gna":"Centro de Salud","nam":"Asistencial a la Comunidad","fdc":"IGN/SISA","sag":"IGN"},"bbox":[-60.62594275,-32.96782686,-60.62594275,-32.96782686]},{"type":"Feature","id":"salud_020801.14925","geometry":{"type":"Point","coordinates":[-60.72173663,-32.96125064]},"geometry_name":"geom","properties":{"gid":14925,"entidad":0,"fna":"Centro de Salud Doctor Ernesto Che Guevara","gna":"Centro de Salud","nam":"Doctor Ernesto Che Guevara","fdc":"IGN/SISA","sag":"IGN"},"bbox":[-60.72173663,-32.96125064,-60.72173663,-32.96125064]},{"type":"Feature","id":"salud_020801.14926","geometry":{"type":"Point","coordinates":[-60.67804947,-32.93377986]},"geometry_name":"geom","properties":{"gid":14926,"entidad":0,"fna":"Centro de Salud La Posta","gna":"Centro de Salud","nam":"La Posta","fdc":"IGN/SISA","sag":"IGN"},"bbox":[-60.67804947,-32.93377986,-60.67804947,-32.93377986]},{"type":"Feature","id":"salud_020801.14927","geometry":{"type":"Point","coordinates":[-60.7007744,-32.97182839]},"geometry_name":"geom","properties":{"gid":14927,"entidad":0,"fna":"Centro de Salud Nº 13 Fonavi","gna":"Centro de Salud","nam":"Nº 13 Fonavi","fdc":"IGN/SISA","sag":"IGN"},"bbox":[-60.7007744,-32.97182839,-60.7007744,-32.97182839]},{"type":"Feature","id":"salud_020801.14928","geometry":{"type":"Point","coordinates":[-60.71290844,-32.92990377]},"geometry_name":"geom","properties":{"gid":14928,"entidad":0,"fna":"Centro de Salud Débora Ferrandini","gna":"Centro de Salud","nam":"Débora Ferrandini","fdc":"IGN/SISA","sag":"IGN"},"bbox":[-60.71290844,-32.92990377,-60.71290844,-32.92990377]},{"type":"Feature","id":"salud_020801.14929","geometry":{"type":"Point","coordinates":[-60.73409273,-32.91277173]},"geometry_name":"geom","properties":{"gid":14929,"entidad":0,"fna":"Centro de Salud Nº 3","gna":"Centro de Salud","nam":"Nº 3","fdc":"IGN/SISA","sag":"IGN"},"bbox":[-60.73409273,-32.91277173,-60.73409273,-32.91277173]},{"type":"Feature","id":"salud_020801.14930","geometry":{"type":"Point","coordinates":[-60.69385352,-32.873471]},"geometry_name":"geom","properties":{"gid":14930,"entidad":0,"fna":"Centro de Salud Nº 7","gna":"Centro de Salud","nam":"Nº 7","fdc":"IGN/SISA","sag":"IGN"},"bbox":[-60.69385352,-32.873471,-60.69385352,-32.873471]},{"type":"Feature","id":"salud_020801.14931","geometry":{"type":"Point","coordinates":[-60.70878601,-32.90212244]},"geometry_name":"geom","properties":{"gid":14931,"entidad":0,"fna":"Centro de Salud Nº 8 Independencia","gna":"Centro de Salud","nam":"Nº 8 Independencia","fdc":"IGN/OSM/SISA","sag":"IGN"},"bbox":[-60.70878601,-32.90212244,-60.70878601,-32.90212244]},{"type":"Feature","id":"salud_020801.14932","geometry":{"type":"Point","coordinates":[-60.67640041,-32.96279475]},"geometry_name":"geom","properties":{"gid":14932,"entidad":0,"fna":"Centro de Salud Nº 9 San Francisquito","gna":"Centro de Salud","nam":"Nº 9 San Francisquito","fdc":"IGN/SISA","sag":"IGN"},"bbox":[-60.67640041,-32.96279475,-60.67640041,-32.96279475]},{"type":"Feature","id":"salud_020801.14933","geometry":{"type":"Point","coordinates":[-60.64674144,-33.03302254]},"geometry_name":"geom","properties":{"gid":14933,"entidad":0,"fna":"Centro de Salud Itatí","gna":"Centro de Salud","nam":"Itatí","fdc":"IGN/SISA","sag":"IGN"},"bbox":[-60.64674144,-33.03302254,-60.64674144,-33.03302254]},{"type":"Feature","id":"salud_020801.14934","geometry":{"type":"Point","coordinates":[-60.61620286,-33.00900216]},"geometry_name":"geom","properties":{"gid":14934,"entidad":0,"fna":"Centro de Salud Nº 11 Pueblo Nuevo","gna":"Centro de Salud","nam":"Nº 11 Pueblo Nuevo","fdc":"IGN/SISA","sag":"IGN"},"bbox":[-60.61620286,-33.00900216,-60.61620286,-33.00900216]},{"type":"Feature","id":"salud_020801.14935","geometry":{"type":"Point","coordinates":[-60.71583581,-32.83901345]},"geometry_name":"geom","properties":{"gid":14935,"entidad":0,"fna":"Centro de Salud Nº 18 San Fernando","gna":"Centro de Salud","nam":"Nº 18 San Fernando","fdc":"IGN/SISA","sag":"IGN"},"bbox":[-60.71583581,-32.83901345,-60.71583581,-32.83901345]},{"type":"Feature","id":"salud_020801.14936","geometry":{"type":"Point","coordinates":[-60.7105102,-32.86287726]},"geometry_name":"geom","properties":{"gid":14936,"entidad":0,"fna":"Centro de Salud Nº 23 San Miguel","gna":"Centro de Salud","nam":"Nº 23 San Miguel","fdc":"IGN/SISA","sag":"IGN"},"bbox":[-60.7105102,-32.86287726,-60.7105102,-32.86287726]},{"type":"Feature","id":"salud_020801.14937","geometry":{"type":"Point","coordinates":[-60.61600291,-33.05888487]},"geometry_name":"geom","properties":{"gid":14937,"entidad":0,"fna":"Centro de Salud Isabel Durán de Maleandi","gna":"Centro de Salud","nam":"Isabel Durán de Maleandi","fdc":"IGN/SISA","sag":"IGN"},"bbox":[-60.61600291,-33.05888487,-60.61600291,-33.05888487]},{"type":"Feature","id":"salud_020801.14938","geometry":{"type":"Point","coordinates":[-60.7011968,-32.98021883]},"geometry_name":"geom","properties":{"gid":14938,"entidad":0,"fna":"Centro de Salud Barrio Toba","gna":"Centro de Salud","nam":"Barrio Toba","fdc":"IGN/SISA","sag":"IGN"},"bbox":[-60.7011968,-32.98021883,-60.7011968,-32.98021883]},{"type":"Feature","id":"salud_020801.14939","geometry":{"type":"Point","coordinates":[-60.67139222,-33.00557868]},"geometry_name":"geom","properties":{"gid":14939,"entidad":0,"fna":"Centro de Salud Elena Bazet (Ex San Francisco Solano)","gna":"Centro de Salud","nam":"Elena Bazet (Ex San Francisco Solano)","fdc":"IGN/SISA","sag":"IGN"},"bbox":[-60.67139222,-33.00557868,-60.67139222,-33.00557868]},{"type":"Feature","id":"salud_020801.14940","geometry":{"type":"Point","coordinates":[-60.700685,-32.8831047]},"geometry_name":"geom","properties":{"gid":14940,"entidad":0,"fna":"Centro de Salud La Florida","gna":"Centro de Salud","nam":"La Florida","fdc":"IGN/SISA","sag":"IGN"},"bbox":[-60.700685,-32.8831047,-60.700685,-32.8831047]},{"type":"Feature","id":"salud_020801.14941","geometry":{"type":"Point","coordinates":[-60.68444986,-32.9763421]},"geometry_name":"geom","properties":{"gid":14941,"entidad":0,"fna":"Centro de Salud Marcelino Champagnat","gna":"Centro de Salud","nam":"Marcelino Champagnat","fdc":"IGN/SISA","sag":"IGN"},"bbox":[-60.68444986,-32.9763421,-60.68444986,-32.9763421]},{"type":"Feature","id":"salud_020801.14942","geometry":{"type":"Point","coordinates":[-60.65627445,-33.01488125]},"geometry_name":"geom","properties":{"gid":14942,"entidad":0,"fna":"Centro de Salud Pocho Lepratti","gna":"Centro de Salud","nam":"Pocho Lepratti","fdc":"IGN/SISA","sag":"IGN"},"bbox":[-60.65627445,-33.01488125,-60.65627445,-33.01488125]},{"type":"Feature","id":"salud_020801.14943","geometry":{"type":"Point","coordinates":[-60.72696385,-32.95520125]},"geometry_name":"geom","properties":{"gid":14943,"entidad":0,"fna":"Centro de Salud Santa Lucía","gna":"Centro de Salud","nam":"Santa Lucía","fdc":"IGN/SISA","sag":"IGN"},"bbox":[-60.72696385,-32.95520125,-60.72696385,-32.95520125]},{"type":"Feature","id":"salud_020801.14944","geometry":{"type":"Point","coordinates":[-60.64252294,-33.01056304]},"geometry_name":"geom","properties":{"gid":14944,"entidad":0,"fna":"Centro de Salud Alfonsina Storni","gna":"Centro de Salud","nam":"Alfonsinta Storni","fdc":"IGN/SISA","sag":"IGN"},"bbox":[-60.64252294,-33.01056304,-60.64252294,-33.01056304]},{"type":"Feature","id":"salud_020801.14945","geometry":{"type":"Point","coordinates":[-60.68660959,-32.92672453]},"geometry_name":"geom","properties":{"gid":14945,"entidad":0,"fna":"Centro de Salud Vecinal Amor al Estudio","gna":"Centro de Salud","nam":"Vecinal Amor al Estudio","fdc":"IGN/SISA","sag":"IGN"},"bbox":[-60.68660959,-32.92672453,-60.68660959,-32.92672453]},{"type":"Feature","id":"salud_020801.14946","geometry":{"type":"Point","coordinates":[-60.6070459,-33.03447975]},"geometry_name":"geom","properties":{"gid":14946,"entidad":0,"fna":"Centro de Salud María Auxiliadora","gna":"Centro de Salud","nam":"María Auxiliadora","fdc":"IGN/SISA","sag":"IGN"},"bbox":[-60.6070459,-33.03447975,-60.6070459,-33.03447975]},{"type":"Feature","id":"salud_020801.14947","geometry":{"type":"Point","coordinates":[-60.72651956,-32.88493896]},"geometry_name":"geom","properties":{"gid":14947,"entidad":0,"fna":"Centro de Salud Alicia Moreau de Justo","gna":"Centro de Salud","nam":"Alicia Moreau de Justo","fdc":"IGN/SISA","sag":"IGN"},"bbox":[-60.72651956,-32.88493896,-60.72651956,-32.88493896]},{"type":"Feature","id":"salud_020801.14948","geometry":{"type":"Point","coordinates":[-60.65168927,-32.94637743]},"geometry_name":"geom","properties":{"gid":14948,"entidad":0,"fna":"Maternidad Martin","gna":"Maternidad","nam":"Martin","fdc":"IGN/OSM/SISA","sag":"IGN"},"bbox":[-60.65168927,-32.94637743,-60.65168927,-32.94637743]},{"type":"Feature","id":"salud_020801.14949","geometry":{"type":"Point","coordinates":[-60.69363031,-32.94944324]},"geometry_name":"geom","properties":{"gid":14949,"entidad":0,"fna":"Centro de Salud Doctor Esteban Maradona","gna":"Centro de Salud","nam":"Doctor Esteban Maradona","fdc":"IGN/SISA","sag":"IGN"},"bbox":[-60.69363031,-32.94944324,-60.69363031,-32.94944324]},{"type":"Feature","id":"salud_020801.14950","geometry":{"type":"Point","coordinates":[-60.6327299,-32.97975198]},"geometry_name":"geom","properties":{"gid":14950,"entidad":0,"fna":"Hospital Geriátrico Provincial Rosario","gna":"Hospital Geriátrico Provincial","nam":"Rosario","fdc":"IGN/OSM/Sitio web de la Municipalidad","sag":"IGN"},"bbox":[-60.6327299,-32.97975198,-60.6327299,-32.97975198]},{"type":"Feature","id":"salud_020801.14951","geometry":{"type":"Point","coordinates":[-60.8413754,-29.90514751]},"geometry_name":"geom","properties":{"gid":14951,"entidad":0,"fna":"Centro de Salud El Lucero","gna":"Centro de Salud","nam":"El Lucero","fdc":"IGN/SISA","sag":"IGN"},"bbox":[-60.8413754,-29.90514751,-60.8413754,-29.90514751]},{"type":"Feature","id":"salud_020801.14952","geometry":{"type":"Point","coordinates":[-60.89479736,-30.11580395]},"geometry_name":"geom","properties":{"gid":14952,"entidad":0,"fna":"Centro de Salud Aguará Grande","gna":"Centro de Salud","nam":"Aguará Grande","fdc":"IGN/SISA","sag":"IGN"},"bbox":[-60.89479736,-30.11580395,-60.89479736,-30.11580395]},{"type":"Feature","id":"salud_020801.14953","geometry":{"type":"Point","coordinates":[-61.98183192,-30.30043579]},"geometry_name":"geom","properties":{"gid":14953,"entidad":0,"fna":"Centro de Salud Colonia Rosa","gna":"Centro de Salud","nam":"Colonia Rosa","fdc":"IGN/SISA","sag":"IGN"},"bbox":[-61.98183192,-30.30043579,-61.98183192,-30.30043579]},{"type":"Feature","id":"salud_020801.14954","geometry":{"type":"Point","coordinates":[-61.65096629,-30.39589788]},"geometry_name":"geom","properties":{"gid":14954,"entidad":0,"fna":"Servicio para la Atención Médica de la Comunidad Curupaytí","gna":"Servicio para la Atención Médica de la Comunidad","nam":"Curupaytí","fdc":"IGN/SISA","sag":"IGN"},"bbox":[-61.65096629,-30.39589788,-61.65096629,-30.39589788]},{"type":"Feature","id":"salud_020801.14955","geometry":{"type":"Point","coordinates":[-61.21843276,-30.0132366]},"geometry_name":"geom","properties":{"gid":14955,"entidad":0,"fna":"Servicio para la Atención Médica de la Comunidad Huanqueros","gna":"Servicio para la Atención Médica de la Comunidad","nam":"Huanqueros","fdc":"IGN/SISA","sag":"IGN"},"bbox":[-61.21843276,-30.0132366,-61.21843276,-30.0132366]},{"type":"Feature","id":"salud_020801.14956","geometry":{"type":"Point","coordinates":[-61.91625664,-30.35888772]},"geometry_name":"geom","properties":{"gid":14956,"entidad":0,"fna":"Servicio para la Atención Médica de la Comunidad San Guillermo","gna":"Servicio para la Atención Médica de la Comunidad","nam":"San Guillermo","fdc":"IGN/SISA","sag":"IGN"},"bbox":[-61.91625664,-30.35888772,-61.91625664,-30.35888772]},{"type":"Feature","id":"salud_020801.14957","geometry":{"type":"Point","coordinates":[-60.91604945,-30.6195009]},"geometry_name":"geom","properties":{"gid":14957,"entidad":0,"fna":"Centro de Salud Soledad","gna":"Centro de Salud","nam":"Soledad","fdc":"IGN/SISA","sag":"IGN"},"bbox":[-60.91604945,-30.6195009,-60.91604945,-30.6195009]},{"type":"Feature","id":"salud_020801.14958","geometry":{"type":"Point","coordinates":[-61.27174892,-30.45993099]},"geometry_name":"geom","properties":{"gid":14958,"entidad":0,"fna":"Centro de Salud Capivara","gna":"Centro de Salud","nam":"Capivara","fdc":"IGN/SISA","sag":"IGN"},"bbox":[-61.27174892,-30.45993099,-61.27174892,-30.45993099]},{"type":"Feature","id":"salud_020801.14959","geometry":{"type":"Point","coordinates":[-59.92461702,-30.57451357]},"geometry_name":"geom","properties":{"gid":14959,"entidad":0,"fna":"Centro de Salud Barrio El Triángulo Doctor Mario Baroni","gna":"Centro de Salud","nam":"Barrio El Triángulo Doctor Mario Baroni","fdc":"IGN/SISA","sag":"IGN"},"bbox":[-59.92461702,-30.57451357,-59.92461702,-30.57451357]},{"type":"Feature","id":"salud_020801.14960","geometry":{"type":"Point","coordinates":[-59.96676048,-30.65066637]},"geometry_name":"geom","properties":{"gid":14960,"entidad":0,"fna":"Centro de Salud Colonia Francesa","gna":"Centro de Salud","nam":"Colonia Francesa","fdc":"IGN/SISA","sag":"IGN"},"bbox":[-59.96676048,-30.65066637,-59.96676048,-30.65066637]},{"type":"Feature","id":"salud_020801.14961","geometry":{"type":"Point","coordinates":[-59.97141943,-30.25311158]},"geometry_name":"geom","properties":{"gid":14961,"entidad":0,"fna":"Centro de Salud Colonia Teresa","gna":"Centro de Salud","nam":"Colonia Teresa","fdc":"IGN/SISA","sag":"IGN"},"bbox":[-59.97141943,-30.25311158,-59.97141943,-30.25311158]},{"type":"Feature","id":"salud_020801.14962","geometry":{"type":"Point","coordinates":[-61.12560418,-32.26249896]},"geometry_name":"geom","properties":{"gid":14962,"entidad":0,"fna":"Centro de Salud Casalegno","gna":"Centro de Salud","nam":"Casalegno","fdc":"IGN/SISA","sag":"IGN"},"bbox":[-61.12560418,-32.26249896,-61.12560418,-32.26249896]},{"type":"Feature","id":"salud_020801.14963","geometry":{"type":"Point","coordinates":[-60.88859077,-31.8689953]},"geometry_name":"geom","properties":{"gid":14963,"entidad":0,"fna":"Centro de Salud Desvío Arijón","gna":"Centro de Salud","nam":"Desvío Arijón","fdc":"IGN/SISA","sag":"IGN"},"bbox":[-60.88859077,-31.8689953,-60.88859077,-31.8689953]},{"type":"Feature","id":"salud_020801.14964","geometry":{"type":"Point","coordinates":[-61.17600028,-31.96078414]},"geometry_name":"geom","properties":{"gid":14964,"entidad":0,"fna":"Centro de Salud Loma Alta","gna":"Centro de Salud","nam":"Loma Alta","fdc":"IGN/SISA","sag":"IGN"},"bbox":[-61.17600028,-31.96078414,-61.17600028,-31.96078414]},{"type":"Feature","id":"salud_020801.14965","geometry":{"type":"Point","coordinates":[-60.98239713,-32.13618016]},"geometry_name":"geom","properties":{"gid":14965,"entidad":0,"fna":"Centro de Salud San Fabián","gna":"Centro de Salud","nam":"San Fabián","fdc":"IGN/SISA","sag":"IGN"},"bbox":[-60.98239713,-32.13618016,-60.98239713,-32.13618016]},{"type":"Feature","id":"salud_020801.14966","geometry":{"type":"Point","coordinates":[-60.46735564,-30.94920293]},"geometry_name":"geom","properties":{"gid":14966,"entidad":0,"fna":"Centro de Salud Naré","gna":"Centro de Salud","nam":"Naré","fdc":"IGN/SISA","sag":"IGN"},"bbox":[-60.46735564,-30.94920293,-60.46735564,-30.94920293]},{"type":"Feature","id":"salud_020801.14967","geometry":{"type":"Point","coordinates":[-60.97628418,-32.07784096]},"geometry_name":"geom","properties":{"gid":14967,"entidad":0,"fna":"Centro de Salud Arocena","gna":"Centro de Salud","nam":"Arocena","fdc":"IGN/SISA","sag":"IGN"},"bbox":[-60.97628418,-32.07784096,-60.97628418,-32.07784096]},{"type":"Feature","id":"salud_020801.14968","geometry":{"type":"Point","coordinates":[-60.92277044,-31.99918333]},"geometry_name":"geom","properties":{"gid":14968,"entidad":0,"fna":"Centro de Salud General Urquiza Barrio Basualdo","gna":"Centro de Salud","nam":"General Urquiza Barrio Basualdo","fdc":"IGN/SISA","sag":"IGN"},"bbox":[-60.92277044,-31.99918333,-60.92277044,-31.99918333]},{"type":"Feature","id":"salud_020801.14969","geometry":{"type":"Point","coordinates":[-60.31248219,-30.03592481]},"geometry_name":"geom","properties":{"gid":14969,"entidad":0,"fna":"Centro de Salud Pedro Gómez Cello","gna":"Centro de Salud","nam":"Pedro Gómez Cello","fdc":"IGN/SISA","sag":"IGN"},"bbox":[-60.31248219,-30.03592481,-60.31248219,-30.03592481]},{"type":"Feature","id":"salud_020801.14970","geometry":{"type":"Point","coordinates":[-60.3025609,-30.34619949]},"geometry_name":"geom","properties":{"gid":14970,"entidad":0,"fna":"Centro de Salud San Martín Norte","gna":"Centro de Salud","nam":"San Martín Norte","fdc":"IGN/SISA","sag":"IGN"},"bbox":[-60.3025609,-30.34619949,-60.3025609,-30.34619949]},{"type":"Feature","id":"salud_020801.14971","geometry":{"type":"Point","coordinates":[-60.49998426,-30.67414503]},"geometry_name":"geom","properties":{"gid":14971,"entidad":0,"fna":"Centro de Salud Ramayón","gna":"Centro de Salud","nam":"Ramayón","fdc":"IGN/SISA","sag":"IGN"},"bbox":[-60.49998426,-30.67414503,-60.49998426,-30.67414503]},{"type":"Feature","id":"salud_020801.14972","geometry":{"type":"Point","coordinates":[-61.07399424,-33.17411609]},"geometry_name":"geom","properties":{"gid":14972,"entidad":0,"fna":"Servicio para la Atención Médica de la Comunidad Fuentes","gna":"Servicio para la Atención Médica de la Comunidad","nam":"Fuentes","fdc":"IGN/SISA","sag":"IGN"},"bbox":[-61.07399424,-33.17411609,-61.07399424,-33.17411609]},{"type":"Feature","id":"salud_020801.14973","geometry":{"type":"Point","coordinates":[-60.79505193,-32.66624423]},"geometry_name":"geom","properties":{"gid":14973,"entidad":0,"fna":"Centro de Salud Doctor Eduardo Gerbaix","gna":"Centro de Salud","nam":"Doctor Eduardo Gerbaix","fdc":"IGN/SISA","sag":"IGN"},"bbox":[-60.79505193,-32.66624423,-60.79505193,-32.66624423]},{"type":"Feature","id":"salud_020801.14974","geometry":{"type":"Point","coordinates":[-60.72757339,-32.82266322]},"geometry_name":"geom","properties":{"gid":14974,"entidad":0,"fna":"Centro de Salud Barrio Copello","gna":"Centro de Salud","nam":"Barrio Copello","fdc":"IGN/SISA","sag":"IGN"},"bbox":[-60.72757339,-32.82266322,-60.72757339,-32.82266322]},{"type":"Feature","id":"salud_020801.14975","geometry":{"type":"Point","coordinates":[-60.76416583,-32.70900136]},"geometry_name":"geom","properties":{"gid":14975,"entidad":0,"fna":"Centro de Salud San Sebastián","gna":"Centro de Salud","nam":"San Sebastián","fdc":"IGN/SISA","sag":"IGN"},"bbox":[-60.76416583,-32.70900136,-60.76416583,-32.70900136]},{"type":"Feature","id":"salud_020801.14976","geometry":{"type":"Point","coordinates":[-60.74083366,-32.73717375]},"geometry_name":"geom","properties":{"gid":14976,"entidad":0,"fna":"Centro de Salud Barrio Leandro N. Alem","gna":"Centro de Salud","nam":"Barrio Leandro N. Alem","fdc":"IGN/SISA","sag":"IGN"},"bbox":[-60.74083366,-32.73717375,-60.74083366,-32.73717375]},{"type":"Feature","id":"salud_020801.14977","geometry":{"type":"Point","coordinates":[-60.73892134,-32.72369474]},"geometry_name":"geom","properties":{"gid":14977,"entidad":0,"fna":"Centro de Salud San Francisco de Asís","gna":"Centro de Salud","nam":"San Francisco de Asís","fdc":"IGN/SISA","sag":"IGN"},"bbox":[-60.73892134,-32.72369474,-60.73892134,-32.72369474]},{"type":"Feature","id":"salud_020801.14978","geometry":{"type":"Point","coordinates":[-60.74776819,-32.73962945]},"geometry_name":"geom","properties":{"gid":14978,"entidad":0,"fna":"Centro de Salud Sagrado Corazón","gna":"Centro de Salud","nam":"Sagrado Corazón","fdc":"IGN/SISA","sag":"IGN"},"bbox":[-60.74776819,-32.73962945,-60.74776819,-32.73962945]},{"type":"Feature","id":"salud_020801.14979","geometry":{"type":"Point","coordinates":[-60.73720729,-32.75722076]},"geometry_name":"geom","properties":{"gid":14979,"entidad":0,"fna":"Centro de Salud José Hernández","gna":"Centro de Salud","nam":"José Hernández","fdc":"IGN/SISA","sag":"IGN"},"bbox":[-60.73720729,-32.75722076,-60.73720729,-32.75722076]},{"type":"Feature","id":"salud_020801.14980","geometry":{"type":"Point","coordinates":[-61.86855561,-31.89517627]},"geometry_name":"geom","properties":{"gid":14980,"entidad":0,"fna":"Centro de Salud Doctor Ramón Carrillo","gna":"Centro de Salud","nam":"Doctor Ramón Carrillo","fdc":"IGN/SISA","sag":"IGN"},"bbox":[-61.86855561,-31.89517627,-61.86855561,-31.89517627]},{"type":"Feature","id":"salud_020801.14981","geometry":{"type":"Point","coordinates":[-61.54202737,-32.12484176]},"geometry_name":"geom","properties":{"gid":14981,"entidad":0,"fna":"Servicio para la Atención Médica de la Comunidad Casas","gna":"Servicio para la Atención Médica de la Comunidad","nam":"Casas","fdc":"IGN/SISA","sag":"IGN"},"bbox":[-61.54202737,-32.12484176,-61.54202737,-32.12484176]},{"type":"Feature","id":"salud_020801.14982","geometry":{"type":"Point","coordinates":[-60.25233725,-28.94557092]},"geometry_name":"geom","properties":{"gid":14982,"entidad":0,"fna":"Centro de Salud Pozo de los Indios","gna":"Centro de Salud","nam":"Pozo de los Indios","fdc":"IGN/SISA","sag":"IGN"},"bbox":[-60.25233725,-28.94557092,-60.25233725,-28.94557092]},{"type":"Feature","id":"salud_020801.14983","geometry":{"type":"Point","coordinates":[-60.21094846,-29.44607346]},"geometry_name":"geom","properties":{"gid":14983,"entidad":0,"fna":"Centro de Salud Santa Rosa de Lima","gna":"Centro de Salud","nam":"Santa Rosa de Lima","fdc":"IGN/SISA","sag":"IGN"},"bbox":[-60.21094846,-29.44607346,-60.21094846,-29.44607346]},{"type":"Feature","id":"salud_020801.14984","geometry":{"type":"Point","coordinates":[-60.2826068,-29.1992229]},"geometry_name":"geom","properties":{"gid":14984,"entidad":0,"fna":"Centro de Salud Paraje 17","gna":"Centro de Salud","nam":"Paraje 17","fdc":"IGN/SISA","sag":"IGN"},"bbox":[-60.2826068,-29.1992229,-60.2826068,-29.1992229]},{"type":"Feature","id":"salud_020801.14985","geometry":{"type":"Point","coordinates":[-60.38632285,-29.40306505]},"geometry_name":"geom","properties":{"gid":14985,"entidad":0,"fna":"Centro de Salud Las Gamas","gna":"Centro de Salud","nam":"Las Gamas","fdc":"IGN/SISA","sag":"IGN"},"bbox":[-60.38632285,-29.40306505,-60.38632285,-29.40306505]},{"type":"Feature","id":"salud_020801.14986","geometry":{"type":"Point","coordinates":[-61.69968839,-31.91989931]},"geometry_name":"geom","properties":{"gid":14986,"entidad":0,"fna":"Servicio para la Atención Médica de la Comunidad Traill","gna":"Servicio para la Atención Médica de la Comunidad","nam":"Traill","fdc":"IGN/SISA","sag":"IGN"},"bbox":[-61.69968839,-31.91989931,-61.69968839,-31.91989931]},{"type":"Feature","id":"salud_020801.14987","geometry":{"type":"Point","coordinates":[-59.98133359,-28.30905923]},"geometry_name":"geom","properties":{"gid":14987,"entidad":0,"fna":"Centro de Salud Cañada Ombú","gna":"Centro de Salud","nam":"Cañada Ombú","fdc":"IGN/SISA","sag":"IGN"},"bbox":[-59.98133359,-28.30905923,-59.98133359,-28.30905923]},{"type":"Feature","id":"salud_020801.14988","geometry":{"type":"Point","coordinates":[-60.93848491,-31.57885038]},"geometry_name":"geom","properties":{"gid":14988,"entidad":0,"fna":"Centro de Salud Nº 6 Franck","gna":"Centro de Salud","nam":"Nº 6 Franck","fdc":"IGN/SISA","sag":"IGN"},"bbox":[-60.93848491,-31.57885038,-60.93848491,-31.57885038]},{"type":"Feature","id":"salud_020801.14989","geometry":{"type":"Point","coordinates":[-60.98823117,-31.13926917]},"geometry_name":"geom","properties":{"gid":14989,"entidad":0,"fna":"Centro de Salud Progreso","gna":"Centro de Salud","nam":"Progreso","fdc":"IGN/SISA","sag":"IGN"},"bbox":[-60.98823117,-31.13926917,-60.98823117,-31.13926917]},{"type":"Feature","id":"salud_020801.14990","geometry":{"type":"Point","coordinates":[-60.78720246,-32.85182887]},"geometry_name":"geom","properties":{"gid":14990,"entidad":0,"fna":"Centro de Salud Ibarlucea","gna":"Centro de Salud","nam":"Ibarlucea","fdc":"IGN/SISA","sag":"IGN"},"bbox":[-60.78720246,-32.85182887,-60.78720246,-32.85182887]},{"type":"Feature","id":"salud_020801.14991","geometry":{"type":"Point","coordinates":[-60.50562666,-33.36857455]},"geometry_name":"geom","properties":{"gid":14991,"entidad":0,"fna":"Centro de Salud Godoy","gna":"Centro de Salud","nam":"Godoy","fdc":"IGN/SISA","sag":"IGN"},"bbox":[-60.50562666,-33.36857455,-60.50562666,-33.36857455]},{"type":"Feature","id":"salud_020801.14992","geometry":{"type":"Point","coordinates":[-61.99059,-31.40576109]},"geometry_name":"geom","properties":{"gid":14992,"entidad":0,"fna":"Centro de Salud Josefina","gna":"Centro de Salud","nam":"Josefina","fdc":"IGN/SISA","sag":"IGN"},"bbox":[-61.99059,-31.40576109,-61.99059,-31.40576109]},{"type":"Feature","id":"salud_020801.14993","geometry":{"type":"Point","coordinates":[-61.76898935,-29.21571995]},"geometry_name":"geom","properties":{"gid":14993,"entidad":0,"fna":"Centro de Salud Mocoví","gna":"Centro de Salud","nam":"Mocoví","fdc":"IGN/SISA","sag":"IGN"},"bbox":[-61.76898935,-29.21571995,-61.76898935,-29.21571995]},{"type":"Feature","id":"salud_020801.14994","geometry":{"type":"Point","coordinates":[-61.51312911,-32.68430512]},"geometry_name":"geom","properties":{"gid":14994,"entidad":0,"fna":"Centro de Salud Los Ucles","gna":"Centro de Salud","nam":"Los Ucles","fdc":"IGN/SISA","sag":"IGN"},"bbox":[-61.51312911,-32.68430512,-61.51312911,-32.68430512]},{"type":"Feature","id":"salud_020801.15071","geometry":{"type":"Point","coordinates":[-55.67565059,-28.06120677]},"geometry_name":"geom","properties":{"gid":15071,"entidad":0,"fna":"Centro de Atención Primaria de la Salud Azara","gna":"Centro de Atención Primaria de la Salud","nam":"Azara","fdc":"IGN/SISA","sag":"IGN"},"bbox":[-55.67565059,-28.06120677,-55.67565059,-28.06120677]},{"type":"Feature","id":"salud_020801.15072","geometry":{"type":"Point","coordinates":[-55.64459724,-28.03425087]},"geometry_name":"geom","properties":{"gid":15072,"entidad":0,"fna":"Centro de Atención Primaria de la Salud Monte Hermoso II","gna":"Centro de Atención Primaria de la Salud","nam":"Monte Hermoso II","fdc":"IGN/SISA","sag":"IGN"},"bbox":[-55.64459724,-28.03425087,-55.64459724,-28.03425087]},{"type":"Feature","id":"salud_020801.15073","geometry":{"type":"Point","coordinates":[-54.58316331,-27.10454205]},"geometry_name":"geom","properties":{"gid":15073,"entidad":0,"fna":"Centro de Atención Primaria de la Salud El Saltito","gna":"Centro de Atención Primaria de la Salud","nam":"El Saltito","fdc":"IGN/SISA","sag":"IGN"},"bbox":[-54.58316331,-27.10454205,-54.58316331,-27.10454205]},{"type":"Feature","id":"salud_020801.15075","geometry":{"type":"Point","coordinates":[-61.91555848,-23.98347944]},"geometry_name":"geom","properties":{"gid":15075,"entidad":0,"fna":"Centro de Salud Tres Palmitas","gna":"Centro de Salud","nam":"Tres Palmitas","fdc":"IGN/SISA","sag":"IGN"},"bbox":[-61.91555848,-23.98347944,-61.91555848,-23.98347944]},{"type":"Feature","id":"salud_020801.15076","geometry":{"type":"Point","coordinates":[-61.81188778,-24.30794447]},"geometry_name":"geom","properties":{"gid":15076,"entidad":0,"fna":"Centro de Salud El Potrerito","gna":"Centro de Salud","nam":"El Potrerito","fdc":"IGN/SISA","sag":"IGN"},"bbox":[-61.81188778,-24.30794447,-61.81188778,-24.30794447]},{"type":"Feature","id":"salud_020801.15077","geometry":{"type":"Point","coordinates":[-61.57838695,-23.46308104]},"geometry_name":"geom","properties":{"gid":15077,"entidad":0,"fna":"Centro de Salud Pozo Ramón","gna":"Centro de Salud","nam":"Pozo Ramón","fdc":"IGN/SISA","sag":"IGN"},"bbox":[-61.57838695,-23.46308104,-61.57838695,-23.46308104]},{"type":"Feature","id":"salud_020801.15079","geometry":{"type":"Point","coordinates":[-61.34872426,-31.66885558]},"geometry_name":"geom","properties":{"gid":15079,"entidad":0,"fna":"Centro de Salud San Mariano","gna":"Centro de Salud","nam":"San Mariano","fdc":"IGN/SISA","sag":"IGN"},"bbox":[-61.34872426,-31.66885558,-61.34872426,-31.66885558]},{"type":"Feature","id":"salud_020801.15080","geometry":{"type":"Point","coordinates":[-61.03147964,-31.1258983]},"geometry_name":"geom","properties":{"gid":15080,"entidad":0,"fna":"Centro de Salud Hipatía","gna":"Centro de Salud","nam":"Hipatía","fdc":"IGN/SISA","sag":"IGN"},"bbox":[-61.03147964,-31.1258983,-61.03147964,-31.1258983]},{"type":"Feature","id":"salud_020801.15081","geometry":{"type":"Point","coordinates":[-60.32958584,-30.38125609]},"geometry_name":"geom","properties":{"gid":15081,"entidad":0,"fna":"Centro de Salud Colonia Dolores","gna":"Centro de Salud","nam":"Colonia Dolores","fdc":"IGN/SISA","sag":"IGN"},"bbox":[-60.32958584,-30.38125609,-60.32958584,-30.38125609]},{"type":"Feature","id":"salud_020801.15088","geometry":{"type":"Point","coordinates":[-58.36875143,-25.29619281]},"geometry_name":"geom","properties":{"gid":15088,"entidad":0,"fna":"Centro de Salud El Recodo","gna":"Centro de Salud","nam":"El Recodo","fdc":"IGN/SISA","sag":"IGN"},"bbox":[-58.36875143,-25.29619281,-58.36875143,-25.29619281]},{"type":"Feature","id":"salud_020801.15089","geometry":{"type":"Point","coordinates":[-59.58883263,-26.11881246]},"geometry_name":"geom","properties":{"gid":15089,"entidad":0,"fna":"Centro de Salud Racedo Escobar","gna":"Centro de Salud","nam":"Racedo Escobar","fdc":"IGN/SISA","sag":"IGN"},"bbox":[-59.58883263,-26.11881246,-59.58883263,-26.11881246]},{"type":"Feature","id":"salud_020801.15090","geometry":{"type":"Point","coordinates":[-59.23621246,-26.32248779]},"geometry_name":"geom","properties":{"gid":15090,"entidad":0,"fna":"Centro de Salud El Alba","gna":"Centro de Salud","nam":"El Alba","fdc":"IGN/SISA","sag":"IGN"},"bbox":[-59.23621246,-26.32248779,-59.23621246,-26.32248779]},{"type":"Feature","id":"salud_020801.15091","geometry":{"type":"Point","coordinates":[-59.33370086,-25.56072182]},"geometry_name":"geom","properties":{"gid":15091,"entidad":0,"fna":"Centro de Salud Rostro de Jesús","gna":"Centro de Salud","nam":"Rostro de Jesús","fdc":"IGN/SISA","sag":"IGN"},"bbox":[-59.33370086,-25.56072182,-59.33370086,-25.56072182]},{"type":"Feature","id":"salud_020801.15092","geometry":{"type":"Point","coordinates":[-59.16020699,-25.8534913]},"geometry_name":"geom","properties":{"gid":15092,"entidad":0,"fna":"Centro de Salud Colonia El Palmar","gna":"Centro de Salud","nam":"Colonia El Palmar","fdc":"IGN/SISA","sag":"IGN"},"bbox":[-59.16020699,-25.8534913,-59.16020699,-25.8534913]},{"type":"Feature","id":"salud_020801.15093","geometry":{"type":"Point","coordinates":[-59.30697185,-25.79009873]},"geometry_name":"geom","properties":{"gid":15093,"entidad":0,"fna":"Centro de Salud Colonia La Disciplina","gna":"Centro de Salud","nam":"Colonia La Disciplina","fdc":"IGN/SISA","sag":"IGN"},"bbox":[-59.30697185,-25.79009873,-59.30697185,-25.79009873]},{"type":"Feature","id":"salud_020801.15094","geometry":{"type":"Point","coordinates":[-62.3190824,-22.71492694]},"geometry_name":"geom","properties":{"gid":15094,"entidad":0,"fna":"Centro de Salud El Rosario","gna":"Centro de Salud","nam":"El Rosario","fdc":"IGN/SISA","sag":"IGN"},"bbox":[-62.3190824,-22.71492694,-62.3190824,-22.71492694]},{"type":"Feature","id":"salud_020801.15095","geometry":{"type":"Point","coordinates":[-62.01128851,-23.12031226]},"geometry_name":"geom","properties":{"gid":15095,"entidad":0,"fna":"Centro de Salud Tronquito I","gna":"Centro de Salud","nam":"Tronquito I","fdc":"IGN/SISA","sag":"IGN"},"bbox":[-62.01128851,-23.12031226,-62.01128851,-23.12031226]},{"type":"Feature","id":"salud_020801.15096","geometry":{"type":"Point","coordinates":[-62.03008526,-23.17875452]},"geometry_name":"geom","properties":{"gid":15096,"entidad":0,"fna":"Centro de Salud Barrio El Favorito","gna":"Centro de Salud","nam":"Barrio El Favorito","fdc":"IGN/SISA","sag":"IGN"},"bbox":[-62.03008526,-23.17875452,-62.03008526,-23.17875452]},{"type":"Feature","id":"salud_020801.15097","geometry":{"type":"Point","coordinates":[-61.94441532,-23.39448103]},"geometry_name":"geom","properties":{"gid":15097,"entidad":0,"fna":"Centro de Salud El Divisadero","gna":"Centro de Salud","nam":"El Divisadero","fdc":"IGN/SISA","sag":"IGN"},"bbox":[-61.94441532,-23.39448103,-61.94441532,-23.39448103]},{"type":"Feature","id":"salud_020801.15098","geometry":{"type":"Point","coordinates":[-62.27602653,-22.84042869]},"geometry_name":"geom","properties":{"gid":15098,"entidad":0,"fna":"Centro de Salud Lote 8","gna":"Centro de Salud","nam":"Lote 8","fdc":"IGN/SISA","sag":"IGN"},"bbox":[-62.27602653,-22.84042869,-62.27602653,-22.84042869]},{"type":"Feature","id":"salud_020801.15099","geometry":{"type":"Point","coordinates":[-62.12640053,-22.99815207]},"geometry_name":"geom","properties":{"gid":15099,"entidad":0,"fna":"Centro de Salud Palo Seco","gna":"Centro de Salud","nam":"Palo Seco","fdc":"IGN/SISA","sag":"IGN"},"bbox":[-62.12640053,-22.99815207,-62.12640053,-22.99815207]},{"type":"Feature","id":"salud_020801.15100","geometry":{"type":"Point","coordinates":[-62.02818747,-23.38098224]},"geometry_name":"geom","properties":{"gid":15100,"entidad":0,"fna":"Centro de Salud Pozo Caballo","gna":"Centro de Salud","nam":"Pozo Caballo","fdc":"IGN/SISA","sag":"IGN"},"bbox":[-62.02818747,-23.38098224,-62.02818747,-23.38098224]},{"type":"Feature","id":"salud_020801.15101","geometry":{"type":"Point","coordinates":[-62.2743741,-22.73979552]},"geometry_name":"geom","properties":{"gid":15101,"entidad":0,"fna":"Centro de Salud Santa Teresa","gna":"Centro de Salud","nam":"Santa Teresa","fdc":"IGN/SISA","sag":"IGN"},"bbox":[-62.2743741,-22.73979552,-62.2743741,-22.73979552]},{"type":"Feature","id":"salud_020801.15102","geometry":{"type":"Point","coordinates":[-62.14331112,-22.98753119]},"geometry_name":"geom","properties":{"gid":15102,"entidad":0,"fna":"Centro de Salud La Pampa","gna":"Centro de Salud","nam":"La Pampa","fdc":"IGN/SISA","sag":"IGN"},"bbox":[-62.14331112,-22.98753119,-62.14331112,-22.98753119]},{"type":"Feature","id":"salud_020801.15103","geometry":{"type":"Point","coordinates":[-62.30576977,-23.18416946]},"geometry_name":"geom","properties":{"gid":15103,"entidad":0,"fna":"Centro de Salud 6 de Abril","gna":"Centro de Salud","nam":"6 de Abril","fdc":"IGN/SISA","sag":"IGN"},"bbox":[-62.30576977,-23.18416946,-62.30576977,-23.18416946]},{"type":"Feature","id":"salud_020801.15104","geometry":{"type":"Point","coordinates":[-58.13179929,-25.78784408]},"geometry_name":"geom","properties":{"gid":15104,"entidad":0,"fna":"Centro de Salud El Peligro","gna":"Centro de Salud","nam":"El Peligro","fdc":"IGN/SISA","sag":"IGN"},"bbox":[-58.13179929,-25.78784408,-58.13179929,-25.78784408]},{"type":"Feature","id":"salud_020801.15105","geometry":{"type":"Point","coordinates":[-61.74684148,-23.42379917]},"geometry_name":"geom","properties":{"gid":15105,"entidad":0,"fna":"Centro de Salud Lagunita","gna":"Centro de Salud","nam":"Lagunita","fdc":"IGN/SISA","sag":"IGN"},"bbox":[-61.74684148,-23.42379917,-61.74684148,-23.42379917]},{"type":"Feature","id":"salud_020801.15106","geometry":{"type":"Point","coordinates":[-61.33559792,-23.73030137]},"geometry_name":"geom","properties":{"gid":15106,"entidad":0,"fna":"Centro de Salud Lindero","gna":"Centro de Salud","nam":"Lindero","fdc":"IGN/SISA","sag":"IGN"},"bbox":[-61.33559792,-23.73030137,-61.33559792,-23.73030137]},{"type":"Feature","id":"salud_020801.15107","geometry":{"type":"Point","coordinates":[-61.73692274,-23.46355481]},"geometry_name":"geom","properties":{"gid":15107,"entidad":0,"fna":"Centro de Salud Los Pocitos","gna":"Centro de Salud","nam":"Los Pocitos","fdc":"IGN/SISA","sag":"IGN"},"bbox":[-61.73692274,-23.46355481,-61.73692274,-23.46355481]},{"type":"Feature","id":"salud_020801.15108","geometry":{"type":"Point","coordinates":[-61.7077836,-23.56898632]},"geometry_name":"geom","properties":{"gid":15108,"entidad":0,"fna":"Centro de Salud Pozo de Maza","gna":"Centro de Salud","nam":"Pozo de Maza","fdc":"IGN/SISA","sag":"IGN"},"bbox":[-61.7077836,-23.56898632,-61.7077836,-23.56898632]},{"type":"Feature","id":"salud_020801.15109","geometry":{"type":"Point","coordinates":[-58.21933405,-26.2001915]},"geometry_name":"geom","properties":{"gid":15109,"entidad":0,"fna":"Centro de Salud El Pucú","gna":"Centro de Salud","nam":"El Pucú","fdc":"IGN/SISA","sag":"IGN"},"bbox":[-58.21933405,-26.2001915,-58.21933405,-26.2001915]},{"type":"Feature","id":"salud_020801.15110","geometry":{"type":"Point","coordinates":[-58.20785265,-26.16662911]},"geometry_name":"geom","properties":{"gid":15110,"entidad":0,"fna":"Centro de Salud Barrio San Antonio","gna":"Centro de Salud","nam":"Barrio San Antonio","fdc":"IGN/SISA","sag":"IGN"},"bbox":[-58.20785265,-26.16662911,-58.20785265,-26.16662911]},{"type":"Feature","id":"salud_020801.15111","geometry":{"type":"Point","coordinates":[-58.18362411,-26.17589936]},"geometry_name":"geom","properties":{"gid":15111,"entidad":0,"fna":"Centro de Salud San Francisco","gna":"Centro de Salud","nam":"San Francisco","fdc":"IGN/SISA","sag":"IGN"},"bbox":[-58.18362411,-26.17589936,-58.18362411,-26.17589936]},{"type":"Feature","id":"salud_020801.15112","geometry":{"type":"Point","coordinates":[-58.17879613,-26.19588599]},"geometry_name":"geom","properties":{"gid":15112,"entidad":0,"fna":"Centro de Salud Villa Hermosa","gna":"Centro de Salud","nam":"Villa Hermosa","fdc":"IGN/SISA","sag":"IGN"},"bbox":[-58.17879613,-26.19588599,-58.17879613,-26.19588599]},{"type":"Feature","id":"salud_020801.15113","geometry":{"type":"Point","coordinates":[-58.83626527,-26.16867772]},"geometry_name":"geom","properties":{"gid":15113,"entidad":0,"fna":"Centro de Atención Primaria de la Salud Presidente Yrigoyen","gna":"Centro de Atención Primaria de la Salud","nam":"Presidente Yrigoyen","fdc":"IGN/SISA","sag":"IGN"},"bbox":[-58.83626527,-26.16867772,-58.83626527,-26.16867772]},{"type":"Feature","id":"salud_020801.15114","geometry":{"type":"Point","coordinates":[-58.51713489,-26.46109399]},"geometry_name":"geom","properties":{"gid":15114,"entidad":0,"fna":"Centro de Salud Tres Mojones","gna":"Centro de Salud","nam":"Tres Mojones","fdc":"IGN/SISA","sag":"IGN"},"bbox":[-58.51713489,-26.46109399,-58.51713489,-26.46109399]},{"type":"Feature","id":"salud_020801.15115","geometry":{"type":"Point","coordinates":[-61.85828438,-23.89641021]},"geometry_name":"geom","properties":{"gid":15115,"entidad":0,"fna":"Centro de Salud Barrio Viejo","gna":"Centro de Salud","nam":"Barrio Viejo","fdc":"IGN/SISA","sag":"IGN"},"bbox":[-61.85828438,-23.89641021,-61.85828438,-23.89641021]},{"type":"Feature","id":"salud_020801.15116","geometry":{"type":"Point","coordinates":[-61.85511684,-23.90250709]},"geometry_name":"geom","properties":{"gid":15116,"entidad":0,"fna":"Centro de Salud Barrio Obrero","gna":"Centro de Salud","nam":"Barrio Obrero","fdc":"IGN/SISA","sag":"IGN"},"bbox":[-61.85511684,-23.90250709,-61.85511684,-23.90250709]},{"type":"Feature","id":"salud_020801.15117","geometry":{"type":"Point","coordinates":[-62.08938913,-23.56945043]},"geometry_name":"geom","properties":{"gid":15117,"entidad":0,"fna":"Centro de Salud El Totoral","gna":"Centro de Salud","nam":"El Totoral","fdc":"IGN/SISA","sag":"IGN"},"bbox":[-62.08938913,-23.56945043,-62.08938913,-23.56945043]},{"type":"Feature","id":"salud_020801.15118","geometry":{"type":"Point","coordinates":[-61.71082774,-24.3417336]},"geometry_name":"geom","properties":{"gid":15118,"entidad":0,"fna":"Centro de Salud Isla García","gna":"Centro de Salud","nam":"Isla García","fdc":"IGN/SISA","sag":"IGN"},"bbox":[-61.71082774,-24.3417336,-61.71082774,-24.3417336]},{"type":"Feature","id":"salud_020801.15283","geometry":{"type":"Point","coordinates":[-61.52892459,-32.68317378]},"geometry_name":"geom","properties":{"gid":15283,"entidad":0,"fna":"Servicio para la Atención Médica de la Comunidad Las Parejas","gna":"Servicio para la Atención Médica de la Comunidad","nam":"Las Parejas","fdc":"IGN/SISA","sag":"IGN"},"bbox":[-61.52892459,-32.68317378,-61.52892459,-32.68317378]},{"type":"Feature","id":"salud_020801.15284","geometry":{"type":"Point","coordinates":[-61.47717711,-33.1501616]},"geometry_name":"geom","properties":{"gid":15284,"entidad":0,"fna":"Servicio para la Atención Médica de la Comunidad Arequito","gna":"Servicio para la Atención Médica de la Comunidad","nam":"Arequito","fdc":"IGN/SISA","sag":"IGN"},"bbox":[-61.47717711,-33.1501616,-61.47717711,-33.1501616]},{"type":"Feature","id":"salud_020801.15285","geometry":{"type":"Point","coordinates":[-62.24734498,-34.00828091]},"geometry_name":"geom","properties":{"gid":15285,"entidad":0,"fna":"Servicio para la Atención Médica de la Comunidad Sancti Spiritu","gna":"Servicio para la Atención Médica de la Comunidad","nam":"Sancti Spiritu","fdc":"IGN/SISA","sag":"IGN"},"bbox":[-62.24734498,-34.00828091,-62.24734498,-34.00828091]},{"type":"Feature","id":"salud_020801.15286","geometry":{"type":"Point","coordinates":[-60.63125694,-33.02366235]},"geometry_name":"geom","properties":{"gid":15286,"entidad":0,"fna":"Hospital Doctor Anselmo Gamen","gna":"Hospital","nam":"Doctor Anselmo Gamen","fdc":"IGN/OSM/SISA","sag":"IGN"},"bbox":[-60.63125694,-33.02366235,-60.63125694,-33.02366235]},{"type":"Feature","id":"salud_020801.15287","geometry":{"type":"Point","coordinates":[-61.72911504,-30.23069287]},"geometry_name":"geom","properties":{"gid":15287,"entidad":0,"fna":"Servicio para la Atención Médica de la Comunidad Arrufo","gna":"Servicio para la Atención Médica de la Comunidad","nam":"Arrufo","fdc":"IGN/SISA","sag":"IGN"},"bbox":[-61.72911504,-30.23069287,-61.72911504,-30.23069287]},{"type":"Feature","id":"salud_020801.15288","geometry":{"type":"Point","coordinates":[-59.2583834,-28.34798334]},"geometry_name":"geom","properties":{"gid":15288,"entidad":0,"fna":"Servicio para la Atención Médica de la Comunidad Las Toscas","gna":"Servicio para la Atención Médica de la Comunidad","nam":"Las Toscas","fdc":"IGN/SISA","sag":"IGN"},"bbox":[-59.2583834,-28.34798334,-59.2583834,-28.34798334]},{"type":"Feature","id":"salud_020801.15289","geometry":{"type":"Point","coordinates":[-61.76749029,-29.23589841]},"geometry_name":"geom","properties":{"gid":15289,"entidad":0,"fna":"Servicio para la Atención Médica de la Comunidad Doctor Alfredo Luis Rosetani","gna":"Servicio para la Atención Médica de la Comunidad","nam":"Doctor Alfredo Luis Rosetani","fdc":"IGN/SISA","sag":"IGN"},"bbox":[-61.76749029,-29.23589841,-61.76749029,-29.23589841]},{"type":"Feature","id":"salud_020801.15290","geometry":{"type":"Point","coordinates":[-61.36114711,-33.24797513]},"geometry_name":"geom","properties":{"gid":15290,"entidad":0,"fna":"Servicio para la Atención Médica de la Comunidad María Eva Duarte de Perón","gna":"Servicio para la Atención Médica de la Comunidad","nam":"María Eva Duarte de Perón","fdc":"IGN/SISA","sag":"IGN"},"bbox":[-61.36114711,-33.24797513,-61.36114711,-33.24797513]},{"type":"Feature","id":"salud_020801.15291","geometry":{"type":"Point","coordinates":[-60.33435569,-31.41845401]},"geometry_name":"geom","properties":{"gid":15291,"entidad":0,"fna":"Servicio para la Atención Médica de la Comunidad Santa Rosa de Calchines","gna":"Servicio para la Atención Médica de la Comunidad","nam":"Santa Rosa de Calchines","fdc":"IGN/SISA","sag":"IGN"},"bbox":[-60.33435569,-31.41845401,-60.33435569,-31.41845401]},{"type":"Feature","id":"salud_020801.15292","geometry":{"type":"Point","coordinates":[-61.94998407,-33.75197717]},"geometry_name":"geom","properties":{"gid":15292,"entidad":0,"fna":"Hospital Doctor Alejandro Gutiérrez","gna":"Hospital","nam":"Doctor Alejandro Gutiérrez","fdc":"IGN/OSM/SISA","sag":"IGN"},"bbox":[-61.94998407,-33.75197717,-61.94998407,-33.75197717]},{"type":"Feature","id":"salud_020801.15293","geometry":{"type":"Point","coordinates":[-59.96803737,-29.34085647]},"geometry_name":"geom","properties":{"gid":15293,"entidad":0,"fna":"Hospital Doctor Francisco Schreiber","gna":"Hospital","nam":"Doctor Francisco Schreiber","fdc":"IGN/SISA/Sitio web de la municipalidad","sag":"IGN"},"bbox":[-59.96803737,-29.34085647,-59.96803737,-29.34085647]},{"type":"Feature","id":"salud_020801.15294","geometry":{"type":"Point","coordinates":[-59.65777912,-29.15217193]},"geometry_name":"geom","properties":{"gid":15294,"entidad":0,"fna":"Hospital Central Doctora Olga Stucky de Rizzi","gna":"Hospital Central","nam":"Doctora Olga Stucky de Rizzi","fdc":"IGN/SISA","sag":"IGN"},"bbox":[-59.65777912,-29.15217193,-59.65777912,-29.15217193]},{"type":"Feature","id":"salud_020801.15295","geometry":{"type":"Point","coordinates":[-59.21890885,-28.04513464]},"geometry_name":"geom","properties":{"gid":15295,"entidad":0,"fna":"Servicio para la Atención Médica de la Comunidad Florencia","gna":"Servicio para la Atención Médica de la Comunidad","nam":"Florencia","fdc":"IGN/SISA","sag":"IGN"},"bbox":[-59.21890885,-28.04513464,-59.21890885,-28.04513464]},{"type":"Feature","id":"salud_020801.15296","geometry":{"type":"Point","coordinates":[-60.6812769,-32.94643575]},"geometry_name":"geom","properties":{"gid":15296,"entidad":0,"fna":"Hospital Intendente Gabriel Carrasco","gna":"Hospital","nam":"Intendente Gabriel Carrasco","fdc":"IGN/SISA","sag":"IGN"},"bbox":[-60.6812769,-32.94643575,-60.6812769,-32.94643575]},{"type":"Feature","id":"salud_020801.15297","geometry":{"type":"Point","coordinates":[-61.3607934,-32.37335807]},"geometry_name":"geom","properties":{"gid":15297,"entidad":0,"fna":"Servicio para la Atención Médica de la Comunidad Jaime Jaruptkin","gna":"Servicio para la Atención Médica de la Comunidad","nam":"Jaime Jaruptkin","fdc":"IGN/SISA","sag":"IGN"},"bbox":[-61.3607934,-32.37335807,-61.3607934,-32.37335807]},{"type":"Feature","id":"salud_020801.15298","geometry":{"type":"Point","coordinates":[-59.97852854,-28.10223553]},"geometry_name":"geom","properties":{"gid":15298,"entidad":0,"fna":"Hospital Rural Doctor Sergio Ros del Wueski","gna":"Hospital Rural","nam":"Doctor Sergio Ros del Wueski","fdc":"IGN/SISA","sag":"IGN"},"bbox":[-59.97852854,-28.10223553,-59.97852854,-28.10223553]},{"type":"Feature","id":"salud_020801.15299","geometry":{"type":"Point","coordinates":[-59.84709147,-28.67059594]},"geometry_name":"geom","properties":{"gid":15299,"entidad":0,"fna":"Servicio para la Atención Médica de la Comunidad Tartagal","gna":"Servicio para la Atención Médica de la Comunidad","nam":"Tartagal","fdc":"IGN/SISA","sag":"IGN"},"bbox":[-59.84709147,-28.67059594,-59.84709147,-28.67059594]},{"type":"Feature","id":"salud_020801.15341","geometry":{"type":"Point","coordinates":[-54.63522484,-27.3207647]},"geometry_name":"geom","properties":{"gid":15341,"entidad":0,"fna":"Centro de Atención Primaria de la Salud Torta Quemada","gna":"Centro de Atención Primaria de la Salud","nam":"Torta Quemada","fdc":"IGN/SISA","sag":"IGN"},"bbox":[-54.63522484,-27.3207647,-54.63522484,-27.3207647]},{"type":"Feature","id":"salud_020801.15342","geometry":{"type":"Point","coordinates":[-54.74508809,-27.45773714]},"geometry_name":"geom","properties":{"gid":15342,"entidad":0,"fna":"Centro de Atención Primaria de la Salud San Francisco de Asís","gna":"Centro de Atención Primaria de la Salud","nam":"San Francisco de Asís","fdc":"IGN/SISA","sag":"IGN"},"bbox":[-54.74508809,-27.45773714,-54.74508809,-27.45773714]},{"type":"Feature","id":"salud_020801.15343","geometry":{"type":"Point","coordinates":[-54.45916219,-27.28529702]},"geometry_name":"geom","properties":{"gid":15343,"entidad":0,"fna":"Centro de Atención Primaria de la Salud Virgen Aparecida","gna":"Centro de Atención Primaria de la Salud","nam":"Virgen Aparecida","fdc":"IGN/SISA","sag":"IGN"},"bbox":[-54.45916219,-27.28529702,-54.45916219,-27.28529702]},{"type":"Feature","id":"salud_020801.15344","geometry":{"type":"Point","coordinates":[-55.87349763,-27.45118583]},"geometry_name":"geom","properties":{"gid":15344,"entidad":0,"fna":"Centro de Atención Primaria de la Salud Don Pedro","gna":"Centro de Atención Primaria de la Salud","nam":"Don Pedro","fdc":"IGN/SISA","sag":"IGN"},"bbox":[-55.87349763,-27.45118583,-55.87349763,-27.45118583]},{"type":"Feature","id":"salud_020801.15345","geometry":{"type":"Point","coordinates":[-55.88463738,-27.43258113]},"geometry_name":"geom","properties":{"gid":15345,"entidad":0,"fna":"Centro de Atención Primaria de la Salud N° 13 Miguel Lanús","gna":"Centro de Atención Primaria de la Salud","nam":"N° 13 Miguel Lanús","fdc":"IGN/Sitio web de la Municipalidad","sag":"IGN"},"bbox":[-55.88463738,-27.43258113,-55.88463738,-27.43258113]},{"type":"Feature","id":"salud_020801.15346","geometry":{"type":"Point","coordinates":[-55.85990319,-27.44743231]},"geometry_name":"geom","properties":{"gid":15346,"entidad":0,"fna":"Centro de Atención Primaria de la Salud Nº 20 Ñu Porá","gna":"Centro de Atención Primaria de la Salud","nam":"Nº 20 Ñu Porá","fdc":"IGN/SISA","sag":"IGN"},"bbox":[-55.85990319,-27.44743231,-55.85990319,-27.44743231]},{"type":"Feature","id":"salud_020801.15347","geometry":{"type":"Point","coordinates":[-55.88599438,-27.42150952]},"geometry_name":"geom","properties":{"gid":15347,"entidad":0,"fna":"Centro de Atención Primaria de la Salud Nº 26 Loma Poy","gna":"Centro de Atención Primaria de la Salud","nam":"Nº 26 Loma Poy","fdc":"IGN/SISA","sag":"IGN"},"bbox":[-55.88599438,-27.42150952,-55.88599438,-27.42150952]},{"type":"Feature","id":"salud_020801.15348","geometry":{"type":"Point","coordinates":[-55.89661533,-27.42317964]},"geometry_name":"geom","properties":{"gid":15348,"entidad":0,"fna":"Centro de Atención Primaria de la Salud Nº 7 Sesquicentenario","gna":"Centro de Atención Primaria de la Salud","nam":"Nº 7 Sesquicentenario","fdc":"IGN/SISA","sag":"IGN"},"bbox":[-55.89661533,-27.42317964,-55.89661533,-27.42317964]},{"type":"Feature","id":"salud_020801.15349","geometry":{"type":"Point","coordinates":[-55.92099,-27.41786002]},"geometry_name":"geom","properties":{"gid":15349,"entidad":0,"fna":"Centro de Atención Primaria de la Salud Barrio San Marcos","gna":"Centro de Atención Primaria de la Salud","nam":"Barrio San Marcos","fdc":"IGN/SISA","sag":"IGN"},"bbox":[-55.92099,-27.41786002,-55.92099,-27.41786002]},{"type":"Feature","id":"salud_020801.15350","geometry":{"type":"Point","coordinates":[-55.97934375,-27.41012192]},"geometry_name":"geom","properties":{"gid":15350,"entidad":0,"fna":"Centro de Atención Primaria de la Salud Itaembé Guazú","gna":"Centro de Atención Primaria de la Salud","nam":"Itaembé Guazú","fdc":"IGN/SISA","sag":"IGN"},"bbox":[-55.97934375,-27.41012192,-55.97934375,-27.41012192]},{"type":"Feature","id":"salud_020801.15351","geometry":{"type":"Point","coordinates":[-55.951813,-27.39865]},"geometry_name":"geom","properties":{"gid":15351,"entidad":0,"fna":"Hospital de Enfermedades Transmisibles Doctor Pedro Baliña","gna":"Hospital de Enfermedades Transmisibles","nam":"Doctor Pedro Baliña","fdc":"IGN/SISA","sag":"IGN"},"bbox":[-55.951813,-27.39865,-55.951813,-27.39865]},{"type":"Feature","id":"salud_020801.15352","geometry":{"type":"Point","coordinates":[-55.93820817,-27.3846468]},"geometry_name":"geom","properties":{"gid":15352,"entidad":0,"fna":"Centro de Atención Primaria de la Salud Nº 16 Santa Rita","gna":"Centro de Atención Primaria de la Salud","nam":"Nº 16 Santa Rita","fdc":"IGN/SISA","sag":"IGN"},"bbox":[-55.93820817,-27.3846468,-55.93820817,-27.3846468]},{"type":"Feature","id":"salud_020801.15353","geometry":{"type":"Point","coordinates":[-55.92615561,-27.37492756]},"geometry_name":"geom","properties":{"gid":15353,"entidad":0,"fna":"Centro de Atención Primaria de la Salud Nº 5 Yaciretá","gna":"Centro de Atención Primaria de la Salud","nam":"Nº 5 Yaciretá","fdc":"IGN/SISA","sag":"IGN"},"bbox":[-55.92615561,-27.37492756,-55.92615561,-27.37492756]},{"type":"Feature","id":"salud_020801.15354","geometry":{"type":"Point","coordinates":[-55.93107103,-27.36412628]},"geometry_name":"geom","properties":{"gid":15354,"entidad":0,"fna":"Centro de Atención Primaria de la Salud Nº 1 San Miguel","gna":"Centro de Atención Primaria de la Salud","nam":"Nº 1 San Miguel","fdc":"IGN/SISA","sag":"IGN"},"bbox":[-55.93107103,-27.36412628,-55.93107103,-27.36412628]},{"type":"Feature","id":"salud_020801.15355","geometry":{"type":"Point","coordinates":[-55.94943933,-27.36509149]},"geometry_name":"geom","properties":{"gid":15355,"entidad":0,"fna":"Hospital Doctor René Favaloro","gna":"Hospital","nam":"Doctor René Favaloro","fdc":"IGN/OSM/SISA","sag":"IGN"},"bbox":[-55.94943933,-27.36509149,-55.94943933,-27.36509149]},{"type":"Feature","id":"salud_020801.15356","geometry":{"type":"Point","coordinates":[-55.52585513,-27.99708483]},"geometry_name":"geom","properties":{"gid":15356,"entidad":0,"fna":"Centro de Atención Primaria de la Salud Santa Rita","gna":"Centro de Atención Primaria de la Salud","nam":"Santa Rita","fdc":"IGN/SISA","sag":"IGN"},"bbox":[-55.52585513,-27.99708483,-55.52585513,-27.99708483]},{"type":"Feature","id":"salud_020801.15357","geometry":{"type":"Point","coordinates":[-54.66414698,-26.40720068]},"geometry_name":"geom","properties":{"gid":15357,"entidad":0,"fna":"Centro de Atención Primaria de la Salud Doctor Ramón Gardés","gna":"Centro de Atención Primaria de la Salud","nam":"Doctor Ramón Gardés","fdc":"IGN/SISA","sag":"IGN"},"bbox":[-54.66414698,-26.40720068,-54.66414698,-26.40720068]},{"type":"Feature","id":"salud_020801.15358","geometry":{"type":"Point","coordinates":[-54.14033822,-25.68109802]},"geometry_name":"geom","properties":{"gid":15358,"entidad":0,"fna":"Centro de Atención Primaria de la Salud Caburei","gna":"Centro de Atención Primaria de la Salud","nam":"Caburei","fdc":"IGN/SISA","sag":"IGN"},"bbox":[-54.14033822,-25.68109802,-54.14033822,-25.68109802]},{"type":"Feature","id":"salud_020801.15359","geometry":{"type":"Point","coordinates":[-53.94669408,-25.79774]},"geometry_name":"geom","properties":{"gid":15359,"entidad":0,"fna":"Centro de Atención Primaria de la Salud Paraje Itatí","gna":"Centro de Atención Primaria de la Salud","nam":"Paraje Itatí","fdc":"IGN/SISA","sag":"IGN"},"bbox":[-53.94669408,-25.79774,-53.94669408,-25.79774]},{"type":"Feature","id":"salud_020801.15360","geometry":{"type":"Point","coordinates":[-54.22410813,-27.06984829]},"geometry_name":"geom","properties":{"gid":15360,"entidad":0,"fna":"Centro de Atención Primaria de la Salud Ruta 212 Kilómetro 34","gna":"Centro de Atención Primaria de la Salud","nam":"Ruta 212 Kilómetro 34","fdc":"IGN/SISA","sag":"IGN"},"bbox":[-54.22410813,-27.06984829,-54.22410813,-27.06984829]},{"type":"Feature","id":"salud_020801.15361","geometry":{"type":"Point","coordinates":[-54.29671197,-26.7432624]},"geometry_name":"geom","properties":{"gid":15361,"entidad":0,"fna":"Centro de Atención Primaria de la Salud Fracrán","gna":"Centro de Atención Primaria de la Salud","nam":"Fracrán","fdc":"IGN/SISA","sag":"IGN"},"bbox":[-54.29671197,-26.7432624,-54.29671197,-26.7432624]},{"type":"Feature","id":"salud_020801.15362","geometry":{"type":"Point","coordinates":[-54.55628553,-25.9717628]},"geometry_name":"geom","properties":{"gid":15362,"entidad":0,"fna":"Hospital Colonia Wanda","gna":"Hospital","nam":"Colonia Wanda","fdc":"IGN/OSM","sag":"IGN"},"bbox":[-54.55628553,-25.9717628,-54.55628553,-25.9717628]},{"type":"Feature","id":"salud_020801.15363","geometry":{"type":"Point","coordinates":[-54.58572158,-25.98624069]},"geometry_name":"geom","properties":{"gid":15363,"entidad":0,"fna":"Posta San Francisco","gna":"Posta","nam":"San Francisco","fdc":"IGN/SISA","sag":"IGN"},"bbox":[-54.58572158,-25.98624069,-54.58572158,-25.98624069]},{"type":"Feature","id":"salud_020801.15364","geometry":{"type":"Point","coordinates":[-54.58133776,-26.02938412]},"geometry_name":"geom","properties":{"gid":15364,"entidad":0,"fna":"Centro de Atención Primaria de la Salud Alegre","gna":"Centro de Atención Primaria de la Salud","nam":"Alegre","fdc":"IGN/SISA","sag":"IGN"},"bbox":[-54.58133776,-26.02938412,-54.58133776,-26.02938412]},{"type":"Feature","id":"salud_020801.15365","geometry":{"type":"Point","coordinates":[-54.59871624,-25.99712858]},"geometry_name":"geom","properties":{"gid":15365,"entidad":0,"fna":"Centro de Atención Primaria de la Salud Arroyito","gna":"Centro de Atención Primaria de la Salud","nam":"Arroyito","fdc":"IGN/SISA","sag":"IGN"},"bbox":[-54.59871624,-25.99712858,-54.59871624,-25.99712858]},{"type":"Feature","id":"salud_020801.15366","geometry":{"type":"Point","coordinates":[-54.58685282,-26.00296867]},"geometry_name":"geom","properties":{"gid":15366,"entidad":0,"fna":"Centro de Atención Primaria de la Salud El Molino","gna":"Centro de Atención Primaria de la Salud","nam":"El Molino","fdc":"IGN/SISA","sag":"IGN"},"bbox":[-54.58685282,-26.00296867,-54.58685282,-26.00296867]},{"type":"Feature","id":"salud_020801.15367","geometry":{"type":"Point","coordinates":[-54.57175132,-25.63787599]},"geometry_name":"geom","properties":{"gid":15367,"entidad":0,"fna":"Centro de Atención Primaria de la Salud 2000 Hectáreas","gna":"Centro de Atención Primaria de la Salud","nam":"2000 Hectáreas","fdc":"IGN/SISA","sag":"IGN"},"bbox":[-54.57175132,-25.63787599,-54.57175132,-25.63787599]},{"type":"Feature","id":"salud_020801.15368","geometry":{"type":"Point","coordinates":[-55.49869977,-27.63563619]},"geometry_name":"geom","properties":{"gid":15368,"entidad":0,"fna":"Hospital Cerro Azul","gna":"Hospital","nam":"Cerro Azul","fdc":"IGN/SISA","sag":"IGN"},"bbox":[-55.49869977,-27.63563619,-55.49869977,-27.63563619]},{"type":"Feature","id":"salud_020801.15369","geometry":{"type":"Point","coordinates":[-55.07098281,-26.89069056]},"geometry_name":"geom","properties":{"gid":15369,"entidad":0,"fna":"Centro de Atención Primaria de la Salud Capioviciño","gna":"Centro de Atención Primaria de la Salud","nam":"Capioviciño","fdc":"IGN/SISA","sag":"IGN"},"bbox":[-55.07098281,-26.89069056,-55.07098281,-26.89069056]},{"type":"Feature","id":"salud_020801.15370","geometry":{"type":"Point","coordinates":[-55.04385633,-26.86307443]},"geometry_name":"geom","properties":{"gid":15370,"entidad":0,"fna":"Centro de Atención Primaria de la Salud Mbopicuá","gna":"Centro de Atención Primaria de la Salud","nam":"Mbopicuá","fdc":"IGN/SISA","sag":"IGN"},"bbox":[-55.04385633,-26.86307443,-55.04385633,-26.86307443]},{"type":"Feature","id":"salud_020801.15371","geometry":{"type":"Point","coordinates":[-55.03497464,-26.81490955]},"geometry_name":"geom","properties":{"gid":15371,"entidad":0,"fna":"Centro de Atención Primaria de la Salud Fátima","gna":"Centro de Atención Primaria de la Salud","nam":"Fátima","fdc":"IGN/SISA","sag":"IGN"},"bbox":[-55.03497464,-26.81490955,-55.03497464,-26.81490955]},{"type":"Feature","id":"salud_020801.15372","geometry":{"type":"Point","coordinates":[-54.67456008,-26.55359512]},"geometry_name":"geom","properties":{"gid":15372,"entidad":0,"fna":"Centro de Atención Primaria de la Salud Cuatro Bocas","gna":"Centro de Atención Primaria de la Salud","nam":"Cuatro Bocas","fdc":"IGN/SISA","sag":"IGN"},"bbox":[-54.67456008,-26.55359512,-54.67456008,-26.55359512]},{"type":"Feature","id":"salud_020801.15373","geometry":{"type":"Point","coordinates":[-55.05572841,-27.34851247]},"geometry_name":"geom","properties":{"gid":15373,"entidad":0,"fna":"Centro de Atención Primaria de la Salud Kilómetro 28","gna":"Centro de Atención Primaria de la Salud","nam":"Kilómetro 28","fdc":"IGN/SISA","sag":"IGN"},"bbox":[-55.05572841,-27.34851247,-55.05572841,-27.34851247]},{"type":"Feature","id":"salud_020801.15374","geometry":{"type":"Point","coordinates":[-55.11558078,-27.30156298]},"geometry_name":"geom","properties":{"gid":15374,"entidad":0,"fna":"Centro de Atención Primaria de la Salud Colonia U. Martín","gna":"Centro de Atención Primaria de la Salud","nam":"Colonia U. Martín","fdc":"IGN/SISA","sag":"IGN"},"bbox":[-55.11558078,-27.30156298,-55.11558078,-27.30156298]},{"type":"Feature","id":"salud_020801.15375","geometry":{"type":"Point","coordinates":[-55.25727965,-27.27365863]},"geometry_name":"geom","properties":{"gid":15375,"entidad":0,"fna":"Centro de Atención Primaria de la Salud Tacuara","gna":"Centro de Atención Primaria de la Salud","nam":"Tacuara","fdc":"IGN/SISA","sag":"IGN"},"bbox":[-55.25727965,-27.27365863,-55.25727965,-27.27365863]},{"type":"Feature","id":"salud_020801.15376","geometry":{"type":"Point","coordinates":[-55.21293205,-27.26468602]},"geometry_name":"geom","properties":{"gid":15376,"entidad":0,"fna":"Centro de Atención Primaria de la Salud El Bonito","gna":"Centro de Atención Primaria de la Salud","nam":"El Bonito","fdc":"IGN/SISA","sag":"IGN"},"bbox":[-55.21293205,-27.26468602,-55.21293205,-27.26468602]},{"type":"Feature","id":"salud_020801.15377","geometry":{"type":"Point","coordinates":[-55.34351011,-27.10886762]},"geometry_name":"geom","properties":{"gid":15377,"entidad":0,"fna":"Centro de Atención Primaria de la Salud Barrio Eva Perón","gna":"Centro de Atención Primaria de la Salud","nam":"Barrio Eva Perón","fdc":"IGN/SISA","sag":"IGN"},"bbox":[-55.34351011,-27.10886762,-55.34351011,-27.10886762]},{"type":"Feature","id":"salud_020801.15378","geometry":{"type":"Point","coordinates":[-55.36117391,-27.01951188]},"geometry_name":"geom","properties":{"gid":15378,"entidad":0,"fna":"Centro de Atención Primaria de la Salud Colonia Gisela","gna":"Centro de Atención Primaria de la Salud","nam":"Colonia Gisela","fdc":"IGN/SISA","sag":"IGN"},"bbox":[-55.36117391,-27.01951188,-55.36117391,-27.01951188]},{"type":"Feature","id":"salud_020801.15379","geometry":{"type":"Point","coordinates":[-55.22686427,-27.04236081]},"geometry_name":"geom","properties":{"gid":15379,"entidad":0,"fna":"Centro de Atención Primaria de la Salud Nueva Suiza","gna":"Centro de Atención Primaria de la Salud","nam":"Nueva Suiza","fdc":"IGN/SISA","sag":"IGN"},"bbox":[-55.22686427,-27.04236081,-55.22686427,-27.04236081]},{"type":"Feature","id":"salud_020801.15380","geometry":{"type":"Point","coordinates":[-55.21304088,-27.75765872]},"geometry_name":"geom","properties":{"gid":15380,"entidad":0,"fna":"Centro de Atención Primaria de la Salud Rincón del Guerrero","gna":"Centro de Atención Primaria de la Salud","nam":"Rincón del Guerrero","fdc":"IGN/SISA","sag":"IGN"},"bbox":[-55.21304088,-27.75765872,-55.21304088,-27.75765872]},{"type":"Feature","id":"salud_020801.15381","geometry":{"type":"Point","coordinates":[-55.19303186,-27.79457906]},"geometry_name":"geom","properties":{"gid":15381,"entidad":0,"fna":"Centro de Atención Primaria de la Salud Los Galpones","gna":"Centro de Atención Primaria de la Salud","nam":"Los Galpones","fdc":"IGN/SISA","sag":"IGN"},"bbox":[-55.19303186,-27.79457906,-55.19303186,-27.79457906]},{"type":"Feature","id":"salud_020801.15382","geometry":{"type":"Point","coordinates":[-54.13751681,-26.48235386]},"geometry_name":"geom","properties":{"gid":15382,"entidad":0,"fna":"Centro de Atención Primaria de la Salud Aldea Alecrín","gna":"Centro de Atención Primaria de la Salud","nam":"Aldea Alecrín","fdc":"IGN/SISA","sag":"IGN"},"bbox":[-54.13751681,-26.48235386,-54.13751681,-26.48235386]},{"type":"Feature","id":"salud_020801.15383","geometry":{"type":"Point","coordinates":[-53.83971959,-26.42512744]},"geometry_name":"geom","properties":{"gid":15383,"entidad":0,"fna":"Centro de Atención Primaria de la Salud Piñalito Sur","gna":"Centro de Atención Primaria de la Salud","nam":"Piñalito Sur","fdc":"IGN/SISA","sag":"IGN"},"bbox":[-53.83971959,-26.42512744,-53.83971959,-26.42512744]},{"type":"Feature","id":"salud_020801.15384","geometry":{"type":"Point","coordinates":[-53.87120766,-26.3328445]},"geometry_name":"geom","properties":{"gid":15384,"entidad":0,"fna":"Centro de Atención Primaria de la Salud Forestal San Antonio","gna":"Centro de Atención Primaria de la Salud","nam":"Forestal San Antonio","fdc":"IGN/SISA","sag":"IGN"},"bbox":[-53.87120766,-26.3328445,-53.87120766,-26.3328445]},{"type":"Feature","id":"salud_020801.15385","geometry":{"type":"Point","coordinates":[-54.76656435,-26.56851835]},"geometry_name":"geom","properties":{"gid":15385,"entidad":0,"fna":"Hospital Doctor Oscar Eugenio Darú","gna":"Hospital","nam":"Doctor Oscar Eugenio Darú","fdc":"IGN/OSM/SISA","sag":"IGN"},"bbox":[-54.76656435,-26.56851835,-54.76656435,-26.56851835]},{"type":"Feature","id":"salud_020801.15502","geometry":{"type":"Point","coordinates":[-61.5241772,-28.22616949]},"geometry_name":"geom","properties":{"gid":15502,"entidad":0,"fna":"Centro de Salud El Nochero","gna":"Centro de Salud","nam":"El Nochero","fdc":"IGN/SISA","sag":"IGN"},"bbox":[-61.5241772,-28.22616949,-61.5241772,-28.22616949]},{"type":"Feature","id":"salud_020801.15503","geometry":{"type":"Point","coordinates":[-61.18015539,-33.3743389]},"geometry_name":"geom","properties":{"gid":15503,"entidad":0,"fna":"Servicio para la Atención Médica de la Comunidad Bigand","gna":"Servicio para la Atención Médica de la Comunidad","nam":"Bigand","fdc":"IGN/SISA","sag":"IGN"},"bbox":[-61.18015539,-33.3743389,-61.18015539,-33.3743389]},{"type":"Feature","id":"salud_020801.15504","geometry":{"type":"Point","coordinates":[-61.74381858,-30.9814963]},"geometry_name":"geom","properties":{"gid":15504,"entidad":0,"fna":"Centro de Salud Colonia Aldao","gna":"Centro de Salud","nam":"Colonia Aldao","fdc":"IGN/SISA","sag":"IGN"},"bbox":[-61.74381858,-30.9814963,-61.74381858,-30.9814963]},{"type":"Feature","id":"salud_020801.15505","geometry":{"type":"Point","coordinates":[-62.05782297,-31.41785465]},"geometry_name":"geom","properties":{"gid":15505,"entidad":0,"fna":"Centro de Salud Barrio Acapulco y Veracruz","gna":"Centro de Salud","nam":"Barrio Acapulco y Veracruz","fdc":"IGN/SISA","sag":"IGN"},"bbox":[-62.05782297,-31.41785465,-62.05782297,-31.41785465]},{"type":"Feature","id":"salud_020801.15506","geometry":{"type":"Point","coordinates":[-62.24575468,-33.72039711]},"geometry_name":"geom","properties":{"gid":15506,"entidad":0,"fna":"Servicio para la Atención Médica de la Comunidad Maggiolo","gna":"Servicio para la Atención Médica de la Comunidad","nam":"Maggiolo","fdc":"IGN/SISA","sag":"IGN"},"bbox":[-62.24575468,-33.72039711,-62.24575468,-33.72039711]},{"type":"Feature","id":"salud_020801.15507","geometry":{"type":"Point","coordinates":[-61.21295121,-33.79416686]},"geometry_name":"geom","properties":{"gid":15507,"entidad":0,"fna":"Servicio para la Atención Médica de la Comunidad Wheelwright","gna":"Servicio para la Atención Médica de la Comunidad","nam":"Wheelwright","fdc":"IGN/SISA","sag":"IGN"},"bbox":[-61.21295121,-33.79416686,-61.21295121,-33.79416686]},{"type":"Feature","id":"salud_020801.15508","geometry":{"type":"Point","coordinates":[-59.65585698,-28.92507127]},"geometry_name":"geom","properties":{"gid":15508,"entidad":0,"fna":"Centro de Salud Flor de Oro","gna":"Centro de Salud","nam":"Flor de Oro","fdc":"IGN/SISA","sag":"IGN"},"bbox":[-59.65585698,-28.92507127,-59.65585698,-28.92507127]},{"type":"Feature","id":"salud_020801.15509","geometry":{"type":"Point","coordinates":[-60.70094325,-31.66340959]},"geometry_name":"geom","properties":{"gid":15509,"entidad":0,"fna":"Centro de Salud La Boca","gna":"Centro de Salud","nam":"La Boca","fdc":"IGN/SISA","sag":"IGN"},"bbox":[-60.70094325,-31.66340959,-60.70094325,-31.66340959]},{"type":"Feature","id":"salud_020801.15510","geometry":{"type":"Point","coordinates":[-60.72749621,-31.64445378]},"geometry_name":"geom","properties":{"gid":15510,"entidad":0,"fna":"Hospital de Niños Doctor Orlando Alassia","gna":"Hospital de Niños","nam":"Doctor Orlando Alassia","fdc":"IGN/SISA","sag":"IGN"},"bbox":[-60.72749621,-31.64445378,-60.72749621,-31.64445378]},{"type":"Feature","id":"salud_020801.15511","geometry":{"type":"Point","coordinates":[-60.72699072,-31.58212655]},"geometry_name":"geom","properties":{"gid":15511,"entidad":0,"fna":"Hospital General Polivalente Doctor Mira y López","gna":"Hospital General Polivalentetor","nam":"Doctor Mira y López","fdc":"IGN/SISA","sag":"IGN"},"bbox":[-60.72699072,-31.58212655,-60.72699072,-31.58212655]},{"type":"Feature","id":"salud_020801.15512","geometry":{"type":"Point","coordinates":[-60.7046596,-31.56642378]},"geometry_name":"geom","properties":{"gid":15512,"entidad":0,"fna":"Centro de Salud Altos de Noguera","gna":"Centro de Salud","nam":"Altos de Noguera","fdc":"IGN/SISA","sag":"IGN"},"bbox":[-60.7046596,-31.56642378,-60.7046596,-31.56642378]},{"type":"Feature","id":"salud_020801.15513","geometry":{"type":"Point","coordinates":[-60.80580319,-33.13197922]},"geometry_name":"geom","properties":{"gid":15513,"entidad":0,"fna":"Servicio para la Atención Médica de la Comunidad Álvarez","gna":"Servicio para la Atención Médica de la Comunidad","nam":"Álvarez","fdc":"IGN/SISA","sag":"IGN"},"bbox":[-60.80580319,-33.13197922,-60.80580319,-33.13197922]},{"type":"Feature","id":"salud_020801.15514","geometry":{"type":"Point","coordinates":[-60.71015344,-33.12528589]},"geometry_name":"geom","properties":{"gid":15514,"entidad":0,"fna":"Centro de Salud Los Pinos","gna":"Centro de Salud","nam":"Los Pinos","fdc":"IGN/SISA","sag":"IGN"},"bbox":[-60.71015344,-33.12528589,-60.71015344,-33.12528589]},{"type":"Feature","id":"salud_020801.15515","geometry":{"type":"Point","coordinates":[-60.61264471,-33.01756992]},"geometry_name":"geom","properties":{"gid":15515,"entidad":0,"fna":"Centro de Salud Barrio Talleres","gna":"Centro de Salud","nam":"Barrio Talleres","fdc":"IGN/SISA","sag":"IGN"},"bbox":[-60.61264471,-33.01756992,-60.61264471,-33.01756992]},{"type":"Feature","id":"salud_020801.15516","geometry":{"type":"Point","coordinates":[-60.62961952,-32.99240632]},"geometry_name":"geom","properties":{"gid":15516,"entidad":0,"fna":"Centro de Salud Rubén Naranjo","gna":"Centro de Salud","nam":"Rubén Naranjo","fdc":"IGN/SISA","sag":"IGN"},"bbox":[-60.62961952,-32.99240632,-60.62961952,-32.99240632]},{"type":"Feature","id":"salud_020801.15517","geometry":{"type":"Point","coordinates":[-60.7458239,-32.93664255]},"geometry_name":"geom","properties":{"gid":15517,"entidad":0,"fna":"Centro de Salud Juntos Podemos","gna":"Centro de Salud","nam":"Juntos Podemos","fdc":"IGN/SISA","sag":"IGN"},"bbox":[-60.7458239,-32.93664255,-60.7458239,-32.93664255]},{"type":"Feature","id":"salud_020801.15518","geometry":{"type":"Point","coordinates":[-60.66214485,-32.93865056]},"geometry_name":"geom","properties":{"gid":15518,"entidad":0,"fna":"Centro de Salud 7 de Abril","gna":"Centro de Salud","nam":"7 de Abril","fdc":"IGN/SISA","sag":"IGN"},"bbox":[-60.66214485,-32.93865056,-60.66214485,-32.93865056]},{"type":"Feature","id":"salud_020801.15519","geometry":{"type":"Point","coordinates":[-60.69914366,-32.92126449]},"geometry_name":"geom","properties":{"gid":15519,"entidad":0,"fna":"Centro de Salud Nº 17 Cáritas Guadalupe","gna":"Centro de Salud","nam":"Nº 17 Cáritas Guadalupe","fdc":"IGN/SISA","sag":"IGN"},"bbox":[-60.69914366,-32.92126449,-60.69914366,-32.92126449]},{"type":"Feature","id":"salud_020801.15520","geometry":{"type":"Point","coordinates":[-60.68228862,-32.91227504]},"geometry_name":"geom","properties":{"gid":15520,"entidad":0,"fna":"Hospital de Niños Zona Norte","gna":"Hospital de Niños","nam":"Zona Norte","fdc":"IGN/OSM/SISA","sag":"IGN"},"bbox":[-60.68228862,-32.91227504,-60.68228862,-32.91227504]},{"type":"Feature","id":"salud_020801.15521","geometry":{"type":"Point","coordinates":[-60.74765751,-30.54056783]},"geometry_name":"geom","properties":{"gid":15521,"entidad":0,"fna":"Centro de Salud Villa Saralegui","gna":"Centro de Salud","nam":"Villa Saralegui","fdc":"IGN/SISA","sag":"IGN"},"bbox":[-60.74765751,-30.54056783,-60.74765751,-30.54056783]},{"type":"Feature","id":"salud_020801.15522","geometry":{"type":"Point","coordinates":[-61.02777761,-32.87993751]},"geometry_name":"geom","properties":{"gid":15522,"entidad":0,"fna":"Centro de Salud San Jerónimo Sud","gna":"Centro de Salud","nam":"San Jerónimo Sud","fdc":"IGN/SISA","sag":"IGN"},"bbox":[-61.02777761,-32.87993751,-61.02777761,-32.87993751]},{"type":"Feature","id":"salud_020801.15523","geometry":{"type":"Point","coordinates":[-60.73038125,-32.71821446]},"geometry_name":"geom","properties":{"gid":15523,"entidad":0,"fna":"Servicio de Atención Médica de la Comunidad Puerto San Martín","gna":"Servicio de Atención Médica de la Comunidad","nam":"Puerto San Martín","fdc":"IGN/SISA","sag":"IGN"},"bbox":[-60.73038125,-32.71821446,-60.73038125,-32.71821446]},{"type":"Feature","id":"salud_020801.15524","geometry":{"type":"Point","coordinates":[-60.75458701,-32.74818071]},"geometry_name":"geom","properties":{"gid":15524,"entidad":0,"fna":"Centro de Salud Bartolomé Mitre","gna":"Centro de Salud","nam":"Bartolomé Mitre","fdc":"IGN/SISA","sag":"IGN"},"bbox":[-60.75458701,-32.74818071,-60.75458701,-32.74818071]},{"type":"Feature","id":"salud_020801.15525","geometry":{"type":"Point","coordinates":[-60.72699662,-32.75635337]},"geometry_name":"geom","properties":{"gid":15525,"entidad":0,"fna":"Centro de Salud 1 de Julio","gna":"Centro de Salud","nam":"1 de Julio","fdc":"IGN/SISA","sag":"IGN"},"bbox":[-60.72699662,-32.75635337,-60.72699662,-32.75635337]},{"type":"Feature","id":"salud_020801.15526","geometry":{"type":"Point","coordinates":[-60.73123185,-32.77578707]},"geometry_name":"geom","properties":{"gid":15526,"entidad":0,"fna":"Centro de Salud Luis F. Leloir","gna":"Centro de Salud","nam":"Luis F. Leloir","fdc":"IGN/SISA","sag":"IGN"},"bbox":[-60.73123185,-32.77578707,-60.73123185,-32.77578707]},{"type":"Feature","id":"salud_020801.15715","geometry":{"type":"Point","coordinates":[-58.28281686,-28.31721505]},"geometry_name":"geom","properties":{"gid":15715,"entidad":0,"fna":"Centro de Salud Barrio 16 de Julio","gna":"Centro de Salud","nam":"Barrio 16 de Julio","fdc":"IGN/SISA","sag":"IGN"},"bbox":[-58.28281686,-28.31721505,-58.28281686,-28.31721505]},{"type":"Feature","id":"salud_020801.15723","geometry":{"type":"Point","coordinates":[-61.16241409,-23.67160326]},"geometry_name":"geom","properties":{"gid":15723,"entidad":0,"fna":"Centro de Salud Guadalcazar","gna":"Centro de Salud","nam":"Guadalcazar","fdc":"IGN/SISA","sag":"IGN"},"bbox":[-61.16241409,-23.67160326,-61.16241409,-23.67160326]},{"type":"Feature","id":"salud_020801.15724","geometry":{"type":"Point","coordinates":[-58.22743594,-26.11603874]},"geometry_name":"geom","properties":{"gid":15724,"entidad":0,"fna":"Centro de Salud Namquomp","gna":"Centro de Salud","nam":"Namquomp","fdc":"IGN/SISA","sag":"IGN"},"bbox":[-58.22743594,-26.11603874,-58.22743594,-26.11603874]},{"type":"Feature","id":"salud_020801.15725","geometry":{"type":"Point","coordinates":[-58.15949246,-26.12803636]},"geometry_name":"geom","properties":{"gid":15725,"entidad":0,"fna":"Centro de Salud 8 de Octubre","gna":"Centro de Salud","nam":"8 de Octubre","fdc":"IGN/SISA","sag":"IGN"},"bbox":[-58.15949246,-26.12803636,-58.15949246,-26.12803636]},{"type":"Feature","id":"salud_020801.15728","geometry":{"type":"Point","coordinates":[-60.20623169,-32.02799215]},"geometry_name":"geom","properties":{"gid":15728,"entidad":0,"fna":"Centro de Salud Teniente Ibáñez","gna":"Centro de Salud","nam":"Teniente Ibáñez","fdc":"IGN/SISA","sag":"IGN"},"bbox":[-60.20623169,-32.02799215,-60.20623169,-32.02799215]},{"type":"Feature","id":"salud_020801.15729","geometry":{"type":"Point","coordinates":[-60.00594457,-31.61099369]},"geometry_name":"geom","properties":{"gid":15729,"entidad":0,"fna":"Centro de Salud Arturo Oñativia","gna":"Centro de Salud","nam":"Arturo Oñativia","fdc":"IGN/SISA","sag":"IGN"},"bbox":[-60.00594457,-31.61099369,-60.00594457,-31.61099369]},{"type":"Feature","id":"salud_020801.15730","geometry":{"type":"Point","coordinates":[-60.41247886,-31.76381482]},"geometry_name":"geom","properties":{"gid":15730,"entidad":0,"fna":"Centro de Salud Néstor Kirchner","gna":"Centro de Salud","nam":"Néstor Kirchner","fdc":"IGN/SISA","sag":"IGN"},"bbox":[-60.41247886,-31.76381482,-60.41247886,-31.76381482]},{"type":"Feature","id":"salud_020801.15731","geometry":{"type":"Point","coordinates":[-60.51954845,-31.76854436]},"geometry_name":"geom","properties":{"gid":15731,"entidad":0,"fna":"Centro de Salud Santa Lucía","gna":"Centro de Salud","nam":"Santa Lucía","fdc":"IGN/SISA","sag":"IGN"},"bbox":[-60.51954845,-31.76854436,-60.51954845,-31.76854436]},{"type":"Feature","id":"salud_020801.15732","geometry":{"type":"Point","coordinates":[-60.49311713,-31.71092855]},"geometry_name":"geom","properties":{"gid":15732,"entidad":0,"fna":"Centro de Salud Nueva Toma","gna":"Centro de Salud","nam":"Nueva Toma","fdc":"IGN/SISA","sag":"IGN"},"bbox":[-60.49311713,-31.71092855,-60.49311713,-31.71092855]},{"type":"Feature","id":"salud_020801.15733","geometry":{"type":"Point","coordinates":[-58.10904694,-31.2685349]},"geometry_name":"geom","properties":{"gid":15733,"entidad":0,"fna":"Centro de Salud San Miguel","gna":"Centro de Salud","nam":"San Miguel","fdc":"IGN/SISA","sag":"IGN"},"bbox":[-58.10904694,-31.2685349,-58.10904694,-31.2685349]},{"type":"Feature","id":"salud_020801.15734","geometry":{"type":"Point","coordinates":[-60.63970205,-32.05861449]},"geometry_name":"geom","properties":{"gid":15734,"entidad":0,"fna":"Hospital Colonia de Salud Mental","gna":"Hospital","nam":"Colonia de Salud Mental","fdc":"IGN/SISA","sag":"IGN"},"bbox":[-60.63970205,-32.05861449,-60.63970205,-32.05861449]},{"type":"Feature","id":"salud_020801.15735","geometry":{"type":"Point","coordinates":[-58.67201048,-31.26233051]},"geometry_name":"geom","properties":{"gid":15735,"entidad":0,"fna":"Centro de Salud Francisco Ramírez","gna":"Centro de Salud","nam":"Francisco Ramírez","fdc":"IGN/SISA","sag":"IGN"},"bbox":[-58.67201048,-31.26233051,-58.67201048,-31.26233051]},{"type":"Feature","id":"salud_020801.15736","geometry":{"type":"Point","coordinates":[-59.41388452,-32.98110985]},"geometry_name":"geom","properties":{"gid":15736,"entidad":0,"fna":"Centro de Salud Mario Casa Grande","gna":"Centro de Salud","nam":"Mario Casa Grande","fdc":"IGN/SISA","sag":"IGN"},"bbox":[-59.41388452,-32.98110985,-59.41388452,-32.98110985]},{"type":"Feature","id":"salud_020801.15737","geometry":{"type":"Point","coordinates":[-59.73364137,-31.18221955]},"geometry_name":"geom","properties":{"gid":15737,"entidad":0,"fna":"Centro de Salud Doctor Guillermo Brodsky","gna":"Centro de Salud","nam":"Doctor Guillermo Brodsky","fdc":"IGN/SISA","sag":"IGN"},"bbox":[-59.73364137,-31.18221955,-59.73364137,-31.18221955]},{"type":"Feature","id":"salud_020801.15738","geometry":{"type":"Point","coordinates":[-59.51358501,-30.35285614]},"geometry_name":"geom","properties":{"gid":15738,"entidad":0,"fna":"Centro de Salud Doctor Augusto Ramos","gna":"Centro de Salud","nam":"Doctor Augusto Ramos","fdc":"IGN/SISA","sag":"IGN"},"bbox":[-59.51358501,-30.35285614,-59.51358501,-30.35285614]},{"type":"Feature","id":"salud_020801.15765","geometry":{"type":"Point","coordinates":[-61.48434235,-31.23969129]},"geometry_name":"geom","properties":{"gid":15765,"entidad":0,"fna":"Servicio para la Atención Médica de la Comunidad Doctor Jaime Ferré","gna":"Servicio para la Atención Médica de la Comunidad","nam":"Doctor Jaime Ferré","fdc":"IGN/SISA","sag":"IGN"},"bbox":[-61.48434235,-31.23969129,-61.48434235,-31.23969129]},{"type":"Feature","id":"salud_020801.15766","geometry":{"type":"Point","coordinates":[-60.93653169,-31.44223201]},"geometry_name":"geom","properties":{"gid":15766,"entidad":0,"fna":"Servicio para la Atención Médica de la Comunidad Doctor Daniel Alonso Criado","gna":"Servicio para la Atención Médica de la Comunidad","nam":"Doctor Daniel Alonso Criado","fdc":"IGN/SISA","sag":"IGN"},"bbox":[-60.93653169,-31.44223201,-60.93653169,-31.44223201]},{"type":"Feature","id":"salud_020801.15767","geometry":{"type":"Point","coordinates":[-61.09018166,-31.74582029]},"geometry_name":"geom","properties":{"gid":15767,"entidad":0,"fna":"Hospital Pedro Suchón","gna":"Hospital","nam":"Pedro Suchón","fdc":"IGN/OSM/SISA","sag":"IGN"},"bbox":[-61.09018166,-31.74582029,-61.09018166,-31.74582029]},{"type":"Feature","id":"salud_020801.15768","geometry":{"type":"Point","coordinates":[-61.59637039,-32.049627]},"geometry_name":"geom","properties":{"gid":15768,"entidad":0,"fna":"Servicio para la Atención Médica de la Comunidad Doctor Ramón Carrillo","gna":"Servicio para la Atención Médica de la Comunidad","nam":"Doctor Ramón Carrillo","fdc":"IGN/SISA","sag":"IGN"},"bbox":[-61.59637039,-32.049627,-61.59637039,-32.049627]},{"type":"Feature","id":"salud_020801.15769","geometry":{"type":"Point","coordinates":[-61.62634675,-28.62097112]},"geometry_name":"geom","properties":{"gid":15769,"entidad":0,"fna":"Servicio para la Atención Médica de la Comunidad Villa Minetti","gna":"Servicio para la Atención Médica de la Comunidad","nam":"Villa Minetti","fdc":"IGN/SISA","sag":"IGN"},"bbox":[-61.62634675,-28.62097112,-61.62634675,-28.62097112]},{"type":"Feature","id":"salud_020801.15770","geometry":{"type":"Point","coordinates":[-61.82671277,-31.33481775]},"geometry_name":"geom","properties":{"gid":15770,"entidad":0,"fna":"Servicio para la Atención Médica de la Comunidad Santa Clara de Saguier","gna":"Servicio para la Atención Médica de la Comunidad","nam":"Santa Clara de Saguier","fdc":"IGN/SISA","sag":"IGN"},"bbox":[-61.82671277,-31.33481775,-61.82671277,-31.33481775]},{"type":"Feature","id":"salud_020801.15771","geometry":{"type":"Point","coordinates":[-60.09105961,-31.09986836]},"geometry_name":"geom","properties":{"gid":15771,"entidad":0,"fna":"Servicio para la Atención Médica de la Comunidad Helvecia","gna":"Servicio para la Atención Médica de la Comunidad","nam":"Helvecia","fdc":"IGN/SISA","sag":"IGN"},"bbox":[-60.09105961,-31.09986836,-60.09105961,-31.09986836]},{"type":"Feature","id":"salud_020801.15772","geometry":{"type":"Point","coordinates":[-59.64115257,-28.84138903]},"geometry_name":"geom","properties":{"gid":15772,"entidad":0,"fna":"Servicio para la Atención Médica de la Comunidad Lanteri","gna":"Servicio para la Atención Médica de la Comunidad","nam":"Lanteri","fdc":"IGN/SISA","sag":"IGN"},"bbox":[-59.64115257,-28.84138903,-59.64115257,-28.84138903]},{"type":"Feature","id":"salud_020801.15773","geometry":{"type":"Point","coordinates":[-59.61261723,-28.49745771]},"geometry_name":"geom","properties":{"gid":15773,"entidad":0,"fna":"Servicio para la Atención Médica de la Comunidad Doctor Bartolomé B. Palma","gna":"Servicio para la Atención Médica de la Comunidad","nam":"Doctor Bartolomé B. Palma","fdc":"IGN/SISA","sag":"IGN"},"bbox":[-59.61261723,-28.49745771,-59.61261723,-28.49745771]},{"type":"Feature","id":"salud_020801.15774","geometry":{"type":"Point","coordinates":[-61.39508449,-32.83034635]},"geometry_name":"geom","properties":{"gid":15774,"entidad":0,"fna":"Hospital San José","gna":"Hospital","nam":"San José","fdc":"IGN/OSM/SISA","sag":"IGN"},"bbox":[-61.39508449,-32.83034635,-61.39508449,-32.83034635]},{"type":"Feature","id":"salud_020801.15775","geometry":{"type":"Point","coordinates":[-60.70512091,-32.85636103]},"geometry_name":"geom","properties":{"gid":15775,"entidad":0,"fna":"Hospital Eva Perón","gna":"Hospital","nam":"Eva Perón","fdc":"IGN/OSM/SISA","sag":"IGN"},"bbox":[-60.70512091,-32.85636103,-60.70512091,-32.85636103]},{"type":"Feature","id":"salud_020801.15776","geometry":{"type":"Point","coordinates":[-60.69054154,-32.89483901]},"geometry_name":"geom","properties":{"gid":15776,"entidad":0,"fna":"Hospital Doctor Juan Bautista Alberdi","gna":"Hospital","nam":"Doctor Juan Bautista Alberdi","fdc":"IGN/OSM/SISA","sag":"IGN"},"bbox":[-60.69054154,-32.89483901,-60.69054154,-32.89483901]},{"type":"Feature","id":"salud_020801.15777","geometry":{"type":"Point","coordinates":[-61.22686548,-32.01832117]},"geometry_name":"geom","properties":{"gid":15777,"entidad":0,"fna":"Hospital Doctor Alfredo Baetti","gna":"Hospital","nam":"Doctor Alfredo Baetti","fdc":"IGN/OSM/SISA/Street View","sag":"IGN"},"bbox":[-61.22686548,-32.01832117,-61.22686548,-32.01832117]},{"type":"Feature","id":"salud_020801.15778","geometry":{"type":"Point","coordinates":[-60.40022756,-30.36201568]},"geometry_name":"geom","properties":{"gid":15778,"entidad":0,"fna":"Servicio para la Atención Médica de la Comunidad Gobernador Crespo","gna":"Servicio para la Atención Médica de la Comunidad","nam":"Gobernador Crespo","fdc":"IGN/SISA","sag":"IGN"},"bbox":[-60.40022756,-30.36201568,-60.40022756,-30.36201568]},{"type":"Feature","id":"salud_020801.15779","geometry":{"type":"Point","coordinates":[-61.56814561,-31.85407576]},"geometry_name":"geom","properties":{"gid":15779,"entidad":0,"fna":"Servicio para la Atención Médica de la Comunidad San Martín de las Escobas","gna":"Servicio para la Atención Médica de la Comunidad","nam":"San Martín de las Escobas","fdc":"IGN/SISA","sag":"IGN"},"bbox":[-61.56814561,-31.85407576,-61.56814561,-31.85407576]},{"type":"Feature","id":"salud_020801.15780","geometry":{"type":"Point","coordinates":[-61.97697666,-32.14424972]},"geometry_name":"geom","properties":{"gid":15780,"entidad":0,"fna":"Servicio para la Atención Médica de la Comunidad Piamonte","gna":"Servicio para la Atención Médica de la Comunidad","nam":"Piamonte","fdc":"IGN/SISA","sag":"IGN"},"bbox":[-61.97697666,-32.14424972,-61.97697666,-32.14424972]},{"type":"Feature","id":"salud_020801.15781","geometry":{"type":"Point","coordinates":[-61.85524382,-31.89263744]},"geometry_name":"geom","properties":{"gid":15781,"entidad":0,"fna":"Servicio para la Atención Médica de la Comunidad San Jorge","gna":"Servicio para la Atención Médica de la Comunidad","nam":"San Jorge","fdc":"IGN/SISA","sag":"IGN"},"bbox":[-61.85524382,-31.89263744,-61.85524382,-31.89263744]},{"type":"Feature","id":"salud_020801.15782","geometry":{"type":"Point","coordinates":[-60.28037654,-29.88618906]},"geometry_name":"geom","properties":{"gid":15782,"entidad":0,"fna":"Hospital Ricardo Aldao","gna":"Hospital","nam":"Ricardo Aldao","fdc":"IGN/SISA/Street View","sag":"IGN"},"bbox":[-60.28037654,-29.88618906,-60.28037654,-29.88618906]},{"type":"Feature","id":"salud_020801.15783","geometry":{"type":"Point","coordinates":[-60.72928335,-32.79427185]},"geometry_name":"geom","properties":{"gid":15783,"entidad":0,"fna":"Centro de Salud Fray Luis Beltrán","gna":"Centro de Salud","nam":"Fray Luis Beltrán","fdc":"IGN/SISA","sag":"IGN"},"bbox":[-60.72928335,-32.79427185,-60.72928335,-32.79427185]},{"type":"Feature","id":"salud_020801.15784","geometry":{"type":"Point","coordinates":[-60.16375434,-31.20155296]},"geometry_name":"geom","properties":{"gid":15784,"entidad":0,"fna":"Servicio para la Atención Médica de la Comunidad Cayastá","gna":"Servicio para la Atención Médica de la Comunidad","nam":"Cayastá","fdc":"IGN/SISA","sag":"IGN"},"bbox":[-60.16375434,-31.20155296,-60.16375434,-31.20155296]},{"type":"Feature","id":"salud_020801.15785","geometry":{"type":"Point","coordinates":[-59.82633805,-29.9107182]},"geometry_name":"geom","properties":{"gid":15785,"entidad":0,"fna":"Servicio para la Atención Médica de la Comunidad Alejandra","gna":"Servicio para la Atención Médica de la Comunidad","nam":"Alejandra","fdc":"IGN/SISA","sag":"IGN"},"bbox":[-59.82633805,-29.9107182,-59.82633805,-29.9107182]},{"type":"Feature","id":"salud_020801.15786","geometry":{"type":"Point","coordinates":[-60.0712811,-28.67450452]},"geometry_name":"geom","properties":{"gid":15786,"entidad":0,"fna":"Servicio para la Atención Médica de la Comunidad Intiyaco","gna":"Servicio para la Atención Médica de la Comunidad","nam":"Intiyaco","fdc":"IGN/OSM/SISA","sag":"IGN"},"bbox":[-60.0712811,-28.67450452,-60.0712811,-28.67450452]},{"type":"Feature","id":"salud_020801.15787","geometry":{"type":"Point","coordinates":[-60.5063072,-33.49601808]},"geometry_name":"geom","properties":{"gid":15787,"entidad":0,"fna":"Servicio para la Atención Médica de la Comunidad Juan B. Molina","gna":"Servicio para la Atención Médica de la Comunidad","nam":"Juan B. Molina","fdc":"IGN/SISA","sag":"IGN"},"bbox":[-60.5063072,-33.49601808,-60.5063072,-33.49601808]},{"type":"Feature","id":"salud_020801.15788","geometry":{"type":"Point","coordinates":[-60.95073463,-33.48089083]},"geometry_name":"geom","properties":{"gid":15788,"entidad":0,"fna":"Servicio para la Atención Médica de la Comunidad Máximo Paz","gna":"Servicio para la Atención Médica de la Comunidad","nam":"Máximo Paz","fdc":"IGN/SISA","sag":"IGN"},"bbox":[-60.95073463,-33.48089083,-60.95073463,-33.48089083]},{"type":"Feature","id":"salud_020801.15789","geometry":{"type":"Point","coordinates":[-62.71560076,-34.2741067]},"geometry_name":"geom","properties":{"gid":15789,"entidad":0,"fna":"Servicio para la Atención Médica de la Comunidad Rufino","gna":"Servicio para la Atención Médica de la Comunidad","nam":"Rufino","fdc":"IGN/SISA","sag":"IGN"},"bbox":[-62.71560076,-34.2741067,-62.71560076,-34.2741067]},{"type":"Feature","id":"salud_020801.15790","geometry":{"type":"Point","coordinates":[-62.04127189,-33.32197665]},"geometry_name":"geom","properties":{"gid":15790,"entidad":0,"fna":"Servicio para la Atención Médica de la Comunidad Chañar Ladeado","gna":"Servicio para la Atención Médica de la Comunidad","nam":"Chañar Ladeado","fdc":"IGN/SISA","sag":"IGN"},"bbox":[-62.04127189,-33.32197665,-62.04127189,-33.32197665]},{"type":"Feature","id":"salud_020801.15791","geometry":{"type":"Point","coordinates":[-61.71416937,-33.37778231]},"geometry_name":"geom","properties":{"gid":15791,"entidad":0,"fna":"Servicio para la Atención Médica de la Comunidad Los Quirquinchos","gna":"Servicio para la Atención Médica de la Comunidad","nam":"Los Quirquinchos","fdc":"IGN/SISA","sag":"IGN"},"bbox":[-61.71416937,-33.37778231,-61.71416937,-33.37778231]},{"type":"Feature","id":"salud_020801.15792","geometry":{"type":"Point","coordinates":[-58.01765569,-31.36474602]},"geometry_name":"geom","properties":{"gid":15792,"entidad":0,"fna":"Hospital Delicia Concepción Masvernat","gna":"Hospital","nam":"Delicia Concepción Masvernat","fdc":"IGN/SISA","sag":"IGN"},"bbox":[-58.01765569,-31.36474602,-58.01765569,-31.36474602]},{"type":"Feature","id":"salud_020801.15793","geometry":{"type":"Point","coordinates":[-60.56686076,-31.70716525]},"geometry_name":"geom","properties":{"gid":15793,"entidad":0,"fna":"Hospital Doctor Edgardo Domagk","gna":"Hospital","nam":"Doctor Edgardo Domagk","fdc":"IGN/SISA","sag":"IGN"},"bbox":[-60.56686076,-31.70716525,-60.56686076,-31.70716525]},{"type":"Feature","id":"salud_020801.15794","geometry":{"type":"Point","coordinates":[-60.12426636,-31.95481637]},"geometry_name":"geom","properties":{"gid":15794,"entidad":0,"fna":"Hospital Doctor Joseph Lister","gna":"Hospital","nam":"Doctor Joseph Lister","fdc":"IGN/SISA","sag":"IGN"},"bbox":[-60.12426636,-31.95481637,-60.12426636,-31.95481637]},{"type":"Feature","id":"salud_020801.15795","geometry":{"type":"Point","coordinates":[-59.91002076,-31.66292496]},"geometry_name":"geom","properties":{"gid":15795,"entidad":0,"fna":"Hospital Doctor Francisco Cataldo","gna":"Hospital","nam":"Doctor Francisco Cataldo","fdc":"IGN/SISA","sag":"IGN"},"bbox":[-59.91002076,-31.66292496,-59.91002076,-31.66292496]},{"type":"Feature","id":"salud_020801.15796","geometry":{"type":"Point","coordinates":[-58.49758648,-31.62749573]},"geometry_name":"geom","properties":{"gid":15796,"entidad":0,"fna":"Hospital San Miguel","gna":"Hospital","nam":"San Miguel","fdc":"IGN/SISA","sag":"IGN"},"bbox":[-58.49758648,-31.62749573,-58.49758648,-31.62749573]},{"type":"Feature","id":"salud_020801.15797","geometry":{"type":"Point","coordinates":[-59.14572497,-32.30954451]},"geometry_name":"geom","properties":{"gid":15797,"entidad":0,"fna":"Hospital San Roque","gna":"Hospital","nam":"San Roque","fdc":"IGN/SISA","sag":"IGN"},"bbox":[-59.14572497,-32.30954451,-59.14572497,-32.30954451]},{"type":"Feature","id":"salud_020801.15798","geometry":{"type":"Point","coordinates":[-58.02079342,-31.40615226]},"geometry_name":"geom","properties":{"gid":15798,"entidad":0,"fna":"Hospital Felipe Las Heras","gna":"Hospital","nam":"Felipe Las Heras","fdc":"IGN/SISA","sag":"IGN"},"bbox":[-58.02079342,-31.40615226,-58.02079342,-31.40615226]},{"type":"Feature","id":"salud_020801.15799","geometry":{"type":"Point","coordinates":[-58.30415059,-30.33625559]},"geometry_name":"geom","properties":{"gid":15799,"entidad":0,"fna":"Hospital San Vicente","gna":"Hospital","nam":"San Vicente","fdc":"IGN/SISA","sag":"IGN"},"bbox":[-58.30415059,-30.33625559,-58.30415059,-30.33625559]},{"type":"Feature","id":"salud_020801.15800","geometry":{"type":"Point","coordinates":[-58.78238548,-30.9470564]},"geometry_name":"geom","properties":{"gid":15800,"entidad":0,"fna":"Hospital Justo José de Urquiza","gna":"Hospital","nam":"Justo José de Urquiza","fdc":"IGN/OSM/SIISA","sag":"IGN"},"bbox":[-58.78238548,-30.9470564,-58.78238548,-30.9470564]},{"type":"Feature","id":"salud_020801.15801","geometry":{"type":"Point","coordinates":[-58.88886659,-32.67053737]},"geometry_name":"geom","properties":{"gid":15801,"entidad":0,"fna":"Hospital Manuel Belgrano","gna":"Hospital","nam":"Manuel Belgrano","fdc":"IGN/OSM/SISA","sag":"IGN"},"bbox":[-58.88886659,-32.67053737,-58.88886659,-32.67053737]},{"type":"Feature","id":"salud_020801.15802","geometry":{"type":"Point","coordinates":[-59.44442161,-31.34573982]},"geometry_name":"geom","properties":{"gid":15802,"entidad":0,"fna":"Hospital San Miguel","gna":"Hospital","nam":"San Miguel","fdc":"IGN/OSM/SISA","sag":"IGN"},"bbox":[-59.44442161,-31.34573982,-59.44442161,-31.34573982]},{"type":"Feature","id":"salud_020801.15803","geometry":{"type":"Point","coordinates":[-59.62854139,-30.7377205]},"geometry_name":"geom","properties":{"gid":15803,"entidad":0,"fna":"Hospital 9 de Julio","gna":"Hospital","nam":"9 de Julio","fdc":"IGN/SISA","sag":"IGN"},"bbox":[-59.62854139,-30.7377205,-59.62854139,-30.7377205]},{"type":"Feature","id":"salud_020801.15804","geometry":{"type":"Point","coordinates":[-60.31909472,-32.03107168]},"geometry_name":"geom","properties":{"gid":15804,"entidad":0,"fna":"Hospital San Francisco de Asís","gna":"Hospital","nam":"San Francisco de Asís","fdc":"IGN/SISA","sag":"IGN"},"bbox":[-60.31909472,-32.03107168,-60.31909472,-32.03107168]},{"type":"Feature","id":"salud_020801.15805","geometry":{"type":"Point","coordinates":[-58.65702259,-28.75236942]},"geometry_name":"geom","properties":{"gid":15805,"entidad":0,"fna":"Hospital Pedro R. Fernández","gna":"Hospital","nam":"Pedro R. Fernández","fdc":"IGN/SISA","sag":"IGN"},"bbox":[-58.65702259,-28.75236942,-58.65702259,-28.75236942]},{"type":"Feature","id":"salud_020801.15806","geometry":{"type":"Point","coordinates":[-57.89445252,-28.39145908]},"geometry_name":"geom","properties":{"gid":15806,"entidad":0,"fna":"Hospital Inmaculada Concepción","gna":"Hospital","nam":"Inmaculada Concepción","fdc":"IGN/OSM/SISA","sag":"IGN"},"bbox":[-57.89445252,-28.39145908,-57.89445252,-28.39145908]},{"type":"Feature","id":"salud_020801.15807","geometry":{"type":"Point","coordinates":[-58.28760355,-28.30825567]},"geometry_name":"geom","properties":{"gid":15807,"entidad":0,"fna":"Hospital Virgen de Itatí","gna":"Hospital","nam":"Virgen de Itatí","fdc":"IGN/SISA","sag":"IGN"},"bbox":[-58.28760355,-28.30825567,-58.28760355,-28.30825567]},{"type":"Feature","id":"salud_020801.15808","geometry":{"type":"Point","coordinates":[-58.81338291,-27.95420525]},"geometry_name":"geom","properties":{"gid":15808,"entidad":0,"fna":"Hospital Doctor Jaime Mario Dávila","gna":"Hospital","nam":"Doctor Jaime Mario Dávila","fdc":"IGN/SISA","sag":"IGN"},"bbox":[-58.81338291,-27.95420525,-58.81338291,-27.95420525]},{"type":"Feature","id":"salud_020801.15809","geometry":{"type":"Point","coordinates":[-59.38673332,-30.22173436]},"geometry_name":"geom","properties":{"gid":15809,"entidad":0,"fna":"Centro de Salud Pueblo Libertador","gna":"Centro de Salud","nam":"Pueblo Libertador","fdc":"IGN/SISA","sag":"IGN"},"bbox":[-59.38673332,-30.22173436,-59.38673332,-30.22173436]},{"type":"Feature","id":"salud_020801.15810","geometry":{"type":"Point","coordinates":[-59.24642591,-29.13677901]},"geometry_name":"geom","properties":{"gid":15810,"entidad":0,"fna":"Hospital Regional Profesor Doctor Camilo Muniagurria","gna":"Hospital Regional","nam":"Profesor Doctor Camilo Muniagurria","fdc":"IGN/SISA","sag":"IGN"},"bbox":[-59.24642591,-29.13677901,-59.24642591,-29.13677901]},{"type":"Feature","id":"salud_020801.15811","geometry":{"type":"Point","coordinates":[-58.24839692,-27.27408994]},"geometry_name":"geom","properties":{"gid":15811,"entidad":0,"fna":"Hospital Doctores Juan C. y Alberto J. García","gna":"Hospital","nam":"Doctores Juan C. y Alberto J. García","fdc":"IGN/SISA","sag":"IGN"},"bbox":[-58.24839692,-27.27408994,-58.24839692,-27.27408994]},{"type":"Feature","id":"salud_020801.15812","geometry":{"type":"Point","coordinates":[-59.10127863,-28.9919522]},"geometry_name":"geom","properties":{"gid":15812,"entidad":0,"fna":"Hospital Doctor Juan Ramón Gómez","gna":"Hospital","nam":"Doctor Juan Ramón Gómez","fdc":"IGN/SISA","sag":"IGN"},"bbox":[-59.10127863,-28.9919522,-59.10127863,-28.9919522]},{"type":"Feature","id":"salud_020801.15813","geometry":{"type":"Point","coordinates":[-58.07876349,-29.18925412]},"geometry_name":"geom","properties":{"gid":15813,"entidad":0,"fna":"Hospital Mercedes","gna":"Hospital","nam":"Mercedes","fdc":"IGN/SISA","sag":"IGN"},"bbox":[-58.07876349,-29.18925412,-58.07876349,-29.18925412]},{"type":"Feature","id":"salud_020801.15814","geometry":{"type":"Point","coordinates":[-58.76901927,-28.13845581]},"geometry_name":"geom","properties":{"gid":15814,"entidad":0,"fna":"Centro de Salud San Lorenzo","gna":"Centro de Salud","nam":"San Lorenzo","fdc":"IGN/SISA","sag":"IGN"},"bbox":[-58.76901927,-28.13845581,-58.76901927,-28.13845581]},{"type":"Feature","id":"salud_020801.15815","geometry":{"type":"Point","coordinates":[-58.57567563,-27.32040242]},"geometry_name":"geom","properties":{"gid":15815,"entidad":0,"fna":"Hospital Doctor Eduardo Andrés Cicconetti","gna":"Hospital","nam":"Doctor Eduardo Andrés Cicconetti","fdc":"IGN/SISA","sag":"IGN"},"bbox":[-58.57567563,-27.32040242,-58.57567563,-27.32040242]},{"type":"Feature","id":"salud_020801.15816","geometry":{"type":"Point","coordinates":[-58.82762994,-28.84364269]},"geometry_name":"geom","properties":{"gid":15816,"entidad":0,"fna":"Hospital Juan Romero","gna":"Hospital","nam":"Juan Romero","fdc":"IGN/SISA","sag":"IGN"},"bbox":[-58.82762994,-28.84364269,-58.82762994,-28.84364269]},{"type":"Feature","id":"salud_020801.15817","geometry":{"type":"Point","coordinates":[-55.65114478,-28.17243628]},"geometry_name":"geom","properties":{"gid":15817,"entidad":0,"fna":"Centro de Salud Garruchos","gna":"Centro de Salud","nam":"Garruchos","fdc":"IGN/SISA","sag":"IGN"},"bbox":[-55.65114478,-28.17243628,-55.65114478,-28.17243628]},{"type":"Feature","id":"salud_020801.15818","geometry":{"type":"Point","coordinates":[-56.01493748,-28.05438557]},"geometry_name":"geom","properties":{"gid":15818,"entidad":0,"fna":"Hospital Doctor Miguel Sussini","gna":"Hospital","nam":"Doctor Miguel Sussini","fdc":"IGN/SISA","sag":"IGN"},"bbox":[-56.01493748,-28.05438557,-56.01493748,-28.05438557]},{"type":"Feature","id":"salud_020801.15819","geometry":{"type":"Point","coordinates":[-58.83896863,-27.47940537]},"geometry_name":"geom","properties":{"gid":15819,"entidad":0,"fna":"Hospital Jose Ramón Vidal","gna":"Hospital","nam":"Jose Ramón Vidal","fdc":"IGN/SISA","sag":"IGN"},"bbox":[-58.83896863,-27.47940537,-58.83896863,-27.47940537]},{"type":"Feature","id":"salud_020801.15820","geometry":{"type":"Point","coordinates":[-58.81064842,-27.47215481]},"geometry_name":"geom","properties":{"gid":15820,"entidad":0,"fna":"Hospital Ángela Iglesia de Llano","gna":"Hospital","nam":"Ángela Iglesia de Llano","fdc":"IGN/SISA","sag":"IGN"},"bbox":[-58.81064842,-27.47215481,-58.81064842,-27.47215481]},{"type":"Feature","id":"salud_020801.15821","geometry":{"type":"Point","coordinates":[-54.88807718,-27.10428335]},"geometry_name":"geom","properties":{"gid":15821,"entidad":0,"fna":"Hospital Aristóbulo del Valle","gna":"Hospital","nam":"Aristóbulo del Valle","fdc":"IGN/OSM/SISA","sag":"IGN"},"bbox":[-54.88807718,-27.10428335,-54.88807718,-27.10428335]},{"type":"Feature","id":"salud_020801.15822","geometry":{"type":"Point","coordinates":[-55.74528927,-27.46242154]},"geometry_name":"geom","properties":{"gid":15822,"entidad":0,"fna":"Hospital Candelaria","gna":"Hospital","nam":"Candelaria","fdc":"IGN/OSM/SISA","sag":"IGN"},"bbox":[-55.74528927,-27.46242154,-55.74528927,-27.46242154]},{"type":"Feature","id":"salud_020801.15823","geometry":{"type":"Point","coordinates":[-55.52096672,-27.9824998]},"geometry_name":"geom","properties":{"gid":15823,"entidad":0,"fna":"Hospital Concepción de la Sierra","gna":"Hospital","nam":"Concepción de la Sierra","fdc":"IGN/OSM/SISA","sag":"IGN"},"bbox":[-55.52096672,-27.9824998,-55.52096672,-27.9824998]},{"type":"Feature","id":"salud_020801.15824","geometry":{"type":"Point","coordinates":[-54.59729719,-26.40474525]},"geometry_name":"geom","properties":{"gid":15824,"entidad":0,"fna":"Hospital Eldorado","gna":"Hospital","nam":"Eldorado","fdc":"IGN/OSM/SISA","sag":"IGN"},"bbox":[-54.59729719,-26.40474525,-54.59729719,-26.40474525]},{"type":"Feature","id":"salud_020801.15825","geometry":{"type":"Point","coordinates":[-54.60436083,-26.23221661]},"geometry_name":"geom","properties":{"gid":15825,"entidad":0,"fna":"Hospital Padre Enrique de Mazzorra","gna":"Hospital","nam":"Padre Enrique de Mazzorra","fdc":"IGN/SISA","sag":"IGN"},"bbox":[-54.60436083,-26.23221661,-54.60436083,-26.23221661]},{"type":"Feature","id":"salud_020801.15826","geometry":{"type":"Point","coordinates":[-53.65135233,-26.24931616]},"geometry_name":"geom","properties":{"gid":15826,"entidad":0,"fna":"Hospital Bernardo de Irigoyen","gna":"Hospital","nam":"Bernardo de Irigoyen","fdc":"IGN/OSM/SISA","sag":"IGN"},"bbox":[-53.65135233,-26.24931616,-53.65135233,-26.24931616]},{"type":"Feature","id":"salud_020801.15827","geometry":{"type":"Point","coordinates":[-55.0516948,-27.33263261]},"geometry_name":"geom","properties":{"gid":15827,"entidad":0,"fna":"Hospital Campo Viera","gna":"Hospital","nam":"Campo Viera","fdc":"IGN/OSM/SISA","sag":"IGN"},"bbox":[-55.0516948,-27.33263261,-55.0516948,-27.33263261]},{"type":"Feature","id":"salud_020801.15828","geometry":{"type":"Point","coordinates":[-54.4770813,-26.98823028]},"geometry_name":"geom","properties":{"gid":15828,"entidad":0,"fna":"Hospital San Vicente","gna":"Hospital","nam":"San Vicente","fdc":"IGN/SISA/Street View","sag":"IGN"},"bbox":[-54.4770813,-26.98823028,-54.4770813,-26.98823028]},{"type":"Feature","id":"salud_020801.15829","geometry":{"type":"Point","coordinates":[-55.48478012,-27.62636001]},"geometry_name":"geom","properties":{"gid":15829,"entidad":0,"fna":"Centro de Atención Primaria de la Salud Santa Teresita","gna":"Centro de Atención Primaria de la Salud","nam":"Santa Teresita","fdc":"IGN/SISA","sag":"IGN"},"bbox":[-55.48478012,-27.62636001,-55.48478012,-27.62636001]},{"type":"Feature","id":"salud_020801.15830","geometry":{"type":"Point","coordinates":[-55.33013992,-27.60788497]},"geometry_name":"geom","properties":{"gid":15830,"entidad":0,"fna":"Hospital Doctor Juan Fernando Alegre","gna":"Hospital","nam":"Doctor Juan Fernando Alegre","fdc":"IGN/OSM/SISA","sag":"IGN"},"bbox":[-55.33013992,-27.60788497,-55.33013992,-27.60788497]},{"type":"Feature","id":"salud_020801.15831","geometry":{"type":"Point","coordinates":[-55.13755649,-27.86892151]},"geometry_name":"geom","properties":{"gid":15831,"entidad":0,"fna":"Hospital de Área Doctor Lizardo Morales","gna":"Hospital de Área","nam":"Doctor Lizardo Morales","fdc":"IGN/OSM/SIISA/Street View","sag":"IGN"},"bbox":[-55.13755649,-27.86892151,-55.13755649,-27.86892151]},{"type":"Feature","id":"salud_020801.16186","geometry":{"type":"Point","coordinates":[-55.88916126,-27.3832968]},"geometry_name":"geom","properties":{"gid":16186,"entidad":0,"fna":"Hospital Materno Neonatal Nivel III","gna":"Hospital Materno Neonatal","nam":"Nivel III","fdc":"IGN/Street View","sag":"IGN"},"bbox":[-55.88916126,-27.3832968,-55.88916126,-27.3832968]},{"type":"Feature","id":"salud_020801.16187","geometry":{"type":"Point","coordinates":[-55.89161115,-27.38389072]},"geometry_name":"geom","properties":{"gid":16187,"entidad":0,"fna":"Hospital Neonatal Posadas","gna":"Hospital Neonatal","nam":"Posadas","fdc":"IGN/OSM","sag":"IGN"},"bbox":[-55.89161115,-27.38389072,-55.89161115,-27.38389072]},{"type":"Feature","id":"salud_020801.16191","geometry":{"type":"Point","coordinates":[-58.35775342,-26.39661799]},"geometry_name":"geom","properties":{"gid":16191,"entidad":0,"fna":"Centro de Salud Tatané","gna":"Centro de Salud","nam":"Tatané","fdc":"IGN/OSM","sag":"IGN"},"bbox":[-58.35775342,-26.39661799,-58.35775342,-26.39661799]},{"type":"Feature","id":"salud_020801.16193","geometry":{"type":"Point","coordinates":[-55.88870344,-27.38254161]},"geometry_name":"geom","properties":{"gid":16193,"entidad":0,"fna":"Centro de Oncología y Terapia Radiante","gna":"Centro de Oncología y Terapia Radiante","nam":null,"fdc":"IGN/OSM","sag":"IGN"},"bbox":[-55.88870344,-27.38254161,-55.88870344,-27.38254161]},{"type":"Feature","id":"salud_020801.16194","geometry":{"type":"Point","coordinates":[-62.42624375,-34.1299364]},"geometry_name":"geom","properties":{"gid":16194,"entidad":0,"fna":"Centro de Salud Amenábar","gna":"Centro de Salud","nam":"Amenábar","fdc":"IGN/OSM/SIISA","sag":"IGN"},"bbox":[-62.42624375,-34.1299364,-62.42624375,-34.1299364]},{"type":"Feature","id":"salud_020801.16195","geometry":{"type":"Point","coordinates":[-60.7054103,-31.64998103]},"geometry_name":"geom","properties":{"gid":16195,"entidad":0,"fna":"Centro de Especialidades Médicas Ambulatorias Héroes de Malvinas","gna":"Centro de Especialidades Médicas Ambulatorias","nam":"Héroes de Malvinas","fdc":"IGN/OSM/SISA","sag":"IGN"},"bbox":[-60.7054103,-31.64998103,-60.7054103,-31.64998103]},{"type":"Feature","id":"salud_020801.16197","geometry":{"type":"Point","coordinates":[-54.10773199,-26.61879438]},"geometry_name":"geom","properties":{"gid":16197,"entidad":0,"fna":"Hospital San Pedro","gna":"Hospital","nam":"San Pedro","fdc":"IGN/OSM/SISA","sag":"IGN"},"bbox":[-54.10773199,-26.61879438,-54.10773199,-26.61879438]},{"type":"Feature","id":"salud_020801.16198","geometry":{"type":"Point","coordinates":[-54.68305757,-27.56523113]},"geometry_name":"geom","properties":{"gid":16198,"entidad":0,"fna":"Hospital Alba Posse","gna":"Hospital","nam":"Alba Posse","fdc":"IGN/OSM/SISA","sag":"IGN"},"bbox":[-54.68305757,-27.56523113,-54.68305757,-27.56523113]},{"type":"Feature","id":"salud_020801.16200","geometry":{"type":"Point","coordinates":[-54.88820115,-26.852626]},"geometry_name":"geom","properties":{"gid":16200,"entidad":0,"fna":"Puesto de Salud San Miguel","gna":"Puesto de Salud","nam":"San Miguel","fdc":"IGN/OSM","sag":"IGN"},"bbox":[-54.88820115,-26.852626,-54.88820115,-26.852626]},{"type":"Feature","id":"salud_020801.16201","geometry":{"type":"Point","coordinates":[-60.80933035,-32.90605532]},"geometry_name":"geom","properties":{"gid":16201,"entidad":0,"fna":"Centro de Salud Eva Perón","gna":"Centro de Salud","nam":"Eva Perón","fdc":"IGN/OSM/Sitio de la Municipalidad","sag":"IGN"},"bbox":[-60.80933035,-32.90605532,-60.80933035,-32.90605532]},{"type":"Feature","id":"salud_020801.16204","geometry":{"type":"Point","coordinates":[-60.91032061,-32.90081314]},"geometry_name":"geom","properties":{"gid":16204,"entidad":0,"fna":"Hospital Rural Nº 61","gna":"Hospital Rural","nam":"Nº 61","fdc":"IGN/OSM/Street View","sag":"IGN"},"bbox":[-60.91032061,-32.90081314,-60.91032061,-32.90081314]},{"type":"Feature","id":"salud_020801.16205","geometry":{"type":"Point","coordinates":[-60.63084486,-32.95622395]},"geometry_name":"geom","properties":{"gid":16205,"entidad":0,"fna":"Hospital Provincial Rosaro","gna":"Hospital Provincial","nam":"Rosario","fdc":"IGN/OSM/SISA","sag":"IGN"},"bbox":[-60.63084486,-32.95622395,-60.63084486,-32.95622395]},{"type":"Feature","id":"salud_020801.16206","geometry":{"type":"Point","coordinates":[-60.72814358,-31.58363259]},"geometry_name":"geom","properties":{"gid":16206,"entidad":0,"fna":"Hospital José María Iturraspe","gna":"Hospital","nam":"José María Iturraspe","fdc":"IGN/Sitio web Pcial.","sag":"IGN"},"bbox":[-60.72814358,-31.58363259,-60.72814358,-31.58363259]},{"type":"Feature","id":"salud_020801.16208","geometry":{"type":"Point","coordinates":[-60.42585621,-26.33943899]},"geometry_name":"geom","properties":{"gid":16208,"entidad":0,"fna":"Nuevo Hospital Tres Isletas","gna":"Nuevo Hospital","nam":"Tres Isletas","fdc":"IGN/OSM","sag":"IGN"},"bbox":[-60.42585621,-26.33943899,-60.42585621,-26.33943899]},{"type":"Feature","id":"salud_020801.16213","geometry":{"type":"Point","coordinates":[-61.50098006,-31.24415]},"geometry_name":"geom","properties":{"gid":16213,"entidad":0,"fna":"Servicio para la Atención Médica de la Comunidad Doctor Jaime Ferré","gna":"Servicio para la Atención Médica de la Comunidad","nam":"Doctor Jaime Ferré","fdc":"IGN/OSM/SISA","sag":"IGN"},"bbox":[-61.50098006,-31.24415,-61.50098006,-31.24415]},{"type":"Feature","id":"salud_020801.16215","geometry":{"type":"Point","coordinates":[-58.91996361,-29.01878295]},"geometry_name":"geom","properties":{"gid":16215,"entidad":0,"fna":"Centro de Salud Doctor Arturo Illia","gna":"Centro de Salud","nam":"Doctor Arturo Illia","fdc":"IGN/OSM/Ministerio de Salud Pcial.","sag":"IGN"},"bbox":[-58.91996361,-29.01878295,-58.91996361,-29.01878295]},{"type":"Feature","id":"salud_020801.16223","geometry":{"type":"Point","coordinates":[-60.44681804,-26.80165902]},"geometry_name":"geom","properties":{"gid":16223,"entidad":0,"fna":"Centro Clínico Alta Complejidad de la UNCAUS","gna":"Centro Clínico Alta Complejidad","nam":"de la UNCAUS","fdc":"IGN/SISA/Sitio web de la institución","sag":"IGN"},"bbox":[-60.44681804,-26.80165902,-60.44681804,-26.80165902]},{"type":"Feature","id":"salud_020801.16229","geometry":{"type":"Point","coordinates":[-59.52358919,-30.02211802]},"geometry_name":"geom","properties":{"gid":16229,"entidad":0,"fna":"Centro de Salud San Antonio","gna":"Centro de Salud","nam":"San Antonio","fdc":"IGN","sag":"IGN"},"bbox":[-59.52358919,-30.02211802,-59.52358919,-30.02211802]},{"type":"Feature","id":"salud_020801.16234","geometry":{"type":"Point","coordinates":[-60.8691248,-32.53264697]},"geometry_name":"geom","properties":{"gid":16234,"entidad":0,"fna":"Colonia Psiquiátrica Doctor Abelardo Freyre","gna":"Colonia Psiquiátrica","nam":"Doctor Abelardo Freyre","fdc":"IGN/SISA","sag":"IGN"},"bbox":[-60.8691248,-32.53264697,-60.8691248,-32.53264697]},{"type":"Feature","id":"salud_020801.16243","geometry":{"type":"Point","coordinates":[-59.99095379,-31.23182833]},"geometry_name":"geom","properties":{"gid":16243,"entidad":0,"fna":"Hospital José de San Martín","gna":"Hospital","nam":"José de San Martín","fdc":"IGN/SISA","sag":"IGN"},"bbox":[-59.99095379,-31.23182833,-59.99095379,-31.23182833]},{"type":"Feature","id":"salud_020801.16249","geometry":{"type":"Point","coordinates":[-60.53615798,-31.74948527]},"geometry_name":"geom","properties":{"gid":16249,"entidad":0,"fna":"Hospital Militar Cirujano de Division Doctor Francisco Soler","gna":"Hospital Militar","nam":"Cirujano de Division Doctor Francisco Soler","fdc":"IGN/SISA","sag":"IGN"},"bbox":[-60.53615798,-31.74948527,-60.53615798,-31.74948527]},{"type":"Feature","id":"salud_020801.16254","geometry":{"type":"Point","coordinates":[-60.72442659,-31.65330802]},"geometry_name":"geom","properties":{"gid":16254,"entidad":0,"fna":"Hospital de Rehabilitación Doctor Vera Candioti","gna":"Hospital de Rehabilitación","nam":"Doctor Vera Candioti","fdc":"IGN/SISA","sag":"IGN"},"bbox":[-60.72442659,-31.65330802,-60.72442659,-31.65330802]},{"type":"Feature","id":"salud_020801.16255","geometry":{"type":"Point","coordinates":[-55.95282727,-27.39857968]},"geometry_name":"geom","properties":{"gid":16255,"entidad":0,"fna":"Hospital de Rehabilitación en Salud Mental Doctor Ramón Carrillo","gna":"Hospital de Rehabilitación en Salud Mental","nam":"Doctor Ramón Carrillo","fdc":"IGN/SISA","sag":"IGN"},"bbox":[-55.95282727,-27.39857968,-55.95282727,-27.39857968]},{"type":"Feature","id":"salud_020801.16264","geometry":{"type":"Point","coordinates":[-61.69012245,-24.42691065]},"geometry_name":"geom","properties":{"gid":16264,"entidad":0,"fna":"Hospital Doctor Arturo Umberto Illia","gna":"Hospital","nam":"Doctor Arturo Umberto Illia","fdc":"IGN/SISA","sag":"IGN"},"bbox":[-61.69012245,-24.42691065,-61.69012245,-24.42691065]},{"type":"Feature","id":"salud_020801.16265","geometry":{"type":"Point","coordinates":[-60.61738203,-31.85553326]},"geometry_name":"geom","properties":{"gid":16265,"entidad":0,"fna":"Hospital Doctor Enrique Fidanza","gna":"Hospital","nam":"Doctor Enrique Fidanza","fdc":"IGN/SISA","sag":"IGN"},"bbox":[-60.61738203,-31.85553326,-60.61738203,-31.85553326]},{"type":"Feature","id":"salud_020801.16268","geometry":{"type":"Point","coordinates":[-60.49687077,-31.72377424]},"geometry_name":"geom","properties":{"gid":16268,"entidad":0,"fna":"Hospital Escuela Salud Mental Roballos","gna":"Hospital Escuela","nam":"Salud Mental Roballos","fdc":"IGN/SISA","sag":"IGN"},"bbox":[-60.49687077,-31.72377424,-60.49687077,-31.72377424]},{"type":"Feature","id":"salud_020801.16269","geometry":{"type":"Point","coordinates":[-58.83575524,-27.4747241]},"geometry_name":"geom","properties":{"gid":16269,"entidad":0,"fna":"Hospital Escuela José Francisco de San Martín","gna":"Hospital Escuela","nam":"José Francisco de San Martín","fdc":"IGN/SISA","sag":"IGN"},"bbox":[-58.83575524,-27.4747241,-58.83575524,-27.4747241]},{"type":"Feature","id":"salud_020801.16270","geometry":{"type":"Point","coordinates":[-58.83443535,-27.47207629]},"geometry_name":"geom","properties":{"gid":16270,"entidad":0,"fna":"Hospital Geriátrico de Agudos Juana Francisca Cabral","gna":"Hospital Geriatrico de Agudos","nam":"Juana Francisca Cabral","fdc":"IGN/SISA","sag":"IGN"},"bbox":[-58.83443535,-27.47207629,-58.83443535,-27.47207629]},{"type":"Feature","id":"salud_020801.16271","geometry":{"type":"Point","coordinates":[-57.33725942,-27.42492308]},"geometry_name":"geom","properties":{"gid":16271,"entidad":0,"fna":"Hospital Inmaculada Concepción","gna":"Hospital","nam":"Inmaculada Concepción","fdc":"IGN/SISA","sag":"IGN"},"bbox":[-57.33725942,-27.42492308,-57.33725942,-27.42492308]},{"type":"Feature","id":"salud_020801.16274","geometry":{"type":"Point","coordinates":[-60.08674038,-31.38736306]},"geometry_name":"geom","properties":{"gid":16274,"entidad":0,"fna":"Hospital Libertador General San Martín","gna":"Hospital","nam":"Libertador General San Martín","fdc":"IGN/SISA","sag":"IGN"},"bbox":[-60.08674038,-31.38736306,-60.08674038,-31.38736306]},{"type":"Feature","id":"salud_020801.16277","geometry":{"type":"Point","coordinates":[-58.83907207,-27.4800964]},"geometry_name":"geom","properties":{"gid":16277,"entidad":0,"fna":"Hospital Materno Neonatal Eloísa Torrent de Vidal","gna":"Hospital Materno Neonatal","nam":"Eloisa Torrent de Vidal","fdc":"IGN/SISA","sag":"IGN"},"bbox":[-58.83907207,-27.4800964,-58.83907207,-27.4800964]},{"type":"Feature","id":"salud_020801.16301","geometry":{"type":"Point","coordinates":[-60.22138258,-29.45434964]},"geometry_name":"geom","properties":{"gid":16301,"entidad":0,"fna":"Hospital Vera","gna":"Hospital","nam":"Vera","fdc":"IGN/SISA","sag":"IGN"},"bbox":[-60.22138258,-29.45434964,-60.22138258,-29.45434964]},{"type":"Feature","id":"salud_020801.16315","geometry":{"type":"Point","coordinates":[-61.26710731,-31.44142057]},"geometry_name":"geom","properties":{"gid":16315,"entidad":0,"fna":"Servicio para la Atención Médica de la Comunidad José María Vionet","gna":"Servicio para la Atención Médica de la Comunidad","nam":"José María Vionet","fdc":"IGN/SISA","sag":"IGN"},"bbox":[-61.26710731,-31.44142057,-61.26710731,-31.44142057]},{"type":"Feature","id":"salud_020801.16319","geometry":{"type":"Point","coordinates":[-55.8972235,-27.39748335]},"geometry_name":"geom","properties":{"gid":16319,"entidad":0,"fna":"Centro de Atención Primaria de la Salud Nº 12 Villa Flor","gna":"Centro de Atención Primaria de la Salud","nam":"Nº 12 Villa Flor","fdc":"IGN/Sitio web de la Municipalidad","sag":"IGN"},"bbox":[-55.8972235,-27.39748335,-55.8972235,-27.39748335]},{"type":"Feature","id":"salud_020801.16320","geometry":{"type":"Point","coordinates":[-55.90680067,-27.3968072]},"geometry_name":"geom","properties":{"gid":16320,"entidad":0,"fna":"Centro de Atención Primaria de la Salud N° 29 Chacra 32-33","gna":"Centro de Atención Primaria de la Salud","nam":"N° 29 Chacra 32-33","fdc":"IGN/Sitio web de la Municipalidad","sag":"IGN"},"bbox":[-55.90680067,-27.3968072,-55.90680067,-27.3968072]},{"type":"Feature","id":"salud_020801.16321","geometry":{"type":"Point","coordinates":[-55.95614682,-27.41408024]},"geometry_name":"geom","properties":{"gid":16321,"entidad":0,"fna":"Centro de Atención Primaria de la Salud Nº 32 Barrio Itaembé Miní","gna":"Centro de Atención Primaria de la Salud","nam":"Nº 32 Barrio Itaembé Miní","fdc":"IGN/Sitio web de la Municipalidad","sag":"IGN"},"bbox":[-55.95614682,-27.41408024,-55.95614682,-27.41408024]},{"type":"Feature","id":"salud_020801.16322","geometry":{"type":"Point","coordinates":[-55.90150385,-27.41708913]},"geometry_name":"geom","properties":{"gid":16322,"entidad":0,"fna":"Centro de Atención Primaria de la Salud Nº 17 El Zaimán","gna":"Centro de Atención Primaria de la Salud","nam":"Nº 17 El Zaimán","fdc":"IGN/Sitio web de la Municipalidad","sag":"IGN"},"bbox":[-55.90150385,-27.41708913,-55.90150385,-27.41708913]},{"type":"Feature","id":"salud_020801.16323","geometry":{"type":"Point","coordinates":[-55.91301509,-27.43557389]},"geometry_name":"geom","properties":{"gid":16323,"entidad":0,"fna":"Centro de Atención Primaria de la Salud Nº 23 Nueva Esperanza","gna":"Centro de Atención Primaria de la Salud","nam":"Nº 23 Nueva Esperanza","fdc":"IGN/Sitio web de la Municipalidad","sag":"IGN"},"bbox":[-55.91301509,-27.43557389,-55.91301509,-27.43557389]},{"type":"Feature","id":"salud_020801.16324","geometry":{"type":"Point","coordinates":[-55.93183979,-27.45301288]},"geometry_name":"geom","properties":{"gid":16324,"entidad":0,"fna":"Centro de Atención Primaria de la Salud Néstor Kirchner","gna":"Centro de Atención Primaria de la Salud","nam":"Néstor Kirchner","fdc":"IGN/Sitio web de la Municipalidad","sag":"IGN"},"bbox":[-55.93183979,-27.45301288,-55.93183979,-27.45301288]},{"type":"Feature","id":"salud_020801.16325","geometry":{"type":"Point","coordinates":[-55.97025642,-27.48124601]},"geometry_name":"geom","properties":{"gid":16325,"entidad":0,"fna":"Centro de Atención Primaria de la Salud San Isidro Oleros","gna":"Centro de Atención Primaria de la Salud","nam":"San Isidro Oleros","fdc":"IGN/Sitio web de la Municipalidad","sag":"IGN"},"bbox":[-55.97025642,-27.48124601,-55.97025642,-27.48124601]},{"type":"Feature","id":"salud_020801.16328","geometry":{"type":"Point","coordinates":[-60.69394995,-31.57172723]},"geometry_name":"geom","properties":{"gid":16328,"entidad":0,"fna":"Centro de Salud Cabaña Leiva","gna":"Centro de Salud","nam":"Cabaña Leiva","fdc":"IGN/Sitio web de la Municipalidad","sag":"IGN"},"bbox":[-60.69394995,-31.57172723,-60.69394995,-31.57172723]},{"type":"Feature","id":"salud_020801.16329","geometry":{"type":"Point","coordinates":[-60.70552223,-31.59427112]},"geometry_name":"geom","properties":{"gid":16329,"entidad":0,"fna":"Centro de Salud Emaús","gna":"Centro de Salud","nam":"Emaús","fdc":"IGN/Sitio web de la Municipalidad","sag":"IGN"},"bbox":[-60.70552223,-31.59427112,-60.70552223,-31.59427112]},{"type":"Feature","id":"salud_020801.16330","geometry":{"type":"Point","coordinates":[-60.70741738,-31.62965415]},"geometry_name":"geom","properties":{"gid":16330,"entidad":0,"fna":"Centro de Salud Quilmes","gna":"Centro de Salud","nam":"Quilmes","fdc":"IGN/Sitio web de la Municipalidad","sag":"IGN"},"bbox":[-60.70741738,-31.62965415,-60.70741738,-31.62965415]},{"type":"Feature","id":"salud_020801.16331","geometry":{"type":"Point","coordinates":[-60.69879469,-31.59256092]},"geometry_name":"geom","properties":{"gid":16331,"entidad":0,"fna":"Centro de Salud San Martín de Porres","gna":"Centro de Salud","nam":"San Martín de Porres","fdc":"IGN/Sitio web de la Municipalidad","sag":"IGN"},"bbox":[-60.69879469,-31.59256092,-60.69879469,-31.59256092]},{"type":"Feature","id":"salud_020801.16332","geometry":{"type":"Point","coordinates":[-60.71949,-31.60647806]},"geometry_name":"geom","properties":{"gid":16332,"entidad":0,"fna":"Centro de Salud Hipódromo","gna":"Centro de Salud","nam":"Hipódromo","fdc":"IGN/SISA/Sitio web de la Municipalidad","sag":"IGN"},"bbox":[-60.71949,-31.60647806,-60.71949,-31.60647806]},{"type":"Feature","id":"salud_020801.16333","geometry":{"type":"Point","coordinates":[-60.63414769,-32.97865952]},"geometry_name":"geom","properties":{"gid":16333,"entidad":0,"fna":"Centro de Salud Doctor Luis Pasteur","gna":"Centro de Salud","nam":"Doctor Luis Pasteur","fdc":"IGN/IDE Rosario","sag":"IGN"},"bbox":[-60.63414769,-32.97865952,-60.63414769,-32.97865952]},{"type":"Feature","id":"salud_020801.16340","geometry":{"type":"Point","coordinates":[-59.7293949,-32.1376837]},"geometry_name":"geom","properties":{"gid":16340,"entidad":0,"fna":"Centro de Salud Doctor Arturo Illia","gna":"Centro de Salud","nam":"Doctor Arturo Illia","fdc":"IGN/SISA","sag":"IGN"},"bbox":[-59.7293949,-32.1376837,-59.7293949,-32.1376837]},{"type":"Feature","id":"salud_020801.16354","geometry":{"type":"Point","coordinates":[-58.73371731,-31.17041306]},"geometry_name":"geom","properties":{"gid":16354,"entidad":0,"fna":"Centro de Salud Francisco Ramírez","gna":"Centro de Salud","nam":"Francisco Ramírez","fdc":"IGN/Ministerio de Salud Pcial.","sag":"IGN"},"bbox":[-58.73371731,-31.17041306,-58.73371731,-31.17041306]},{"type":"Feature","id":"salud_020801.16610","geometry":{"type":"Point","coordinates":[-55.93494929,-27.39891626]},"geometry_name":"geom","properties":{"gid":16610,"entidad":0,"fna":"Centro de Atención Primaria de la Salud Dos de Abril","gna":"Centro de Atención Primaria de la Salud","nam":"Dos de Abril","fdc":"IDE Posadas","sag":"IGN"},"bbox":[-55.93494929,-27.39891626,-55.93494929,-27.39891626]}],"crs":{"type":"name","properties":{"name":"urn:ogc:def:crs:EPSG::4326"}},"sourceMetadata":{"url":"https://wms.ign.gob.ar/geoserver/ows?service=WFS&version=2.0.0&request=GetFeature&typeNames=ign%3Asalud_020801&outputFormat=application%2Fjson&srsName=EPSG%3A4326&bbox=-63.422412%2C-34.38655%2C-53.637383%2C-22.460941%2CEPSG%3A4326&count=5000&startIndex=0","timeStamp":"2026-10-10T04:20:23.126Z","bbox_numberMatched":2630,"features_selected_by_provincial_polygon":2077,"operation":"Selection only; original feature ids, geometry and properties unchanged"}}
